pl_name,hostname,default_flag,sy_snum,sy_pnum,discoverymethod,Environment,Known_cluster,disc_year,st_age,st_ageerr1,st_ageerr2,st_age_upper,disc_facility,soltype,pl_controv_flag,pl_refname,pl_orbper,pl_orbpererr1,pl_orbpererr2,pl_orbperlim,pl_orbsmax,pl_orbsmaxerr1,pl_orbsmaxerr2,pl_orbsmaxlim,pl_rade,pl_radeerr1,pl_radeerr2,pl_rad_percent,pl_mass_percent,pl_radj,pl_radjerr1,pl_radjerr2,pl_radjlim,pl_bmasse,pl_bmasseerr1,pl_bmasseerr2,pl_mass_percent,pl_bmassj,pl_bmassjerr1,pl_bmassjerr2,pl_bmassjlim,pl_bmassprov,pl_orbeccen,pl_orbeccenerr1,pl_orbeccenerr2,pl_orbeccenlim,pl_insol,pl_insolerr1,pl_insolerr2,pl_insollim,pl_eqt,pl_eqterr1,pl_eqterr2,pl_eqtlim,ttv_flag,st_refname,st_spectype,st_teff,st_tefferr1,st_tefferr2,st_tefflim,st_rad,st_raderr1,st_raderr2,st_radlim,st_mass,st_masserr1,st_masserr2,st_masslim,st_met,st_meterr1,st_meterr2,st_metlim,st_metratio,st_logg,st_loggerr1,st_loggerr2,st_logglim,sy_refname,rastr,ra,decstr,dec,sy_dist,sy_disterr1,sy_disterr2,sy_vmag,sy_vmagerr1,sy_vmagerr2,sy_kmag,sy_kmagerr1,sy_kmagerr2,sy_gaiamag,sy_gaiamagerr1,sy_gaiamagerr2,rowupdate,pl_pubdate,releasedate,Luke_Kepler_flag,st_age,st_age_Myr,pl_rade,pl_bmasse
NGTS-30 b,NGTS-30,1,1,1,Transit,,,2024,1.1,0.4,-0.4,1.5,Transiting Exoplanet Survey Satellite (TESS),Published Confirmed,0,<a refstr=BATTLEY_ET_AL_2024 href=https://ui.adsabs.harvard.edu/abs/2024A&A...686A.230B/abstract target=ref>Battley et al. 2024</a>,98.29838,0.0001,-0.00009,0,0.408,0.019,-0.019,0,10.40193409,0.35868738,-0.35868738,3.448275839,5.833333333,0.928,0.032,-0.032,0,305.1152707,17.79839079,-17.79839079,5.833333333,0.96,0.056,-0.056,0,Mass,0.294,0.014,-0.01,0,,,,,500,55,-84,0,0,<a refstr=BATTLEY_ET_AL_2024 href=https://ui.adsabs.harvard.edu/abs/2024A&A...686A.230B/abstract target=ref>Battley et al. 2024</a>,,5455,80,-80,0,0.913,0.029,-0.029,0,0.94,0.06,-0.06,0,-0.03,0.08,-0.08,0,[Fe/H],4.3,0.5,-0.5,0,<a refstr=STASSUN_ET_AL__2019 href=https://ui.adsabs.harvard.edu/abs/2019AJ....158..138S/abstract target=ref>TICv8</a>,11h34m51.57s,173.714867,-24d36m19.73s,-24.6054801,238.377,2.438,-2.389,12.537,0.214,-0.214,10.501,0.022,-0.022,12.1755,0.000179,-0.000179,15.04.24,2024-06,15.04.24,0,1.1,1100,10.40193409,305.1152707
TOI-1685 b,TOI-1685,1,1,1,Transit,,,2021,1.4,0.1,-0.1,1.5,Transiting Exoplanet Survey Satellite (TESS),Published Confirmed,0,<a refstr=EGGER_ET_AL__2025 href=https://ui.adsabs.harvard.edu/abs/2025A&A...696A..28E/abstract target=ref>Egger et al. 2025</a>,0.66913923,0.00000039,-0.00000039,0,0.01164,0.00097,-0.00097,0,1.421,0.06,-0.06,4.222378607,11.07491857,0.12677335,0.00535285,-0.00535285,0,3.07,0.34,-0.33,11.07491857,0.0096593,0.00106976,-0.0010383,0,Mass,,,,,213,55,-55,0,1000,59,-59,0,0,<a refstr=EGGER_ET_AL__2025 href=https://ui.adsabs.harvard.edu/abs/2025A&A...696A..28E/abstract target=ref>Egger et al. 2025</a>,M3 V,3470,102,-102,0,0.462,0.013,-0.013,0,0.466,0.019,-0.019,0,0.01,0.12,-0.12,0,[Fe/H],4.68,0.11,-0.11,0,<a refstr=STASSUN_ET_AL__2019 href=https://ui.adsabs.harvard.edu/abs/2019AJ....158..138S/abstract target=ref>TICv8</a>,04h34m22.55s,68.5939529,+43d02m13.34s,43.0370395,37.6153,0.0728,-0.0725,13.378,0.028,-0.028,8.758,0.02,-0.02,12.2956,0.000308,-0.000308,20.11.25,2025-04,20.11.25,0,1.4,1400,1.421,3.07
TOI-4507 b,TOI-4507,1,1,1,Transit,,,2025,0.7,0.8,-0.5,1.5,Transiting Exoplanet Survey Satellite (TESS),Published Confirmed,0,<a refstr=ESPINOZA_RETAMAL_ET_AL_2026 href=https://ui.adsabs.harvard.edu/abs/2026ApJ...996L..13E/abstract target=ref>Espinoza-Retamal et al. 2026</a>,104.61611,0.00006,-0.00006,0,0.456,0.005,-0.005,0,8.2,0.1,-0.1,1.219512195,0,0.73155626,0.00892142,-0.00892142,0,20,,,0,0.06292704,,,1,Mass,0.09,0.26,-0.06,0,,,,,,,,,0,<a refstr=ESPINOZA_RETAMAL_ET_AL_2026 href=https://ui.adsabs.harvard.edu/abs/2026ApJ...996L..13E/abstract target=ref>Espinoza-Retamal et al. 2026</a>,F,6260,80,-80,0,1.04,0.01,-0.01,0,1.11,0.02,-0.02,0,-0.06,0.05,-0.05,0,[Fe/H],4.45,0.02,-0.02,0,<a refstr=STASSUN_ET_AL__2019 href=https://ui.adsabs.harvard.edu/abs/2019AJ....158..138S/abstract target=ref>TICv8</a>,05h21m48.33s,80.4513677,-69d59m17.58s,-69.9882175,178.26,1.019,-1.008,10.806,0.009,-0.009,9.381,0.025,-0.025,10.5674,0.000515,-0.000515,15.01.26,2026-01,15.01.26,0,0.7,700,8.2,20
HD 73344 b,HD 73344,1,1,3,Transit,,,2024,1.15,0.3,-0.326,1.45,K2,Published Confirmed,0,<a refstr=SULIS_ET_AL_2024 href=https://ui.adsabs.harvard.edu/abs/2024A&A...688A..14S/abstract target=ref>Sulis et al. 2024</a>,15.611,0.00003,-0.00003,0,0.131,0.0003,-0.0002,0,2.884,0.082,-0.072,2.843273232,0,0.25729369,0.00731556,-0.00642342,0,10.48,,,0,0.03297377,,,1,Mass,0.03,0.019,-0.013,0,,,,,911,7,-7,0,0,<a refstr=SULIS_ET_AL_2024 href=https://ui.adsabs.harvard.edu/abs/2024A&A...688A..14S/abstract target=ref>Sulis et al. 2024</a>,F6 V,6252.6,1.87,-1.51,0,1.22,0.04,-0.04,0,1.2,0.02,-0.02,0,0.143,0.027,-0.015,0,[Fe/H],4.372,0.013,-0.014,0,<a refstr=STASSUN_ET_AL__2019 href=https://ui.adsabs.harvard.edu/abs/2019AJ....158..138S/abstract target=ref>TICv8</a>,08h38m45.47s,129.6894456,+23d41m06.95s,23.6852651,35.26,0.0526,-0.0525,6.89351,0.023,-0.023,5.567,0.018,-0.018,6.7468,0.000205,-0.000205,10.06.24,2024-08,10.06.24,0,1.15,1150,2.884,10.48
TOI-4515 b,TOI-4515,1,1,1,Transit,,,2024,1.2,0.2,-0.2,1.4,Transiting Exoplanet Survey Satellite (TESS),Published Confirmed,0,<a refstr=CARLEO_ET_AL__2024 href=https://ui.adsabs.harvard.edu/abs/2024A&A...682A.135C/abstract target=ref>Carleo et al. 2024</a>,15.266446,0.000013,-0.000013,0,0.118,0.001,-0.001,0,12.17,0.43,-0.43,3.533278554,2.668759812,1.086,0.039,-0.039,0,637,17,-17,2.668759812,2.005,0.052,-0.052,0,Mass,0.461,0.007,-0.007,0,,,,,705,10,-10,0,0,<a refstr=CARLEO_ET_AL__2024 href=https://ui.adsabs.harvard.edu/abs/2024A&A...682A.135C/abstract target=ref>Carleo et al. 2024</a>,G8/G9,5433,70,-70,0,0.86,0.03,-0.03,0,0.949,0.02,-0.02,0,0.05,0.03,-0.03,0,[Fe/H],4.48,0.1,-0.1,0,<a refstr=STASSUN_ET_AL__2019 href=https://ui.adsabs.harvard.edu/abs/2019AJ....158..138S/abstract target=ref>TICv8</a>,01h24m44.68s,21.1861778,+21d30m47.03s,21.5130638,193.499,1.726,-1.697,11.938,0.034,-0.034,10.134,0.018,-0.018,11.8121,0.000637,-0.000637,10.03.24,2024-02,10.03.24,0,1.2,1200,12.17,637
HD 110014 b,HD 110014,1,1,1,Radial Velocity,Field/unknown,,2009,0.95,0.4,-0.4,1.35,La Silla Observatory,Published Confirmed,0,<a refstr=DE_MEDEIROS_ET_AL__2009 href=https://ui.adsabs.harvard.edu/abs/2009A%26A...504..617D/abstract target=ref> de Medeiros et al. 2009 </a>,835.477,6.04,-6.04,0,2.14,0.03,-0.03,0,,,,#DIV/0!,9.017219024,,,,,3524.59,317.82,-317.82,9.017219024,11.09,1,-1,0,Msini,0.462,0.069,-0.069,0,,,,,,,,,0,<a refstr=DE_MEDEIROS_ET_AL__2009 href=https://ui.adsabs.harvard.edu/abs/2009A%26A...504..617D/abstract target=ref> de Medeiros et al. 2009 </a>,K2 III,4445,70,-70,0,20.9,1.1,-1.1,0,2.17,0.28,-0.28,0,0.19,0.05,-0.05,0,[Fe/H],2.1,0.1,-0.1,0,<a refstr=STASSUN_ET_AL__2019 href=https://ui.adsabs.harvard.edu/abs/2019AJ....158..138S/abstract target=ref>TICv8</a>,12h39m14.69s,189.8111935,-07d59m44.41s,-7.9956702,100.758,1.97315,-1.97315,4.64597,0.023,-0.023,2.011,0.312,-0.312,4.31048,0.0037183,-0.0037183,14.05.14,2009-09,14.05.14,0,0.95,950,,3524.59
WASP-93 b,WASP-93,1,1,1,Transit,Unconfirmed,ZariPMS/UMS,2016,0.7,0.65,-0.65,1.35,SuperWASP,Published Confirmed,0,<a refstr=HAY_ET_AL__2016 href=https://ui.adsabs.harvard.edu/abs/2016MNRAS.463.3276H/abstract target=ref>Hay et al. 2016</a>,2.7325321,0.000002,-0.000002,0,0.04211,0.00035,-0.00035,0,17.901,0.863,-0.863,4.820959723,19.72789116,1.597,0.077,-0.077,0,467.2101,92.1707,-92.1707,19.72789116,1.47,0.29,-0.29,0,Mass,0,,,0,,,,,1942,38,-38,0,0,<a refstr=HAY_ET_AL__2016 href=https://ui.adsabs.harvard.edu/abs/2016MNRAS.463.3276H/abstract target=ref>Hay et al. 2016</a>,F4,6700,100,-100,0,1.52,0.04,-0.04,0,1.33,0.03,-0.03,0,0.07,0.17,-0.17,0,[Fe/H],4.2,0.02,-0.02,0,<a refstr=STASSUN_ET_AL__2019 href=https://ui.adsabs.harvard.edu/abs/2019AJ....158..138S/abstract target=ref>TICv8</a>,00h37m50.10s,9.4587443,+51d17m19.60s,51.288778,370.284,7.938,-7.617,10.966,0.007,-0.007,9.942,0.016,-0.016,10.978,0.000447,-0.000447,06.09.16,2016-12,08.09.16,0,0.7,700,17.901,467.2101
TOI-201 b,TOI-201,1,1,1,Transit,Field/unknown,,2021,0.666,0.673,-0.442,1.339,Transiting Exoplanet Survey Satellite (TESS),Published Confirmed,0,<a refstr=HOBSON_ET_AL__2021 href=https://ui.adsabs.harvard.edu/abs/2021AJ....161..235H/abstract target=ref>Hobson et al. 2021</a>,52.97818,0.00004,-0.00004,0,0.3,0.02,-0.03,0,11.299,0.135,-0.168,1.194796,11.9047619,1.008,0.012,-0.015,0,133.4886,15.8915,-9.5349,11.9047619,0.42,0.05,-0.03,0,Mass,0.28,0.06,-0.09,0,,,,,759,37,-26,0,0,<a refstr=HOBSON_ET_AL__2021 href=https://ui.adsabs.harvard.edu/abs/2021AJ....161..235H/abstract target=ref>Hobson et al. 2021</a>,F6 V,6394,75,-75,0,1.32,0.01,-0.01,0,1.32,0.03,-0.03,0,0.24,0.036,-0.036,0,[Fe/H],4.32,0.01,-0.01,0,<a refstr=STASSUN_ET_AL__2019 href=https://ui.adsabs.harvard.edu/abs/2019AJ....158..138S/abstract target=ref>TICv8</a>,05h49m36.43s,87.4017825,-54d54m37.52s,-54.910423,113.825,0.347,-0.345,9.07,0.03,-0.03,7.846,0.024,-0.024,8.94004,0.000207,-0.000207,25.03.21,2021-05,01.04.21,0,0.666,666,11.299,133.4886
TOI-201 d,TOI-201,1,1,3,Transit,,,2026,0.666,0.673,-0.442,1.339,Transiting Exoplanet Survey Satellite (TESS),Published Confirmed,0,<a refstr=MIRELES_ET_AL_2026 href=https://ui.adsabs.harvard.edu/abs/2026SciA...12f2618M/abstract target=ref>Mireles et al. 2026</a>,5.84889,0.00009,-0.00009,0,0.0698,0.0005,-0.0005,0,1.39,0.07,-0.07,5.035971223,34.48275862,0.12400771,0.00624499,-0.00624499,0,5.8,2,-2,34.48275862,0.01824884,0.0062927,-0.0062927,0,Mass,0.3,0.1,-0.1,0,,,,,,,,,0,<a refstr=MIRELES_ET_AL_2026 href=https://ui.adsabs.harvard.edu/abs/2026SciA...12f2618M/abstract target=ref>Mireles et al. 2026</a>,F,6423,86,-90,0,1.31,0.01,-0.01,0,1.32,0.02,-0.04,0,,,,,,,,,,<a refstr=STASSUN_ET_AL__2019 href=https://ui.adsabs.harvard.edu/abs/2019AJ....158..138S/abstract target=ref>TICv8</a>,05h49m36.43s,87.4017825,-54d54m37.52s,-54.910423,113.825,0.347,-0.345,9.07,0.03,-0.03,7.846,0.024,-0.024,8.94004,0.000207,-0.000207,07.05.26,2026-04,07.05.26,0,0.666,666,1.39,5.8
HATS-70 b,HATS-70,1,1,1,Transit,Cluster/Assoc,Collinder 132,2019,0.81,0.5,-0.33,1.31,HATSouth,Published Confirmed,0,<a refstr=ZHOU_ET_AL__2019 href=https://ui.adsabs.harvard.edu/abs/2019AJ....157...31Z/abstract target=ref>Zhou et al. 2019</a>,1.8882378,0.0000015,-0.0000015,0,0.03632,0.00074,-0.00087,0,15.513,0.886,-0.829,5.711338877,13.95348837,1.384,0.079,-0.074,0,4100.007,572.094,-508.528,13.95348837,12.9,1.8,-1.6,0,Mass,0.18,,,1,9110,170,-170,0,2730,140,-160,0,0,<a refstr=ZHOU_ET_AL__2019 href=https://ui.adsabs.harvard.edu/abs/2019AJ....157...31Z/abstract target=ref>Zhou et al. 2019</a>,,7930,630,-820,0,1.88,0.06,-0.07,0,1.78,0.12,-0.12,0,0.041,0.095,-0.107,0,[Fe/H],4.17,0.04,-0.04,0,<a refstr=STASSUN_ET_AL__2019 href=https://ui.adsabs.harvard.edu/abs/2019AJ....158..138S/abstract target=ref>TICv8</a>,07h16m25.09s,109.1045212,-31d14m39.82s,-31.2443947,1458.83,68.6,-62.81,12.227,0.035,-0.035,12.04,0.026,-0.026,12.586,0.000206,-0.000206,02.12.19,2019-01,14.02.19,0,0.81,810,15.513,4100.007
WASP-194 b,WASP-194,1,1,1,Transit,,,2025,0.75,0.55,-0.55,1.3,SuperWASP,Published Confirmed,0,<a refstr=SCHANCHE_ET_AL_2025 href=https://ui.adsabs.harvard.edu/abs/2025AJ....169..334S/abstract target=ref>Schanche et al. 2025</a>,3.183387,0.0000004,-0.0000005,0,0.047,0.003,-0.003,0,15.47960235,0.9863903,-0.9863903,6.372194051,22.57240205,1.381,0.088,-0.088,0,373.1305498,84.22452786,-84.22452786,22.57240205,1.174,0.265,-0.265,0,Mass,0,,,0,1365,303,-303,0,1693,122,-122,0,0,<a refstr=SCHANCHE_ET_AL_2025 href=https://ui.adsabs.harvard.edu/abs/2025AJ....169..334S/abstract target=ref>Schanche et al. 2025</a>,,6405,200,-200,0,1.409,0.09,-0.09,0,1.29,0.08,-0.08,0,0,0.25,-0.25,0,[Fe/H],4.27,0.5,-0.5,0,<a refstr=STASSUN_ET_AL__2019 href=https://ui.adsabs.harvard.edu/abs/2019AJ....158..138S/abstract target=ref>TICv8</a>,19h41m33.05s,295.3877064,+56d13m04.10s,56.2178049,476.831,3.89,-3.829,11.985,0.046,-0.046,10.875,0.021,-0.021,11.922,0.000205,-0.000205,21.04.25,2025-06,21.04.25,0,0.75,750,15.47960235,373.1305498
K2-77 b,K2-77,1,1,1,Transit,Cluster/Assoc?,,2016,0.85,0.45,-0.45,1.3,K2,Published Confirmed,0,<a refstr=GAIDOS_ET_AL__2017 href=https://ui.adsabs.harvard.edu/abs/2017MNRAS.464..850G/abstract target=ref>Gaidos et al. 2017</a>,8.199796,0.000683,-0.000719,0,,,,,2.3,0.16,-0.16,6.956521739,0,0.205,0.014,-0.014,0,603.877,,,0,1.9,,,1,Mass,0.14,0.22,-0.09,0,58,7,-7,0,,,,,0,<a refstr=GAIDOS_ET_AL__2017 href=https://ui.adsabs.harvard.edu/abs/2017MNRAS.464..850G/abstract target=ref>Gaidos et al. 2017</a>,,4970,45,-45,0,0.76,0.03,-0.03,0,0.8,0.12,-0.12,0,0.29,0.06,-0.06,0,[Fe/H],4.47,0.13,-0.13,0,<a refstr=STASSUN_ET_AL__2019 href=https://ui.adsabs.harvard.edu/abs/2019AJ....158..138S/abstract target=ref>TICv8</a>,03h40m54.85s,55.228521,+12d34m20.81s,12.572448,141.731,0.874,-0.863,12.224,0.057,-0.057,9.799,0.018,-0.018,11.9202,0.000644,-0.000644,27.09.16,2017-01,29.09.16,0,0.85,850,2.3,603.877
Kepler-1115 b,Kepler-1115,1,1,1,Transit,,,2016,1.12,0.13,-0.082,1.25,Kepler,Published Confirmed,0,<a refstr=MORTON_ET_AL__2016 href=https://ui.adsabs.harvard.edu/abs/2016ApJ...822...86M/abstract target=ref>Morton et al. 2016</a>,23.5540725,0.0001356,-0.0001356,0,,,,,1.7,0.29,-0.2,17.05882353,#DIV/0!,0.15166384,0.02587207,-0.0178428,0,,,,#DIV/0!,,,,,,,,,,,,,,,,,,0,<a refstr=MORTON_ET_AL__2016 href=https://ui.adsabs.harvard.edu/abs/2016ApJ...822...86M/abstract target=ref>Morton et al. 2016</a>,,8480,295.98,-217.88,0,1.73,0.289,-0.203,0,1.6,0.096,-0.1,0,-0.51,0.106,-0.121,0,[Fe/H],4.17,0.085,-0.109,0,<a refstr=STASSUN_ET_AL__2019 href=https://ui.adsabs.harvard.edu/abs/2019AJ....158..138S/abstract target=ref>TICv8</a>,19h39m58.03s,294.9917723,+40d08m39.83s,40.1443964,983.245,26.145,-24.852,11.983,0.034,-0.034,11.512,0.021,-0.021,11.8822,0.000242,-0.000242,06.05.16,2016-05,10.05.16,0,1.12,1120,1.7,
WASP-121 b,WASP-121,1,1,1,Transit,,,2016,1.11,0.14,-0.14,1.25,SuperWASP,Published Confirmed,0,<a refstr=SING_ET_AL__2024 href=https://ui.adsabs.harvard.edu/abs/2024AJ....168..231S/abstract target=ref>Sing et al. 2024</a>,1.27492504,0.00000015,-0.00000015,0,0.02571,0.0001,-0.0001,0,19.52604438,0.06725388,-0.06725388,0.344431666,3.675213675,1.742,0.006,-0.006,0,371.8592362,13.6666215,-13.6666215,3.675213675,1.17,0.043,-0.043,0,Mass,,,,,,,,,2409,24,-24,0,0,<a refstr=SING_ET_AL__2024 href=https://ui.adsabs.harvard.edu/abs/2024AJ....168..231S/abstract target=ref>Sing et al. 2024</a>,,6628,66,-66,0,1.461,0.005,-0.005,0,1.33,0.019,-0.019,0,0.17,0.05,-0.05,0,[Fe/H],4.251,0.003,-0.003,0,<a refstr=STASSUN_ET_AL__2019 href=https://ui.adsabs.harvard.edu/abs/2019AJ....158..138S/abstract target=ref>TICv8</a>,07h10m24.06s,107.6002312,-39d05m50.17s,-39.0972705,269.898,1.58,-1.562,10.514,0.006,-0.006,9.374,0.022,-0.022,10.3746,0.000426,-0.000426,20.11.25,2024-12,20.11.25,0,1.11,1110,19.52604438,371.8592362
TOI-2497 b,TOI-2497,1,1,1,Transit,Field/unknown,,2023,1,0.22,-0.19,1.22,Transiting Exoplanet Survey Satellite (TESS),Published Confirmed,0,<a refstr=RODRIGUEZ_ET_AL__2023 href=https://ui.adsabs.harvard.edu/abs/2023MNRAS.tmp..609R/abstract target=ref>Rodriguez et al. 2023</a>,10.655669,0.000038,-0.000038,0,0.1166,0.0018,-0.0018,0,11.142,0.616,-0.549,5.528630407,8.50622428,0.994,0.055,-0.049,0,1531.93292,130.30965,-130.30965,8.50622428,4.82,0.41,-0.41,0,Mass,0.195,0.043,-0.04,0,,,,,1595,45,-42,0,0,<a refstr=RODRIGUEZ_ET_AL__2023 href=https://ui.adsabs.harvard.edu/abs/2023MNRAS.tmp..609R/abstract target=ref>Rodriguez et al. 2023</a>,,7360,320,-300,0,2.36,0.12,-0.11,0,1.86,0.09,-0.08,0,0.094,0.076,-0.072,0,[Fe/H],3.96,0.05,-0.05,0,<a refstr=STASSUN_ET_AL__2019 href=https://ui.adsabs.harvard.edu/abs/2019AJ....158..138S/abstract target=ref>TICv8</a>,06h00m15.02s,90.0625878,+11d53m02.61s,11.8840577,285.289,3.564,-3.479,9.547,0.004,-0.004,8.486,0.016,-0.016,9.47244,0.000262,-0.000262,15.03.23,2023-02,15.03.23,0,1,1000,11.142,1531.93292
WASP-59 b,WASP-59,1,1,1,Transit,Field/unknown,,2012,0.5,0.7,-0.4,1.2,SuperWASP,Published Confirmed,0,<a refstr=HEBRARD_ET_AL__2013 href=https://ui.adsabs.harvard.edu/abs/2013A%26A...549A.134H/abstract target=ref> Hebrard et al. 2013 </a>,7.919585,0.00001,-0.00001,0,0.0697,0.0011,-0.0011,0,8.687,0.762,-0.762,8.771727869,5.214455512,0.775,0.068,-0.068,0,274.276,14.302,-14.302,5.214455512,0.863,0.045,-0.045,0,Mass,0.1,0.042,-0.042,0,,,,,670,35,-35,0,0,<a refstr=HEBRARD_ET_AL__2013 href=https://ui.adsabs.harvard.edu/abs/2013A%26A...549A.134H/abstract target=ref> Hebrard et al. 2013 </a>,K5 V,4650,150,-150,0,0.61,0.04,-0.04,0,0.72,0.04,-0.04,0,-0.15,0.11,-0.11,0,[Fe/H],4.72,0.06,-0.06,0,<a refstr=STASSUN_ET_AL__2019 href=https://ui.adsabs.harvard.edu/abs/2019AJ....158..138S/abstract target=ref>TICv8</a>,23h18m29.51s,349.6229547,+24d53m21.40s,24.889277,115.936,0.574,-0.568,12.659,0.057,-0.057,9.723,0.018,-0.018,12.3142,0.000269,-0.000269,14.05.14,2013-01,14.05.14,0,0.5,500,8.687,274.276
Kepler-66 b,Kepler-66,1,1,1,Transit,Cluster/Assoc,NGC 6811,2013,1,0.17,-0.17,1.17,Kepler,Published Confirmed,0,<a refstr=MEIBOM_ET_AL__2013 href=https://ui.adsabs.harvard.edu/abs/2013Natur.499...55M/abstract target=ref> Meibom et al. 2013 </a>,17.815815,0.000075,-0.000075,0,0.1352,0.0017,-0.0017,0,2.8,0.16,-0.16,5.714285714,#DIV/0!,0.25,0.014,-0.014,0,,,,#DIV/0!,,,,,,,,,,,,,,,,,,0,<a refstr=MEIBOM_ET_AL__2013 href=https://ui.adsabs.harvard.edu/abs/2013Natur.499...55M/abstract target=ref> Meibom et al. 2013 </a>,G0 V,5962,79,-79,0,0.966,0.042,-0.042,0,1.038,0.044,-0.044,0,-0.2,0.1,-0.1,0,[M/H],4.484,0.023,-0.023,0,<a refstr=STASSUN_ET_AL__2019 href=https://ui.adsabs.harvard.edu/abs/2019AJ....158..138S/abstract target=ref>TICv8</a>,19h35m55.57s,293.9815378,+46d41m15.82s,46.687728,1202.96,37.295,-37.295,15.29,0.115,-0.115,13.621,0.045,-0.045,15.1474,0.000705,-0.000705,14.05.14,2013-07,14.05.14,0,1,1000,2.8,
Kepler-67 b,Kepler-67,1,1,1,Transit,Cluster/Assoc,NGC 6811,2013,1,0.17,-0.17,1.17,Kepler,Published Confirmed,0,<a refstr=MEIBOM_ET_AL__2013 href=https://ui.adsabs.harvard.edu/abs/2013Natur.499...55M/abstract target=ref> Meibom et al. 2013 </a>,15.7259,0.00011,-0.00011,0,0.1171,0.0015,-0.0015,0,2.94,0.16,-0.16,5.442176871,#DIV/0!,0.262,0.014,-0.014,0,,,,#DIV/0!,,,,,,,,,,,,,,,,,,0,<a refstr=MEIBOM_ET_AL__2013 href=https://ui.adsabs.harvard.edu/abs/2013Natur.499...55M/abstract target=ref> Meibom et al. 2013 </a>,G9 V,5331,63,-63,0,0.778,0.031,-0.031,0,0.865,0.034,-0.034,0,-0.2,0.1,-0.1,0,[M/H],4.594,0.022,-0.022,0,<a refstr=STASSUN_ET_AL__2019 href=https://ui.adsabs.harvard.edu/abs/2019AJ....158..138S/abstract target=ref>TICv8</a>,19h36m36.80s,294.1533505,+46d09m59.03s,46.1663976,1131.19,70.63,-62.92,16.172,0.172,-0.172,14.155,0.065,-0.065,16.1723,0.000783,-0.000783,14.05.14,2013-07,14.05.14,0,1,1000,2.94,
HD 154391 b,HD 154391,1,1,1,Radial Velocity,,,2023,1.1,0.04,-0.04,1.14,Multiple Observatories,Published Confirmed,0,<a refstr=XIAO_ET_AL_2024 href=https://ui.adsabs.harvard.edu/abs/2024AJ....167...59X/abstract target=ref>Xiao et al. 2024</a>,5163,60,-57,0,7.46,0.07,-0.07,0,,,,#DIV/0!,30.76923077,,,,,2892.238504,889.9195396,-603.8739733,30.76923077,9.1,2.8,-1.9,0,Mass,0.2,0.04,-0.04,0,,,,,,,,,0,<a refstr=XIAO_ET_AL_2024 href=https://ui.adsabs.harvard.edu/abs/2024AJ....167...59X/abstract target=ref>Xiao et al. 2024</a>,K1 III,4909,32,-32,0,8.56,0.05,-0.05,0,2.07,0.03,-0.03,0,0.1,0.05,-0.05,0,[Fe/H],2.89,0.01,-0.01,0,<a refstr=STASSUN_ET_AL__2019 href=https://ui.adsabs.harvard.edu/abs/2019AJ....158..138S/abstract target=ref>TICv8</a>,17h01m16.83s,255.3201345,+60d38m56.12s,60.6489226,100.947,0.248,-0.248,6.1552,0.023,-0.023,3.896,0.016,-0.016,5.89921,0.0009369,-0.0009369,14.12.23,2024-02,14.12.23,0,1.1,1100,,2892.238504
TOI-622 b,TOI-622,1,1,1,Transit,Cluster/Assoc/MovG?,,2023,0.9,0.2,-0.2,1.1,Transiting Exoplanet Survey Satellite (TESS),Published Confirmed,0,<a refstr=PSARIDI_ET_AL__2023 href=https://ui.adsabs.harvard.edu/abs/2023A&A...675A..39P/abstract target=ref>Psaridi et al. 2023</a>,6.402513,0.000031,-0.000054,0,0.0708,0.0052,-0.0059,0,9.236,0.314,-0.325,3.399740147,22.77227651,0.824,0.028,-0.029,0,96.30201,21.93016,-22.88365,22.77227651,0.303,0.069,-0.072,0,Mass,0.42,,,1,602,103,-118,0,1388,22,-22,0,0,<a refstr=PSARIDI_ET_AL__2023 href=https://ui.adsabs.harvard.edu/abs/2023A&A...675A..39P/abstract target=ref>Psaridi et al. 2023</a>,F6 V,6400,100,-100,0,1.42,0.05,-0.05,0,1.31,0.08,-0.08,0,0.09,0.07,-0.07,0,[Fe/H],4.2,0.2,-0.2,0,<a refstr=STASSUN_ET_AL__2019 href=https://ui.adsabs.harvard.edu/abs/2019AJ....158..138S/abstract target=ref>TICv8</a>,08h21m13.21s,125.3050544,-46d29m03.47s,-46.4842959,123.297,0.471,-0.467,8.995,0.002,-0.002,7.858,0.023,-0.023,8.89103,0.00028,-0.00028,25.07.23,2023-07,25.07.23,0,0.9,900,9.236,96.30201
Kepler-289 b,Kepler-289,1,1,3,Transit,Field/unknown,,2014,0.65,0.44,-0.44,1.09,Kepler,Published Confirmed,0,<a refstr=SCHMITT_ET_AL__2014 href=https://ui.adsabs.harvard.edu/abs/2014ApJ...795..167S/abstract target=ref>Schmitt et al. 2014</a>,34.545,0.0005,-0.0005,0,0.21,0.01,-0.01,0,2.15,0.1,-0.1,4.651162791,93.15068493,0.192,0.009,-0.009,0,7.3,6.8,-6.8,93.15068493,0.023,0.021,-0.021,0,Mass,,,,,,,,,,,,,1,<a refstr=SCHMITT_ET_AL__2014 href=https://ui.adsabs.harvard.edu/abs/2014ApJ...795..167S/abstract target=ref>Schmitt et al. 2014</a>,,5990,38,-38,0,1,0.02,-0.02,0,1.08,0.02,-0.02,0,0.05,0.04,-0.04,0,[Fe/H],4.47,0.01,-0.01,0,<a refstr=STASSUN_ET_AL__2019 href=https://ui.adsabs.harvard.edu/abs/2019AJ....158..138S/abstract target=ref>TICv8</a>,19h49m51.68s,297.4653351,+42d52m58.27s,42.8828517,704.438,8.809,-8.809,14.142,0.069,-0.069,12.508,0.022,-0.022,13.9628,0.000365,-0.000365,19.11.14,2014-11,19.11.14,0,0.65,650,2.15,7.3
Kepler-289 c,Kepler-289,1,1,3,Transit,Field/unknown,,2014,0.65,0.44,-0.44,1.09,Kepler,Published Confirmed,0,<a refstr=SCHMITT_ET_AL__2014 href=https://ui.adsabs.harvard.edu/abs/2014ApJ...795..167S/abstract target=ref>Schmitt et al. 2014</a>,125.8518,0.0076,-0.0076,0,0.51,0.03,-0.03,0,11.59,0.19,-0.19,1.639344262,12.87878788,1.034,0.017,-0.017,0,132,17,-17,12.87878788,0.42,0.05,-0.05,0,Mass,,,,,,,,,,,,,1,<a refstr=SCHMITT_ET_AL__2014 href=https://ui.adsabs.harvard.edu/abs/2014ApJ...795..167S/abstract target=ref>Schmitt et al. 2014</a>,,5990,38,-38,0,1,0.02,-0.02,0,1.08,0.02,-0.02,0,0.05,0.04,-0.04,0,[Fe/H],4.47,0.01,-0.01,0,<a refstr=STASSUN_ET_AL__2019 href=https://ui.adsabs.harvard.edu/abs/2019AJ....158..138S/abstract target=ref>TICv8</a>,19h49m51.68s,297.4653351,+42d52m58.27s,42.8828517,704.438,8.809,-8.809,14.142,0.069,-0.069,12.508,0.022,-0.022,13.9628,0.000365,-0.000365,19.11.14,2014-11,19.11.14,0,0.65,650,11.59,132
Kepler-289 d,Kepler-289,1,1,3,Transit,Field/unknown,,2014,0.65,0.44,-0.44,1.09,Kepler,Published Confirmed,0,<a refstr=SCHMITT_ET_AL__2014 href=https://ui.adsabs.harvard.edu/abs/2014ApJ...795..167S/abstract target=ref>Schmitt et al. 2014</a>,66.0634,0.0114,-0.0114,0,0.33,0.02,-0.02,0,2.68,0.17,-0.17,6.343283582,22.5,0.239,0.015,-0.015,0,4,0.9,-0.9,22.5,0.013,0.003,-0.003,0,Mass,,,,,,,,,,,,,1,<a refstr=SCHMITT_ET_AL__2014 href=https://ui.adsabs.harvard.edu/abs/2014ApJ...795..167S/abstract target=ref>Schmitt et al. 2014</a>,,5990,38,-38,0,1,0.02,-0.02,0,1.08,0.02,-0.02,0,0.05,0.04,-0.04,0,[Fe/H],4.47,0.01,-0.01,0,<a refstr=STASSUN_ET_AL__2019 href=https://ui.adsabs.harvard.edu/abs/2019AJ....158..138S/abstract target=ref>TICv8</a>,19h49m51.68s,297.4653351,+42d52m58.27s,42.8828517,704.438,8.809,-8.809,14.142,0.069,-0.069,12.508,0.022,-0.022,13.9628,0.000365,-0.000365,19.11.14,2014-11,19.11.14,0,0.65,650,2.68,4
TOI-3071 b,TOI-3071,1,1,1,Transit,Field/unknown,,2024,0.95,0.14,-0.14,1.09,Transiting Exoplanet Survey Satellite (TESS),Published Confirmed,0,<a refstr=HACKER_ET_AL__2024 href=https://ui.adsabs.harvard.edu/abs/2024MNRAS.tmp.1415H/abstract target=ref>Hacker et al. 2024</a>,1.266938,0.000002,-0.000002,0,0.0249,0.0001,-0.0001,0,7.16,0.57,-0.51,7.960893855,5.131964809,0.63877351,0.05085208,-0.04549923,0,68.2,3.5,-3.5,5.131964809,0.2145812,0.01101223,-0.01101223,0,Mass,0.09,,,1,,,,,2155,40,-40,0,0,<a refstr=HACKER_ET_AL__2024 href=https://ui.adsabs.harvard.edu/abs/2024MNRAS.tmp.1415H/abstract target=ref>Hacker et al. 2024</a>,,6177,62,-62,0,1.31,0.04,-0.04,0,1.29,0.02,-0.02,0,0.35,0.04,-0.04,0,[Fe/H],4.37,0.1,-0.1,0,<a refstr=STASSUN_ET_AL__2019 href=https://ui.adsabs.harvard.edu/abs/2019AJ....158..138S/abstract target=ref>TICv8</a>,11h33m06.97s,173.2790517,-56d30m12.19s,-56.5033871,485.219,9.044,-8.725,12.383,0.057,-0.057,11.005,0.021,-0.021,12.2766,0.000152,-0.000152,25.06.24,2024-06,25.06.24,0,0.95,950,7.16,68.2
K2-260 b,K2-260,1,1,1,Transit,Field/unknown,,2018,0.65,0.43,-0.37,1.08,K2,Published Confirmed,0,<a refstr=THYGESEN_ET_AL__2023 href=https://ui.adsabs.harvard.edu/abs/2023AJ....165..155T/abstract target=ref>Thygesen et al. 2023</a>,2.62669762,0.00000066,-0.00000066,0,0.04392,0.00057,-0.00063,0,18.41635529,0.65012088,-0.81825559,3.530127812,19.76744186,1.643,0.058,-0.073,0,546.66486,108.0616584,-111.2399425,19.76744186,1.72,0.34,-0.35,0,Mass,0.053,0.051,-0.036,0,,,,,2090,35,-39,0,0,<a refstr=THYGESEN_ET_AL__2023 href=https://ui.adsabs.harvard.edu/abs/2023AJ....165..155T/abstract target=ref>Thygesen et al. 2023</a>,,6860,150,-160,0,1.755,0.061,-0.078,0,1.637,0.065,-0.069,0,0.334,0.052,-0.061,0,[Fe/H],4.161,0.044,-0.03,0,<a refstr=STASSUN_ET_AL__2019 href=https://ui.adsabs.harvard.edu/abs/2019AJ....158..138S/abstract target=ref>TICv8</a>,05h07m28.16s,76.8673317,+16d52m03.70s,16.8676948,663.834,19.395,-18.342,12.624,0.103,-0.103,11.093,0.021,-0.021,12.4667,0.000241,-0.000241,20.11.24,2023-04,20.11.24,0,0.65,650,18.41635529,546.66486
TOI-712 b,TOI-712,1,1,3,Transit,Field Star,,2022,0.83,0.25,-0.28,1.08,Transiting Exoplanet Survey Satellite (TESS),Published Confirmed,0,<a refstr=VACH_ET_AL__2022 href=https://ui.adsabs.harvard.edu/abs/2022AJ....164...71V/abstract target=ref>Vach et al. 2022</a>,9.531361,0.000018,-0.000017,0,0.07928,0.00096,-0.00091,0,2.049,0.012,-0.08,0.585651537,#DIV/0!,0.183,0.001,-0.007,0,,,,#DIV/0!,,,,,,0.54,0.26,-0.2,0,22.6,4.1,-5.4,0,650,6,-6,0,0,<a refstr=VACH_ET_AL__2022 href=https://ui.adsabs.harvard.edu/abs/2022AJ....164...71V/abstract target=ref>Vach et al. 2022</a>,K4.5 V,4622,61,-59,0,0.67,0.02,-0.02,0,0.73,0.03,-0.03,0,-0.02,0.12,-0.043,0,[Fe/H],4.64,0.02,-0.02,0,<a refstr=STASSUN_ET_AL__2019 href=https://ui.adsabs.harvard.edu/abs/2019AJ....158..138S/abstract target=ref>TICv8</a>,06h11m44.67s,92.9361063,-65d49m33.02s,-65.8258386,58.6212,0.0797,-0.0795,10.838,0.021,-0.021,8.313,0.023,-0.023,10.5785,0.000579,-0.000579,29.08.22,2022-08,29.08.22,0,0.83,830,2.049,
TOI-712 c,TOI-712,1,1,3,Transit,Field Star,,2022,0.83,0.25,-0.28,1.08,Transiting Exoplanet Survey Satellite (TESS),Published Confirmed,0,<a refstr=VACH_ET_AL__2022 href=https://ui.adsabs.harvard.edu/abs/2022AJ....164...71V/abstract target=ref>Vach et al. 2022</a>,51.69906,0.00017,-0.00017,0,0.2447,0.003,-0.0028,0,2.701,0.092,-0.082,3.406145872,#DIV/0!,0.241,0.008,-0.007,0,,,,#DIV/0!,,,,,,0.089,0.083,-0.056,0,3.08,0.12,-0.12,0,370,3,-3,0,0,<a refstr=VACH_ET_AL__2022 href=https://ui.adsabs.harvard.edu/abs/2022AJ....164...71V/abstract target=ref>Vach et al. 2022</a>,K4.5 V,4622,61,-59,0,0.67,0.02,-0.02,0,0.73,0.03,-0.03,0,-0.02,0.12,-0.043,0,[Fe/H],4.64,0.02,-0.02,0,<a refstr=STASSUN_ET_AL__2019 href=https://ui.adsabs.harvard.edu/abs/2019AJ....158..138S/abstract target=ref>TICv8</a>,06h11m44.67s,92.9361063,-65d49m33.02s,-65.8258386,58.6212,0.0797,-0.0795,10.838,0.021,-0.021,8.313,0.023,-0.023,10.5785,0.000579,-0.000579,29.08.22,2022-08,29.08.22,0,0.83,830,2.701,
TOI-712 d,TOI-712,1,1,3,Transit,Field Star,,2022,0.83,0.25,-0.28,1.08,Transiting Exoplanet Survey Satellite (TESS),Published Confirmed,0,<a refstr=VACH_ET_AL__2022 href=https://ui.adsabs.harvard.edu/abs/2022AJ....164...71V/abstract target=ref>Vach et al. 2022</a>,84.8396,0.00043,-0.0004,0,0.3405,0.0041,-0.0039,0,2.474,0.09,-0.082,3.637833468,#DIV/0!,0.221,0.008,-0.007,0,,,,#DIV/0!,,,,,,0.073,0.064,-0.049,0,1.6,0.06,-0.06,0,314,3,-3,0,0,<a refstr=VACH_ET_AL__2022 href=https://ui.adsabs.harvard.edu/abs/2022AJ....164...71V/abstract target=ref>Vach et al. 2022</a>,K4.5 V,4622,61,-59,0,0.67,0.02,-0.02,0,0.73,0.03,-0.03,0,-0.02,0.12,-0.043,0,[Fe/H],4.64,0.02,-0.02,0,<a refstr=STASSUN_ET_AL__2019 href=https://ui.adsabs.harvard.edu/abs/2019AJ....158..138S/abstract target=ref>TICv8</a>,06h11m44.67s,92.9361063,-65d49m33.02s,-65.8258386,58.6212,0.0797,-0.0795,10.838,0.021,-0.021,8.313,0.023,-0.023,10.5785,0.000579,-0.000579,29.08.22,2022-08,29.08.22,0,0.83,830,2.474,
GJ 674 b,GJ 674,1,1,1,Radial Velocity,Field/unknown,,2007,0.55,0.45,-0.45,1,La Silla Observatory,Published Confirmed,0,<a refstr=BONFILS_ET_AL__2007 href=https://ui.adsabs.harvard.edu/abs/2007A&A...474..293B/abstract target=ref> Bonfils et al. 2007 </a>,4.6938,0.007,-0.007,0,0.039,,,0,,,,#DIV/0!,0,,,,,11.09,,,0,0.035,,,0,Msini,0.2,0.02,-0.02,0,,,,,,,,,0,<a refstr=BONFILS_ET_AL__2007 href=https://ui.adsabs.harvard.edu/abs/2007A&A...474..293B/abstract target=ref> Bonfils et al. 2007 </a>,M2.5,3600,100,-100,0,,,,,0.35,,,0,-0.28,,,0,[Fe/H],,,,,<a refstr=STASSUN_ET_AL__2019 href=https://ui.adsabs.harvard.edu/abs/2019AJ....158..138S/abstract target=ref>TICv8</a>,17h28m40.81s,262.1700476,-46d53m56.34s,-46.8989826,4.54896,0.001015,-0.001015,9.38,0.1,-0.1,4.855,0.018,-0.018,8.33063,0.001213,-0.001213,14.05.14,2007-10,14.05.14,0,0.55,550,,11.09
MASCARA-1 b,MASCARA-1,1,1,1,Transit,Unconfirmed,ZariPMS/UMS,2017,0.8,0.2,-0.2,1,Multiple Observatories,Published Confirmed,0,<a refstr=HOOTON_ET_AL__2022 href=https://ui.adsabs.harvard.edu/abs/2022A&A...658A..75H/abstract target=ref>Hooton et al. 2022</a>,2.14877381,0.00000088,-0.00000087,0,0.040352,0.000046,-0.000049,0,17.901,0.202,-0.213,1.128428579,#DIV/0!,1.597,0.018,-0.019,0,,,,#DIV/0!,,,,,,0.00034,0.00034,-0.00023,0,,,,,2594,2,-2,0,0,<a refstr=HOOTON_ET_AL__2022 href=https://ui.adsabs.harvard.edu/abs/2022A&A...658A..75H/abstract target=ref>Hooton et al. 2022</a>,,7490,150,-150,0,2.08,0.02,-0.02,0,1.9,0.06,-0.07,0,0.15,0.15,-0.15,0,[Fe/H],,,,,<a refstr=STASSUN_ET_AL__2019 href=https://ui.adsabs.harvard.edu/abs/2019AJ....158..138S/abstract target=ref>TICv8</a>,21h10m12.37s,317.5515264,+10d44m20.03s,10.7388967,182.273,1.963,-1.922,8.28,0.03,-0.03,7.74,0.017,-0.017,8.24243,0.000327,-0.000327,18.01.23,2022-02,18.01.23,0,0.8,800,17.901,
TOI-333 b,TOI-333,1,1,1,Transit,,,2025,1,0,-0.5,1,Transiting Exoplanet Survey Satellite (TESS),Published Confirmed,0,<a refstr=ALVES_ET_AL_2026 href=https://ui.adsabs.harvard.edu/abs/2026A&A...705A.210A/abstract target=ref>Alves et al. 2026</a>,3.7852503,0.0000057,-0.0000057,0,0.049,0.001,-0.001,0,4.26,0.11,-0.11,2.582159624,11.94029851,0.3800524,0.00981356,-0.00981356,0,20.1,2.4,-2.4,11.94029851,0.06324167,0.00755124,-0.00755124,0,Mass,0,,,0,,,,,1445,18,-18,0,0,<a refstr=ALVES_ET_AL_2026 href=https://ui.adsabs.harvard.edu/abs/2026A&A...705A.210A/abstract target=ref>Alves et al. 2026</a>,,6241,73,-62,0,1.1,0.03,-0.03,0,1.2,0.1,-0.1,0,0.01,0.04,-0.04,0,[Fe/H],4.41,0.08,-0.08,0,<a refstr=STASSUN_ET_AL__2019 href=https://ui.adsabs.harvard.edu/abs/2019AJ....158..138S/abstract target=ref>TICv8</a>,23h33m25.80s,353.3574989,-41d10m17.47s,-41.1715206,352.269,4.793,-4.668,12.205,0.03,-0.03,10.678,0.021,-0.021,11.8993,0.00026,-0.00026,04.12.25,2026-01,04.12.25,0,1,1000,4.26,20.1
TOI-5027 b,TOI-5027,1,1,1,Transit,Field/unknown,,2025,0.4,0.6,-0.3,1,Transiting Exoplanet Survey Satellite (TESS),Published Confirmed,0,<a refstr=TALA_PINTO_ET_AL__2025 href=https://ui.adsabs.harvard.edu/abs/2025A&A...694A.268T/abstract target=ref>Tala Pinto et al. 2025</a>,10.24368,0.00001,-0.00001,0,0.093,0.005,-0.004,0,10.76062147,0.56044903,-0.67253884,5.208333288,6.435643564,0.96,0.05,-0.06,0,642.0133821,41.31769291,-41.31769291,6.435643564,2.02,0.13,-0.13,0,Mass,0.385,0.025,-0.026,0,,,,,1056,23,-24,0,0,<a refstr=TALA_PINTO_ET_AL__2025 href=https://ui.adsabs.harvard.edu/abs/2025A&A...694A.268T/abstract target=ref>Tala Pinto et al. 2025</a>,,5909,145,-144,0,0.92,0.04,-0.04,0,1.02,0.05,-0.05,0,-0.15,0.03,-0.03,0,[Fe/H],4.517,0.006,-0.008,0,<a refstr=STASSUN_ET_AL__2019 href=https://ui.adsabs.harvard.edu/abs/2019AJ....158..138S/abstract target=ref>TICv8</a>,16h15m32.41s,243.8850212,-69d13m01.55s,-69.2170972,204.429,1.057,-1.046,11.566,0.011,-0.011,9.979,0.023,-0.023,11.3341,0.00059,-0.00059,03.03.25,2025-02,03.03.25,0,0.4,400,10.76062147,642.0133821
UCAC3 113-933 b,UCAC3 113-933,1,1,1,Imaging,,,2024,0.55,0.45,-0.45,1,Multiple Observatories,Published Confirmed,0,<a refstr=ROTHERMICH_ET_AL__2024 href=https://ui.adsabs.harvard.edu/abs/2024AJ....167..253R/abstract target=ref>Rothermich et al. 2024</a>,,,,,6100,,,0,,,,#DIV/0!,0,,,,,6674.396547,,,0,21,,,0,Mass,,,,,,,,,,,,,0,<a refstr=ROTHERMICH_ET_AL__2024 href=https://ui.adsabs.harvard.edu/abs/2024AJ....167..253R/abstract target=ref>Rothermich et al. 2024</a>,M0,,,,,,,,,0.61,,,0,-0.95,0.02,-0.01,0,[Fe/H],,,,,<a refstr=STASSUN_ET_AL__2019 href=https://ui.adsabs.harvard.edu/abs/2019AJ....158..138S/abstract target=ref>TICv8</a>,00h21m06.19s,5.2758121,-33d48m11.40s,-33.8031679,52.5829,0.10905,-0.10905,12.501,0.08,-0.08,8.866,0.021,-0.021,11.8242,0.000285,-0.000285,28.05.24,2024-06,28.05.24,0,0.55,550,,6674.396547
TOI-1135 b,TOI-1135,1,1,1,Transit,,,2024,0.562,0.438,-0.438,1,Transiting Exoplanet Survey Satellite (TESS),Published Confirmed,0,<a refstr=DUGAN_ET_AL_2025 href=https://ui.adsabs.harvard.edu/abs/2025ApJ...994L..23D/abstract target=ref>Dugan et al. 2025</a>,8.0277327,0.0000019,-0.0000018,0,0.0815,0.0016,-0.0017,0,9.91994792,0.31385146,-0.31385146,3.163841812,0,0.885,0.028,-0.028,0,58.79825529,,,0,0.185,,,1,Mass,0.062,0.12,-0.045,0,310,28,-27,0,1171,25,-25,0,0,<a refstr=DUGAN_ET_AL_2025 href=https://ui.adsabs.harvard.edu/abs/2025ApJ...994L..23D/abstract target=ref>Dugan et al. 2025</a>,,6320,120,-120,0,1.202,0.037,-0.037,0,1.119,0.069,-0.069,0,-0.039,0.06,-0.062,0,[Fe/H],4.328,0.028,-0.031,0,<a refstr=STASSUN_ET_AL__2019 href=https://ui.adsabs.harvard.edu/abs/2019AJ....158..138S/abstract target=ref>TICv8</a>,12h53m35.13s,193.3963704,+85d07m46.18s,85.1294952,114.048,0.308,-0.306,9.54,0.03,-0.03,8.192,0.019,-0.019,9.41353,0.000539,-0.000539,26.03.26,2025-11,26.03.26,0,0.562,562,9.91994792,58.79825529
HAT-P-70 b,HAT-P-70,1,1,1,Transit,Unconfirmed,ZariPMS/UMS,2019,0.6,0.38,-0.2,0.98,HATNet,Published Confirmed,0,<a refstr=ZHOU_ET_AL__2019 href=https://ui.adsabs.harvard.edu/abs/2019AJ....158..141Z/abstract target=ref>Zhou et al. 2019</a>,2.74432452,0.00000079,-0.00000068,0,0.04739,0.00031,-0.00106,0,20.961,1.681,-1.121,8.019655551,0,1.87,0.15,-0.1,0,2154.8874,,,0,6.78,,,0,Mass,0,,,0,,,,,2562,43,-52,0,0,<a refstr=ZHOU_ET_AL__2019 href=https://ui.adsabs.harvard.edu/abs/2019AJ....158..141Z/abstract target=ref>Zhou et al. 2019</a>,,8450,540,-690,0,1.86,0.12,-0.09,0,1.89,0.01,-0.01,0,-0.059,0.075,-0.088,0,[Fe/H],4.18,0.06,-0.06,0,<a refstr=STASSUN_ET_AL__2019 href=https://ui.adsabs.harvard.edu/abs/2019AJ....158..138S/abstract target=ref>TICv8</a>,04h58m12.56s,74.5523332,+09d59m52.73s,9.9979794,330.739,6.818,-6.552,9.47,0.004,-0.004,8.963,0.024,-0.024,9.45174,0.000266,-0.000266,12.08.19,2019-10,15.08.19,0,0.6,600,20.961,2154.8874
HD 128311 b,HD 128311,1,1,2,Radial Velocity,,,2002,0.96,0,-0.5,0.96,W. M. Keck Observatory,Published Confirmed,0,<a refstr=MCARTHUR_ET_AL__2014 href=https://ui.adsabs.harvard.edu/abs/2014ApJ...795...41M/abstract target=ref>McArthur et al. 2014</a>,453.019,0.404,-0.404,0,1.084,0.006,-0.006,0,,,,#DIV/0!,1.300169587,,,,,562.24127,7.31009,-7.31009,1.300169587,1.769,0.023,-0.023,0,Msini,0.303,0.011,-0.011,0,,,,,,,,,0,<a refstr=MCARTHUR_ET_AL__2014 href=https://ui.adsabs.harvard.edu/abs/2014ApJ...795...41M/abstract target=ref>McArthur et al. 2014</a>,,,,,,0.76,0.02,-0.02,0,0.828,0.008,-0.012,0,,,,,,4.61,0.01,-0.02,0,<a refstr=STASSUN_ET_AL__2019 href=https://ui.adsabs.harvard.edu/abs/2019AJ....158..138S/abstract target=ref>TICv8</a>,14h36m00.78s,219.0032292,+09d44m43.57s,9.7454368,16.3292,0.0199,-0.0198,7.48,0.03,-0.03,5.142,0.017,-0.017,7.16719,0.000537,-0.000537,24.06.15,2014-11,25.06.15,0,0.96,960,,562.24127
HD 128311 c,HD 128311,1,1,2,Radial Velocity,,,2005,0.96,0,-0.5,0.96,W. M. Keck Observatory,Published Confirmed,0,<a refstr=MCARTHUR_ET_AL__2014 href=https://ui.adsabs.harvard.edu/abs/2014ApJ...795...41M/abstract target=ref>McArthur et al. 2014</a>,921.538,1.15,-1.15,0,1.74,0.01,-0.01,0,,,,#DIV/0!,24.38638163,,,,,1204.25787,293.67492,-137.30256,24.38638163,3.789,0.924,-0.432,0,Mass,0.159,0.006,-0.006,0,,,,,,,,,0,<a refstr=MCARTHUR_ET_AL__2014 href=https://ui.adsabs.harvard.edu/abs/2014ApJ...795...41M/abstract target=ref>McArthur et al. 2014</a>,,,,,,0.76,0.02,-0.02,0,0.828,0.008,-0.012,0,,,,,,4.61,0.01,-0.02,0,<a refstr=STASSUN_ET_AL__2019 href=https://ui.adsabs.harvard.edu/abs/2019AJ....158..138S/abstract target=ref>TICv8</a>,14h36m00.78s,219.0032292,+09d44m43.57s,9.7454368,16.3292,0.0199,-0.0198,7.48,0.03,-0.03,5.142,0.017,-0.017,7.16719,0.000537,-0.000537,24.06.15,2014-11,25.06.15,0,0.96,960,,1204.25787
Kepler-462 b,Kepler-462,1,1,2,Transit,Field/unknown,,2016,0.5,0.46,-0.46,0.96,Kepler,Published Confirmed,0,<a refstr=MASUDA__AMP__TAMAYO_2020 href=https://ui.adsabs.harvard.edu/abs/2020AJ....160..224M/abstract target=ref>Masuda &amp; Tamayo 2020</a>,84.6866,0.0007,-0.001,0,,,,,3,0.2,-0.1,6.666666667,194.0630798,0.268,0.018,-0.009,0,53.9,104.6,-23.8,194.0630798,0.16959,0.32911,-0.07488,0,Mass,0.042,0.046,-0.008,0,,,,,,,,,0,<a refstr=MASUDA__AMP__TAMAYO_2020 href=https://ui.adsabs.harvard.edu/abs/2020AJ....160..224M/abstract target=ref>Masuda &amp; Tamayo 2020</a>,,7500,300,-300,0,1.57,0.08,-0.06,0,1.59,0.08,-0.08,0,0.05,0.11,-0.11,0,[Fe/H],4.22,0.04,-0.04,0,<a refstr=STASSUN_ET_AL__2019 href=https://ui.adsabs.harvard.edu/abs/2019AJ....158..138S/abstract target=ref>TICv8</a>,19h59m17.08s,299.8211502,+43d48m51.41s,43.8142793,596.625,10.858,-10.484,11.632,0.016,-0.016,10.851,0.02,-0.02,11.6145,0.000336,-0.000336,30.10.20,2020-11,05.11.20,0,0.5,500,3,53.9
Kepler-462 c,Kepler-462,1,1,2,Transit,Field/unknown,,2020,0.5,0.46,-0.46,0.96,Kepler,Published Confirmed,0,<a refstr=MASUDA__AMP__TAMAYO_2020 href=https://ui.adsabs.harvard.edu/abs/2020AJ....160..224M/abstract target=ref>Masuda &amp; Tamayo 2020</a>,207.62,0.03,-0.01,0,,,,,4,0.2,-0.2,5,180,0.357,0.018,-0.018,0,6,10.8,-4.9,180,0.01888,0.03398,-0.01542,0,Mass,0.11,0.05,-0.02,0,,,,,,,,,1,<a refstr=MASUDA__AMP__TAMAYO_2020 href=https://ui.adsabs.harvard.edu/abs/2020AJ....160..224M/abstract target=ref>Masuda &amp; Tamayo 2020</a>,,7500,300,-300,0,1.57,0.08,-0.06,0,1.59,0.08,-0.08,0,0.05,0.11,-0.11,0,[Fe/H],4.22,0.04,-0.04,0,<a refstr=STASSUN_ET_AL__2019 href=https://ui.adsabs.harvard.edu/abs/2019AJ....158..138S/abstract target=ref>TICv8</a>,19h59m17.08s,299.8211502,+43d48m51.41s,43.8142793,596.625,10.858,-10.484,11.632,0.016,-0.016,10.851,0.02,-0.02,11.6145,0.000336,-0.000336,30.10.20,2020-11,05.11.20,0,0.5,500,4,6
TOI-4153 b,TOI-4153,1,1,1,Transit,Field/unknown,,2024,0.4,0.53,-0.28,0.93,Transiting Exoplanet Survey Satellite (TESS),Published Confirmed,0,<a refstr=SCHULTE_ET_AL__2024 href=https://ui.adsabs.harvard.edu/abs/2024AJ....168...32S/abstract target=ref>Schulte et al. 2024</a>,4.6174141,0.0000015,-0.0000015,0,0.06311,0.00084,-0.00096,0,16.11851425,0.50440413,-0.47077719,3.129346304,15.65217391,1.438,0.045,-0.042,0,365.5026681,57.20911326,-57.20911326,15.65217391,1.15,0.18,-0.18,0,Mass,0.039,0.047,-0.028,0,,,,,1669,29,-39,0,0,<a refstr=SCHULTE_ET_AL__2024 href=https://ui.adsabs.harvard.edu/abs/2024AJ....168...32S/abstract target=ref>Schulte et al. 2024</a>,,6860,150,-180,0,1.605,0.048,-0.046,0,1.572,0.064,-0.071,0,0.317,0.1,-0.13,0,[Fe/H],4.224,0.024,-0.029,0,<a refstr=STASSUN_ET_AL__2019 href=https://ui.adsabs.harvard.edu/abs/2019AJ....158..138S/abstract target=ref>TICv8</a>,22h21m34.43s,335.3934698,+82d12m57.89s,82.2160792,423.84,3.665,-3.604,11.601,0.016,-0.016,10.296,0.021,-0.021,11.5632,0.000279,-0.000279,04.11.24,2024-07,04.11.24,0,0.4,400,16.11851425,365.5026681
WASP-149 b,WASP-149,1,1,1,Transit,,,2025,0.6,0.3,-0.3,0.9,SuperWASP,Published Confirmed,0,<a refstr=SCHANCHE_ET_AL_2025 href=https://ui.adsabs.harvard.edu/abs/2025AJ....169..334S/abstract target=ref>Schanche et al. 2025</a>,1.332813,0.0000006,-0.0000005,0,0.024,0.001,-0.001,0,15.24421375,0.67253884,-0.67253884,4.411764693,19.77800202,1.36,0.06,-0.06,0,314.9679513,62.29436777,-62.29436777,19.77800202,0.991,0.196,-0.196,0,Mass,0,,,0,1966,305,-305,0,1855,93,-93,0,0,<a refstr=SCHANCHE_ET_AL_2025 href=https://ui.adsabs.harvard.edu/abs/2025AJ....169..334S/abstract target=ref>Schanche et al. 2025</a>,,5750,125,-125,0,1.08,0.049,-0.049,0,1.05,0.06,-0.06,0,0,0.3,-0.3,0,[Fe/H],4.4,0.15,-0.15,0,<a refstr=STASSUN_ET_AL__2019 href=https://ui.adsabs.harvard.edu/abs/2019AJ....158..138S/abstract target=ref>TICv8</a>,08h16m17.68s,124.073681,-08d41m11.69s,-8.6865813,211.73,1.701,-1.675,11.687,0.026,-0.026,9.825,0.021,-0.021,11.2622,0.000702,-0.000702,21.04.25,2025-06,21.04.25,0,0.6,600,15.24421375,314.9679513
TOI-2046 b,TOI-2046,1,1,1,Transit,Unknown/Field,,2022,0.45,0.43,-0.021,0.88,Transiting Exoplanet Survey Satellite (TESS),Published Confirmed,0,<a refstr=KAB_AACUTE_TH_ET_AL__2022 href=https://ui.adsabs.harvard.edu/abs/2022arXiv220501860K/abstract target=ref>Kab&aacute;th et al. 2022</a>,1.4971842,0.0000031,-0.0000033,0,,,,,16.141,1.233,-1.233,7.638931913,12.17391244,1.44,0.11,-0.11,0,731.00534,88.99195,-88.99195,12.17391244,2.3,0.28,-0.28,0,Mass,,,,,,,,,,,,,0,<a refstr=KAB_AACUTE_TH_ET_AL__2022 href=https://ui.adsabs.harvard.edu/abs/2022arXiv220501860K/abstract target=ref>Kab&aacute;th et al. 2022</a>,F8 V,6250,140,-140,0,1.21,0.07,-0.07,0,1.13,0.19,-0.19,0,-0.06,0.15,-0.15,0,[Fe/H],4.3,0.15,-0.15,0,<a refstr=STASSUN_ET_AL__2019 href=https://ui.adsabs.harvard.edu/abs/2019AJ....158..138S/abstract target=ref>TICv8</a>,01h04m44.39s,16.1849423,+74d19m52.70s,74.3313055,289.668,2.225,-2.191,11.552,0.018,-0.018,10.094,0.023,-0.023,11.4128,0.000457,-0.000457,23.05.22,2022-05,23.05.22,0,0.45,450,16.141,731.00534
WASP-189 b,WASP-189,1,1,1,Transit,Unknown/Field,,2020,0.73,0.13,-0.13,0.86,CHaracterising ExOPlanets Satellite (CHEOPS),Published Confirmed,0,<a refstr=LENDL_ET_AL__2020 href=https://ui.adsabs.harvard.edu/abs/2020A&A...643A..94L/abstract target=ref>Lendl et al. 2020</a>,2.724033,,,0,0.05053,0.00098,-0.00098,0,18.147,0.235,-0.235,1.294979886,8.040201776,1.619,0.021,-0.021,0,632.47853,50.85255,-44.49598,8.040201776,1.99,0.16,-0.14,0,Mass,0,,,0,,,,,3353,27,-34,0,0,<a refstr=LENDL_ET_AL__2020 href=https://ui.adsabs.harvard.edu/abs/2020A&A...643A..94L/abstract target=ref>Lendl et al. 2020</a>,,8000,80,-80,0,2.36,0.03,-0.03,0,2.03,0.07,-0.07,0,0.29,0.13,-0.13,0,[Fe/H],3.9,0.2,-0.2,0,<a refstr=STASSUN_ET_AL__2019 href=https://ui.adsabs.harvard.edu/abs/2019AJ....158..138S/abstract target=ref>TICv8</a>,15h02m44.82s,225.686732,-03d01m53.35s,-3.0314874,99.731,0.754,-0.7432,6.59776,0.023,-0.023,6.06,0.021,-0.021,6.55369,0.00043,-0.00043,16.03.22,2020-11,16.03.22,0,0.73,730,18.147,632.47853
TOI-1136 b,TOI-1136,1,1,6,Transit,Unknown/Field,,2022,0.7,0.15,-0.15,0.85,Transiting Exoplanet Survey Satellite (TESS),Published Confirmed,0,<a refstr=DAI_ET_AL__2022 href=https://ui.adsabs.harvard.edu/abs/2022arXiv221009283D/abstract target=ref>Dai et al. 2022</a>,4.17278,0.00024,-0.00018,0,,,,,1.9,0.21,-0.15,11.05263158,#DIV/0!,0.17,0.019,-0.013,0,,,,#DIV/0!,,,,,,0.031,0.038,-0.021,0,,,,,,,,,0,<a refstr=DAI_ET_AL__2022 href=https://ui.adsabs.harvard.edu/abs/2022arXiv221009283D/abstract target=ref>Dai et al. 2022</a>,,5770,50,-50,0,0.97,0.04,-0.04,0,1.02,0.03,-0.03,0,0.07,0.06,-0.06,0,[Fe/H],4.47,0.04,-0.04,0,<a refstr=STASSUN_ET_AL__2019 href=https://ui.adsabs.harvard.edu/abs/2019AJ....158..138S/abstract target=ref>TICv8</a>,12h48m44.38s,192.1848981,+64d51m18.99s,64.8552755,84.5362,0.1583,-0.1577,9.534,0.003,-0.003,8.034,0.021,-0.021,9.36789,0.000589,-0.000589,05.12.22,2022-10,05.12.22,0,0.7,700,1.9,
TOI-1136 c,TOI-1136,1,1,6,Transit,Unknown/Field,,2022,0.7,0.15,-0.15,0.85,Transiting Exoplanet Survey Satellite (TESS),Published Confirmed,0,<a refstr=DAI_ET_AL__2022 href=https://ui.adsabs.harvard.edu/abs/2022arXiv221009283D/abstract target=ref>Dai et al. 2022</a>,6.25725,0.00017,-0.00025,0,,,,,2.879,0.06,-0.062,2.084056964,#DIV/0!,0.257,0.005,-0.006,0,,,,#DIV/0!,,,,,,0.117,0.028,-0.028,0,,,,,,,,,0,<a refstr=DAI_ET_AL__2022 href=https://ui.adsabs.harvard.edu/abs/2022arXiv221009283D/abstract target=ref>Dai et al. 2022</a>,,5770,50,-50,0,0.97,0.04,-0.04,0,1.02,0.03,-0.03,0,0.07,0.06,-0.06,0,[Fe/H],4.47,0.04,-0.04,0,<a refstr=STASSUN_ET_AL__2019 href=https://ui.adsabs.harvard.edu/abs/2019AJ....158..138S/abstract target=ref>TICv8</a>,12h48m44.38s,192.1848981,+64d51m18.99s,64.8552755,84.5362,0.1583,-0.1577,9.534,0.003,-0.003,8.034,0.021,-0.021,9.36789,0.000589,-0.000589,05.12.22,2022-10,05.12.22,0,0.7,700,2.879,
TOI-1136 d,TOI-1136,1,1,6,Transit,Unknown/Field,,2022,0.7,0.15,-0.15,0.85,Transiting Exoplanet Survey Satellite (TESS),Published Confirmed,0,<a refstr=DAI_ET_AL__2022 href=https://ui.adsabs.harvard.edu/abs/2022arXiv221009283D/abstract target=ref>Dai et al. 2022</a>,12.51937,0.00037,-0.00041,0,,,,,4.627,0.077,-0.072,1.664145234,#DIV/0!,0.413,0.007,-0.006,0,,,,#DIV/0!,,,,,,0.016,0.013,-0.01,0,,,,,,,,,0,<a refstr=DAI_ET_AL__2022 href=https://ui.adsabs.harvard.edu/abs/2022arXiv221009283D/abstract target=ref>Dai et al. 2022</a>,,5770,50,-50,0,0.97,0.04,-0.04,0,1.02,0.03,-0.03,0,0.07,0.06,-0.06,0,[Fe/H],4.47,0.04,-0.04,0,<a refstr=STASSUN_ET_AL__2019 href=https://ui.adsabs.harvard.edu/abs/2019AJ....158..138S/abstract target=ref>TICv8</a>,12h48m44.38s,192.1848981,+64d51m18.99s,64.8552755,84.5362,0.1583,-0.1577,9.534,0.003,-0.003,8.034,0.021,-0.021,9.36789,0.000589,-0.000589,05.12.22,2022-10,05.12.22,0,0.7,700,4.627,
TOI-1136 e,TOI-1136,1,1,6,Transit,Unknown/Field,,2022,0.7,0.15,-0.15,0.85,Transiting Exoplanet Survey Satellite (TESS),Published Confirmed,0,<a refstr=DAI_ET_AL__2022 href=https://ui.adsabs.harvard.edu/abs/2022arXiv221009283D/abstract target=ref>Dai et al. 2022</a>,18.7992,0.0017,-0.0015,0,,,,,2.639,0.072,-0.088,2.728306177,#DIV/0!,0.235,0.006,-0.008,0,,,,#DIV/0!,,,,,,0.057,0.01,-0.013,0,,,,,,,,,0,<a refstr=DAI_ET_AL__2022 href=https://ui.adsabs.harvard.edu/abs/2022arXiv221009283D/abstract target=ref>Dai et al. 2022</a>,,5770,50,-50,0,0.97,0.04,-0.04,0,1.02,0.03,-0.03,0,0.07,0.06,-0.06,0,[Fe/H],4.47,0.04,-0.04,0,<a refstr=STASSUN_ET_AL__2019 href=https://ui.adsabs.harvard.edu/abs/2019AJ....158..138S/abstract target=ref>TICv8</a>,12h48m44.38s,192.1848981,+64d51m18.99s,64.8552755,84.5362,0.1583,-0.1577,9.534,0.003,-0.003,8.034,0.021,-0.021,9.36789,0.000589,-0.000589,05.12.22,2022-10,05.12.22,0,0.7,700,2.639,
TOI-1136 f,TOI-1136,1,1,6,Transit,Unknown/Field,,2022,0.7,0.15,-0.15,0.85,Transiting Exoplanet Survey Satellite (TESS),Published Confirmed,0,<a refstr=DAI_ET_AL__2022 href=https://ui.adsabs.harvard.edu/abs/2022arXiv221009283D/abstract target=ref>Dai et al. 2022</a>,26.3162,0.0017,-0.0013,0,,,,,3.88,0.11,-0.11,2.835051546,#DIV/0!,0.346,0.01,-0.01,0,,,,#DIV/0!,,,,,,0.012,0.019,-0.0097,0,,,,,,,,,0,<a refstr=DAI_ET_AL__2022 href=https://ui.adsabs.harvard.edu/abs/2022arXiv221009283D/abstract target=ref>Dai et al. 2022</a>,,5770,50,-50,0,0.97,0.04,-0.04,0,1.02,0.03,-0.03,0,0.07,0.06,-0.06,0,[Fe/H],4.47,0.04,-0.04,0,<a refstr=STASSUN_ET_AL__2019 href=https://ui.adsabs.harvard.edu/abs/2019AJ....158..138S/abstract target=ref>TICv8</a>,12h48m44.38s,192.1848981,+64d51m18.99s,64.8552755,84.5362,0.1583,-0.1577,9.534,0.003,-0.003,8.034,0.021,-0.021,9.36789,0.000589,-0.000589,05.12.22,2022-10,05.12.22,0,0.7,700,3.88,
TOI-1136 g,TOI-1136,1,1,6,Transit,Unknown/Field,,2022,0.7,0.15,-0.15,0.85,Transiting Exoplanet Survey Satellite (TESS),Published Confirmed,0,<a refstr=DAI_ET_AL__2022 href=https://ui.adsabs.harvard.edu/abs/2022arXiv221009283D/abstract target=ref>Dai et al. 2022</a>,39.5387,0.0036,-0.003,0,,,,,2.53,0.11,-0.12,4.347826087,#DIV/0!,0.226,0.01,-0.011,0,,,,#DIV/0!,,,,,,0.036,0.026,-0.018,0,,,,,,,,,0,<a refstr=DAI_ET_AL__2022 href=https://ui.adsabs.harvard.edu/abs/2022arXiv221009283D/abstract target=ref>Dai et al. 2022</a>,,5770,50,-50,0,0.97,0.04,-0.04,0,1.02,0.03,-0.03,0,0.07,0.06,-0.06,0,[Fe/H],4.47,0.04,-0.04,0,<a refstr=STASSUN_ET_AL__2019 href=https://ui.adsabs.harvard.edu/abs/2019AJ....158..138S/abstract target=ref>TICv8</a>,12h48m44.38s,192.1848981,+64d51m18.99s,64.8552755,84.5362,0.1583,-0.1577,9.534,0.003,-0.003,8.034,0.021,-0.021,9.36789,0.000589,-0.000589,05.12.22,2022-10,05.12.22,0,0.7,700,2.53,
K2-233 b,K2-233,1,1,3,Transit,Unknown/Field,,2018,0.36,0.49,-0.14,0.85,K2,Published Confirmed,0,<a refstr=LILLO_BOX_ET_AL__2020 href=https://ui.adsabs.harvard.edu/abs/2020A&A...640A..48L/abstract target=ref>Lillo-Box et al. 2020</a>,2.4675,0.00004,-0.00004,0,0.03308,0.0001,-0.00009,0,1.343,0.018,-0.016,1.340282949,0,0.11981464,0.00160586,-0.00142743,0,11.26,,,0,0.03542792,,,1,Mass,0.079,0.048,-0.029,0,,,,,1121,10,-9,0,0,<a refstr=LILLO_BOX_ET_AL__2020 href=https://ui.adsabs.harvard.edu/abs/2020A&A...640A..48L/abstract target=ref>Lillo-Box et al. 2020</a>,,5033,41,-35,0,0.71,0.01,-0.01,0,0.79,0.01,-0.01,0,-0.09,0.03,-0.03,0,[Fe/H],4.64,0.01,-0.01,0,<a refstr=STASSUN_ET_AL__2019 href=https://ui.adsabs.harvard.edu/abs/2019AJ....158..138S/abstract target=ref>TICv8</a>,15h21m55.18s,230.4799011,-20d13m54.47s,-20.2317975,67.5062,0.2799,-0.2775,10.883,0.014,-0.014,8.375,0.023,-0.023,10.4191,0.000343,-0.000343,44333,2020-08,44333,0,0.36,360,1.343,11.26
K2-233 c,K2-233,1,1,3,Transit,Unknown/Field,,2018,0.36,0.49,-0.14,0.85,K2,Published Confirmed,0,<a refstr=LILLO_BOX_ET_AL__2020 href=https://ui.adsabs.harvard.edu/abs/2020A&A...640A..48L/abstract target=ref>Lillo-Box et al. 2020</a>,7.06005,0.00024,-0.00027,0,0.06666,0.0002,-0.00018,0,1.281,0.022,-0.021,1.717408275,0,0.11428336,0.00196271,-0.0018735,0,12.81,,,0,0.04030477,,,1,Mass,0.2002,,,1,,,,,790,7,-6,0,0,<a refstr=LILLO_BOX_ET_AL__2020 href=https://ui.adsabs.harvard.edu/abs/2020A&A...640A..48L/abstract target=ref>Lillo-Box et al. 2020</a>,,5033,41,-35,0,0.71,0.01,-0.01,0,0.79,0.01,-0.01,0,-0.09,0.03,-0.03,0,[Fe/H],4.64,0.01,-0.01,0,<a refstr=STASSUN_ET_AL__2019 href=https://ui.adsabs.harvard.edu/abs/2019AJ....158..138S/abstract target=ref>TICv8</a>,15h21m55.18s,230.4799011,-20d13m54.47s,-20.2317975,67.5062,0.2799,-0.2775,10.883,0.014,-0.014,8.375,0.023,-0.023,10.4191,0.000343,-0.000343,44333,2020-08,44333,0,0.36,360,1.281,12.81
K2-233 d,K2-233,1,1,3,Transit,Unknown/Field,,2018,0.36,0.49,-0.14,0.85,K2,Published Confirmed,0,<a refstr=LILLO_BOX_ET_AL__2020 href=https://ui.adsabs.harvard.edu/abs/2020A&A...640A..48L/abstract target=ref>Lillo-Box et al. 2020</a>,24.3645,0.00068,-0.00068,0,0.15224,0.00046,-0.00042,0,2.358,0.043,-0.036,1.823579304,0,0.21036703,0.00383621,-0.00321171,0,21.14,,,0,0.06651388,,,1,Mass,0.1999,,,1,,,,,523,5,-4,0,0,<a refstr=LILLO_BOX_ET_AL__2020 href=https://ui.adsabs.harvard.edu/abs/2020A&A...640A..48L/abstract target=ref>Lillo-Box et al. 2020</a>,,5033,41,-35,0,0.71,0.01,-0.01,0,0.79,0.01,-0.01,0,-0.09,0.03,-0.03,0,[Fe/H],4.64,0.01,-0.01,0,<a refstr=STASSUN_ET_AL__2019 href=https://ui.adsabs.harvard.edu/abs/2019AJ....158..138S/abstract target=ref>TICv8</a>,15h21m55.18s,230.4799011,-20d13m54.47s,-20.2317975,67.5062,0.2799,-0.2775,10.883,0.014,-0.014,8.375,0.023,-0.023,10.4191,0.000343,-0.000343,44333,2020-08,44333,0,0.36,360,2.358,21.14
EPIC 211822797 b,EPIC 211822797,1,1,1,Transit,Cluster/Assoc,Praesepe/NGC_2632,2018,0.79,0.03,-0.03,0.82,K2,Published Confirmed,0,<a refstr=CASTRO_GONZ_AACUTE_LEZ_ET_AL__2022 href=https://ui.adsabs.harvard.edu/abs/2022MNRAS.509.1075C/abstract target=ref>Castro-Gonz&aacute;lez et al. 2022</a>,21.1701963,0.0000662,-0.0000642,0,0.1195,0.01,-0.0251,0,1.92,0.12,-0.07,6.25,#DIV/0!,0.17129122,0.0107057,-0.00624499,0,,,,#DIV/0!,,,,,,,,,,,,,,431,4,-17,0,0,<a refstr=CASTRO_GONZ_AACUTE_LEZ_ET_AL__2022 href=https://ui.adsabs.harvard.edu/abs/2022MNRAS.509.1075C/abstract target=ref>Castro-Gonz&aacute;lez et al. 2022</a>,,4057,37,-39,0,0.58,0.01,-0.01,0,0.62,0.02,-0.02,0,0.2,0.05,-0.07,0,[Fe/H],4.7,0.01,-0.01,0,<a refstr=STASSUN_ET_AL__2019 href=https://ui.adsabs.harvard.edu/abs/2019AJ....158..138S/abstract target=ref>TICv8</a>,08h41m38.45s,130.4102091,+17d38m23.91s,17.6399744,186.197,1.3645,-1.3645,15.133,0.16,-0.16,11.429,0.018,-0.018,14.5263,0.000323,-0.000323,44459,2022-01,44459,0,0.79,790,1.92,
K2-102 b,K2-102,1,1,1,Transit,Cluster/Assoc,NGC_2632,2016,0.79,0.03,-0.03,0.82,K2,Published Confirmed,0,<a refstr=MANN_ET_AL__2017 href=https://ui.adsabs.harvard.edu/abs/2017AJ....153...64M/abstract target=ref>Mann et al. 2017</a>,9.915615,0.001209,-0.001195,0,,,,,1.3,0.1,-0.1,7.692307692,#DIV/0!,0.116,0.009,-0.009,0,,,,#DIV/0!,,,,,,0.1,0.16,-0.07,0,,,,,,,,,0,<a refstr=MANN_ET_AL__2017 href=https://ui.adsabs.harvard.edu/abs/2017AJ....153...64M/abstract target=ref>Mann et al. 2017</a>,,4695,50,-50,0,0.71,0.03,-0.03,0,0.77,0.06,-0.06,0,0.14,0.04,-0.04,0,[Fe/H],,,,,<a refstr=STASSUN_ET_AL__2019 href=https://ui.adsabs.harvard.edu/abs/2019AJ....158..138S/abstract target=ref>TICv8</a>,08h40m13.41s,130.0558953,+19d46m43.51s,19.7787519,188.175,2.065,-2.022,13.083,0.103,-0.103,10.64,0.02,-0.02,12.8466,0.000602,-0.000602,20.12.16,2017-02,21.12.16,0,0.79,790,1.3,
K2-264 b,K2-264,1,1,2,Transit,Cluster/Assoc,Praesepe/NGC_2632,2018,0.79,0.03,-0.03,0.82,K2,Published Confirmed,0,<a refstr=LIVINGSTON_ET_AL__2019 href=https://ui.adsabs.harvard.edu/abs/2019MNRAS.484....8L/abstract target=ref>Livingston et al. 2019</a>,5.840002,0.000676,-0.000602,0,0.05023,0.00042,-0.00043,0,2.231,0.151,-0.145,6.768265352,#DIV/0!,0.19903649,0.01347132,-0.01293603,0,,,,#DIV/0!,,,,,,,,,,,,,,496,10,-10,0,0,<a refstr=LIVINGSTON_ET_AL__2019 href=https://ui.adsabs.harvard.edu/abs/2019MNRAS.484....8L/abstract target=ref>Livingston et al. 2019</a>,,3660,80,-45,0,0.473,0.011,-0.011,0,0.496,0.013,-0.013,0,-0.013,0.18,-0.18,0,[Fe/H],4.783,0.012,-0.012,0,<a refstr=STASSUN_ET_AL__2019 href=https://ui.adsabs.harvard.edu/abs/2019AJ....158..138S/abstract target=ref>TICv8</a>,08h45m26.00s,131.3583524,+19d41m54.24s,19.698401,185.605,2.122,-2.075,16.701,0.0462,-0.0462,12.183,0.02,-0.02,15.6625,0.000588,-0.000588,43501,2019-03,43503,0,0.79,790,2.231,
K2-264 c,K2-264,1,1,2,Transit,Cluster/Assoc,Praesepe/NGC_2632,2018,0.79,0.03,-0.03,0.82,K2,Published Confirmed,0,<a refstr=LIVINGSTON_ET_AL__2019 href=https://ui.adsabs.harvard.edu/abs/2019MNRAS.484....8L/abstract target=ref>Livingston et al. 2019</a>,19.660302,0.003496,-0.003337,0,0.11283,0.00095,-0.00097,0,2.668,0.201,-0.194,7.533733133,#DIV/0!,0.23802302,0.01793202,-0.01730752,0,,,,#DIV/0!,,,,,,,,,,,,,,331,7,-7,0,0,<a refstr=LIVINGSTON_ET_AL__2019 href=https://ui.adsabs.harvard.edu/abs/2019MNRAS.484....8L/abstract target=ref>Livingston et al. 2019</a>,,3660,80,-45,0,0.473,0.011,-0.011,0,0.496,0.013,-0.013,0,-0.013,0.18,-0.18,0,[Fe/H],4.783,0.012,-0.012,0,<a refstr=STASSUN_ET_AL__2019 href=https://ui.adsabs.harvard.edu/abs/2019AJ....158..138S/abstract target=ref>TICv8</a>,08h45m26.00s,131.3583524,+19d41m54.24s,19.698401,185.605,2.122,-2.075,16.701,0.0462,-0.0462,12.183,0.02,-0.02,15.6625,0.000588,-0.000588,43501,2019-03,43503,0,0.79,790,2.668,
K2-95 b,K2-95,1,1,1,Transit,Cluster/Assoc,Praesepe/NGC_2632,2016,0.79,0.03,-0.03,0.82,K2,Published Confirmed,0,<a refstr=CASTRO_GONZ_AACUTE_LEZ_ET_AL__2022 href=https://ui.adsabs.harvard.edu/abs/2022MNRAS.509.1075C/abstract target=ref>Castro-Gonz&aacute;lez et al. 2022</a>,10.1346454,0.0000121,-0.0000123,0,0.0525,0.0059,-0.0108,0,3.31,0.2,-0.14,6.042296073,#DIV/0!,0.29529893,0.01784284,-0.01248998,0,,,,#DIV/0!,,,,,,,,,,,,,,474,8,-24,0,0,<a refstr=CASTRO_GONZ_AACUTE_LEZ_ET_AL__2022 href=https://ui.adsabs.harvard.edu/abs/2022MNRAS.509.1075C/abstract target=ref>Castro-Gonz&aacute;lez et al. 2022</a>,,3566,34,-37,0,0.4,0.01,-0.01,0,0.41,0.01,-0.01,0,0.1,0.06,-0.06,0,[Fe/H],4.85,0.01,-0.01,0,<a refstr=STASSUN_ET_AL__2019 href=https://ui.adsabs.harvard.edu/abs/2019AJ....158..138S/abstract target=ref>TICv8</a>,08h37m27.02s,129.3625717,+18d58m35.83s,18.9766197,179.854,4.044,-3.873,17.236,0.0467,-0.0467,12.474,0.021,-0.021,16.0836,0.00088,-0.00088,44459,2022-01,44459,0,0.79,790,3.31,
K2-104 b,K2-104,1,1,1,Transit,Cluster/Assoc,Praesepe/NGC_2632,2017,0.79,0.03,-0.03,0.82,K2,Published Confirmed,0,<a refstr=CASTRO_GONZ_AACUTE_LEZ_ET_AL__2022 href=https://ui.adsabs.harvard.edu/abs/2022MNRAS.509.1075C/abstract target=ref>Castro-Gonz&aacute;lez et al. 2022</a>,1.9741954,0.0000024,-0.0000024,0,0.0242,0.0022,-0.0055,0,1.79,0.1,-0.06,5.586592179,#DIV/0!,0.15969338,0.00892142,-0.00535285,0,,,,#DIV/0!,,,,,,,,,,,,,,798,9,-39,0,0,<a refstr=CASTRO_GONZ_AACUTE_LEZ_ET_AL__2022 href=https://ui.adsabs.harvard.edu/abs/2022MNRAS.509.1075C/abstract target=ref>Castro-Gonz&aacute;lez et al. 2022</a>,,3712,54,-76,0,0.48,0.01,-0.01,0,0.51,0.02,-0.02,0,0.18,0.09,-0.1,0,[Fe/H],4.78,0.02,-0.02,0,<a refstr=STASSUN_ET_AL__2019 href=https://ui.adsabs.harvard.edu/abs/2019AJ....158..138S/abstract target=ref>TICv8</a>,08h38m32.80s,129.6366594,+19d46m25.39s,19.7737202,189.289,3.996,-3.837,15.989,0.206,-0.206,12.014,0.021,-0.021,15.3955,0.000606,-0.000606,44459,2022-01,44459,0,0.79,790,1.79,
K2-101 b,K2-101,1,1,1,Transit,Cluster/Assoc,Praesepe/NGC_2632,2017,0.79,0.03,-0.03,0.82,K2,Published Confirmed,0,<a refstr=CASTRO_GONZ_AACUTE_LEZ_ET_AL__2022 href=https://ui.adsabs.harvard.edu/abs/2022MNRAS.509.1075C/abstract target=ref>Castro-Gonz&aacute;lez et al. 2022</a>,14.6762429,0.0000201,-0.0000203,0,0.1124,0.0095,-0.0239,0,2,0.14,-0.07,7,#DIV/0!,0.17842836,0.01248998,-0.00624499,0,,,,#DIV/0!,,,,,,,,,,,,,,618,9,-25,0,0,<a refstr=CASTRO_GONZ_AACUTE_LEZ_ET_AL__2022 href=https://ui.adsabs.harvard.edu/abs/2022MNRAS.509.1075C/abstract target=ref>Castro-Gonz&aacute;lez et al. 2022</a>,,4927,47,-46,0,0.76,0.01,-0.01,0,0.82,0.02,-0.03,0,0.07,0.07,-0.07,0,[Fe/H],4.59,0.01,-0.02,0,<a refstr=STASSUN_ET_AL__2019 href=https://ui.adsabs.harvard.edu/abs/2019AJ....158..138S/abstract target=ref>TICv8</a>,08h41m22.54s,130.3439097,+18d56m01.75s,18.9338205,188.33,2.128,-2.082,12.892,0.114,-0.114,10.536,0.019,-0.019,12.6619,0.00047,-0.00047,44459,2022-01,44459,0,0.79,790,2,
TOI-4364 b,TOI-4364,1,1,1,Transit,Cluster/Assoc,Hyades,2025,0.71,0.1,-0.1,0.81,Transiting Exoplanet Survey Satellite (TESS),Published Confirmed,0,<a refstr=DISTLER_ET_AL__2025 href=https://ui.adsabs.harvard.edu/abs/2025AJ....169..166D/abstract target=ref>Distler et al. 2025</a>,5.424019,0.00001,-0.000011,0,0.04753,0.00053,-0.00054,0,2.01,0.1,-0.08,4.975124378,#DIV/0!,0.1793205,0.00892142,-0.00713713,0,,,,#DIV/0!,,,,,,0.29,0.38,-0.17,0,,,,,488,9,-7,0,0,<a refstr=DISTLER_ET_AL__2025 href=https://ui.adsabs.harvard.edu/abs/2025AJ....169..166D/abstract target=ref>Distler et al. 2025</a>,M4 V,3528,33,-20,0,0.4684,0.0087,-0.01,0,0.487,0.017,-0.016,0,0.148,0.046,-0.046,0,[Fe/H],4.785,0.017,-0.016,0,<a refstr=STASSUN_ET_AL__2019 href=https://ui.adsabs.harvard.edu/abs/2019AJ....158..138S/abstract target=ref>TICv8</a>,05h20m16.06s,80.066927,-04d14m21.29s,-4.2392481,43.9662,0.1044,-0.1044,13.564,0.034,-0.034,9.075,0.024,-0.024,12.5548,0.000566,-0.000566,17.03.25,2025-03,17.03.25,0,0.71,710,2.01,
COCONUTS-2 b,COCONUTS-2 A,1,1,1,Imaging,Field,,2021,0.475,0.325,-0.325,0.8,NASA Infrared Telescope Facility (IRTF),Published Confirmed,0,<a refstr=ZHANG_ET_AL__2021 href=https://ui.adsabs.harvard.edu/abs/2021ApJ...916L..11Z/abstract target=ref>Zhang et al. 2021</a>,402000000,470000000,-100000000,0,7506,5205,-2060,0,12.442,0.336,-0.336,2.700530461,23.80952383,1.11,0.03,-0.03,0,2002.31896,476.74261,-603.87397,23.80952383,6.3,1.5,-1.9,0,Mass,,,,,,,,,434,9,-9,0,0,<a refstr=ZHANG_ET_AL__2021 href=https://ui.adsabs.harvard.edu/abs/2021ApJ...916L..11Z/abstract target=ref>Zhang et al. 2021</a>,M3 V,3406,69,-69,0,0.39,0.01,-0.01,0,0.37,0.02,-0.02,0,0,0.08,-0.08,0,[Fe/H],4.83,0.03,-0.03,0,<a refstr=STASSUN_ET_AL__2019 href=https://ui.adsabs.harvard.edu/abs/2019AJ....158..138S/abstract target=ref>TICv8</a>,07h49m12.22s,117.300914,-76d42m09.71s,-76.702696,10.8864,0.0041,-0.0042,11.298,0.027,-0.027,6.579,0.018,-0.018,10.146,0.001567,-0.001567,16.08.21,2021-08,16.08.21,0,0.475,475,12.442,2002.31896
KELT-17 b,KELT-17,1,1,1,Transit,Unknown/Field,,2016,0.65,0.15,-0.15,0.8,KELT,Published Confirmed,0,<a refstr=ZHOU_ET_AL__2016 href=https://ui.adsabs.harvard.edu/abs/2016AJ....152..136Z/abstract target=ref>Zhou et al. 2016</a>,3.0801716,0.0000053,-0.0000052,0,0.04881,0.00065,-0.00061,0,17.094,0.729,-0.673,4.264654265,21.3740458,1.525,0.065,-0.06,0,416.3573,88.9924,-92.1707,21.3740458,1.31,0.28,-0.29,0,Mass,,,,,,,,,2087,32,-33,0,0,<a refstr=ZHOU_ET_AL__2016 href=https://ui.adsabs.harvard.edu/abs/2016AJ....152..136Z/abstract target=ref>Zhou et al. 2016</a>,A,7454,49,-49,0,1.65,0.06,-0.06,0,1.64,0.07,-0.06,0,-0.018,0.074,-0.072,0,[Fe/H],4.22,0.02,-0.02,0,<a refstr=STASSUN_ET_AL__2019 href=https://ui.adsabs.harvard.edu/abs/2019AJ....158..138S/abstract target=ref>TICv8</a>,08h22m28.18s,125.617407,+13d44m07.11s,13.7353093,226.5,2.506,-2.453,9.234,0.003,-0.003,8.646,0.018,-0.018,9.20887,0.000348,-0.000348,02.12.19,2016-11,08.09.16,0,0.65,650,17.094,416.3573
Ross 458 c,Ross 458,1,2,1,Imaging,Unknown/Field,,2010,0.5,0.3,-0.35,0.8,Las Campanas Observatory,Published Confirmed,0,<a refstr=BURGASSER_ET_AL__2010 href=https://ui.adsabs.harvard.edu/abs/2010ApJ...725.1405B/abstract target=ref> Burgasser et al. 2010 </a>,,,,,1100,,,-1,14.011,,,0,0,1.25,,,0,1906.98,,,0,6,,,0,Mass,,,,,,,,,,,,,0,<a refstr=BURGASSER_ET_AL__2010 href=https://ui.adsabs.harvard.edu/abs/2010ApJ...725.1405B/abstract target=ref> Burgasser et al. 2010 </a>,,,,,,,,,,,,,,,,,,,,,,,<a refstr=STASSUN_ET_AL__2019 href=https://ui.adsabs.harvard.edu/abs/2019AJ....158..138S/abstract target=ref>TICv8</a>,13h00m45.89s,195.1912147,+12d22m32.16s,12.3755996,11.5094,0.02025,-0.02025,9.76,0.1,-0.1,5.578,0.016,-0.016,8.90809,0.001404,-0.001404,18.09.20,2010-12,24.09.20,0,0.5,500,14.011,1906.98
TOI-5398 b,TOI-5398,1,1,2,Transit,Field,,2022,0.65,0.15,-0.15,0.8,Transiting Exoplanet Survey Satellite (TESS),Published Confirmed,0,<a refstr=MANTOVAN_ET_AL__2023 href=https://ui.adsabs.harvard.edu/abs/2023arXiv231016888M/abstract target=ref>Mantovan et al. 2023</a>,10.590547,0.000012,-0.000011,0,0.098,0.005,-0.005,0,10.3,0.4,-0.4,3.883495146,9.710391823,0.919,0.036,-0.036,0,58.7,5.7,-5.6,9.710391823,0.18469,0.01793,-0.01762,0,Mass,0.13,,,1,,,,,947,28,-28,0,0,<a refstr=MANTOVAN_ET_AL__2023 href=https://ui.adsabs.harvard.edu/abs/2023arXiv231016888M/abstract target=ref>Mantovan et al. 2023</a>,G V,6000,75,-75,0,1.05,0.01,-0.01,0,1.15,0.01,-0.01,0,0.09,0.06,-0.06,0,[Fe/H],4.44,0.1,-0.1,0,<a refstr=STASSUN_ET_AL__2019 href=https://ui.adsabs.harvard.edu/abs/2019AJ....158..138S/abstract target=ref>TICv8</a>,10h47m31.09s,161.8795569,+36d19m45.96s,36.3294345,130.855,0.686,-0.678,10.059,0.005,-0.005,8.713,0.018,-0.018,9.98233,0.000636,-0.000636,07.11.23,2023-10,07.11.23,0,0.65,650,10.3,58.7
TOI-5398 c,TOI-5398,1,1,2,Transit,Field,,2023,0.65,0.15,-0.15,0.8,Transiting Exoplanet Survey Satellite (TESS),Published Confirmed,0,<a refstr=MANTOVAN_ET_AL__2023 href=https://ui.adsabs.harvard.edu/abs/2023arXiv231016888M/abstract target=ref>Mantovan et al. 2023</a>,4.77271,0.00016,-0.00014,0,0.057,0.003,-0.003,0,3.52,0.19,-0.19,5.397727273,40.6779661,0.314,0.017,-0.017,0,11.8,4.8,-4.7,40.6779661,0.03713,0.0151,-0.01479,0,Mass,0.14,,,1,,,,,1242,37,-37,0,0,<a refstr=MANTOVAN_ET_AL__2023 href=https://ui.adsabs.harvard.edu/abs/2023arXiv231016888M/abstract target=ref>Mantovan et al. 2023</a>,G V,6000,75,-75,0,1.05,0.01,-0.01,0,1.15,0.01,-0.01,0,0.09,0.06,-0.06,0,[Fe/H],4.44,0.1,-0.1,0,<a refstr=STASSUN_ET_AL__2019 href=https://ui.adsabs.harvard.edu/abs/2019AJ....158..138S/abstract target=ref>TICv8</a>,10h47m31.09s,161.8795569,+36d19m45.96s,36.3294345,130.855,0.686,-0.678,10.059,0.005,-0.005,8.713,0.018,-0.018,9.98233,0.000636,-0.000636,06.11.23,2023-10,06.11.23,0,0.65,650,3.52,11.8
TOI-5734 b,TOI-5734,1,1,1,Transit,,,2026,0.5,0.3,-0.15,0.8,Transiting Exoplanet Survey Satellite (TESS),Published Confirmed,0,<a refstr=FILOMENO_ET_AL_2026 href=https://ui.adsabs.harvard.edu/abs/2026A&A...708A..90F/abstract target=ref>Filomeno et al. 2026</a>,6.1841876,0.000008,-0.0000094,0,0.05921,0.00024,-0.00024,0,2.1,0.12,-0.12,5.714285714,28.57142857,0.18734977,0.0107057,-0.0107057,0,9.1,2.6,-2.6,28.57142857,0.0286318,0.00818051,-0.00818051,0,Mass,,,,,,,,,688,23,-23,0,0,<a refstr=FILOMENO_ET_AL_2026 href=https://ui.adsabs.harvard.edu/abs/2026A&A...708A..90F/abstract target=ref>Filomeno et al. 2026</a>,K3-K4 V,4750,100,-100,0,0.639,0.034,-0.034,0,0.724,0.009,-0.009,0,-0.13,0.03,-0.03,0,[Fe/H],4.66,0.06,-0.06,0,<a refstr=STASSUN_ET_AL__2019 href=https://ui.adsabs.harvard.edu/abs/2019AJ....158..138S/abstract target=ref>TICv8</a>,07h25m01.40s,111.2558179,+37d13m52.04s,37.2311218,32.5102,0.0781,-0.0779,9.613,0.006,-0.006,6.987,0.016,-0.016,9.19044,0.000483,-0.000483,05.03.26,2026-03,05.03.26,0,0.5,500,2.1,9.1
WASP-195 b,WASP-195,1,1,1,Transit,,,2025,0.6,0.2,-0.2,0.8,SuperWASP,Published Confirmed,0,<a refstr=SCHANCHE_ET_AL_2025 href=https://ui.adsabs.harvard.edu/abs/2025AJ....169..334S/abstract target=ref>Schanche et al. 2025</a>,5.051928,0.000004,-0.000004,0,0.063,0.003,-0.003,0,10.31226224,0.56044903,-0.56044903,5.434782562,28.84615384,0.92,0.05,-0.05,0,33.05415433,9.53485221,-9.85268062,28.84615384,0.104,0.03,-0.031,0,Mass,0,,,0,890,127,-127,0,1522,71,-71,0,0,<a refstr=SCHANCHE_ET_AL_2025 href=https://ui.adsabs.harvard.edu/abs/2025AJ....169..334S/abstract target=ref>Schanche et al. 2025</a>,,6300,125,-125,0,1.578,0.066,-0.066,0,1.3,0.08,-0.08,0,0,0.3,-0.3,0,[Fe/H],4.14,0.25,-0.25,0,<a refstr=STASSUN_ET_AL__2019 href=https://ui.adsabs.harvard.edu/abs/2019AJ....158..138S/abstract target=ref>TICv8</a>,16h30m11.91s,247.5496427,+49d53m44.85s,49.895791,484.852,5.143,-5.038,11.947,0.02,-0.02,10.679,0.016,-0.016,11.7877,0.0002,-0.0002,21.04.25,2025-06,21.04.25,0,0.6,600,10.31226224,33.05415433
eps Eri b,eps Eri,1,1,1,Radial Velocity,Possible Cluster/Assoc,Ursa Major MG,2000,0.6,0.2,-0.2,0.8,Multiple Observatories,Published Confirmed,0,<a refstr=LLOP_SAYSON_ET_AL__2021 href=https://ui.adsabs.harvard.edu/abs/2021AJ....162..181L/abstract target=ref>Llop-Sayson et al. 2021</a>,2671,17,-23,0,3.53,0.03,-0.04,0,,,,#DIV/0!,18.18181862,,,,,209.76675,38.13941,-28.60456,18.18181862,0.66,0.12,-0.09,0,Mass,0.07,0.07,-0.05,0,,,,,,,,,0,<a refstr=LLOP_SAYSON_ET_AL__2021 href=https://ui.adsabs.harvard.edu/abs/2021AJ....162..181L/abstract target=ref>Llop-Sayson et al. 2021</a>,K2 V,,,,,,,,,0.82,0.02,-0.02,0,,,,,,,,,,<a refstr=STASSUN_ET_AL__2019 href=https://ui.adsabs.harvard.edu/abs/2019AJ....158..138S/abstract target=ref>TICv8</a>,03h32m54.82s,53.2284306,-09d27m29.42s,-9.4581715,3.2026,0.00483,-0.00483,3.71548,0.023,-0.023,1.776,0.286,-0.286,3.47719,0.0055451,-0.0055451,18.07.22,2021-11,18.07.22,0,0.6,600,,209.76675
HD 235088 b,HD 235088,1,1,1,Transit,Likely Cluster/Assoc,Hyades,2023,0.7,0.1,-0.1,0.8,Transiting Exoplanet Survey Satellite (TESS),Published Confirmed,0,<a refstr=ORELL_MIQUEL_ET_AL__2023 href=https://ui.adsabs.harvard.edu/abs/2023arXiv230705191O/abstract target=ref>Orell-Miquel et al. 2023</a>,7.4341393,0.0000062,-0.0000062,0,0.072,0.0026,-0.0026,0,2.045,0.075,-0.075,3.667481663,#DIV/0!,0.182,0.007,-0.007,0,,,,#DIV/0!,,,,,,,,,,70,5,-5,0,805,13,-12,0,0,<a refstr=ORELL_MIQUEL_ET_AL__2023 href=https://ui.adsabs.harvard.edu/abs/2023arXiv230705191O/abstract target=ref>Orell-Miquel et al. 2023</a>,K2 V,5037,14,-14,0,0.79,0.02,-0.02,0,0.84,0.03,-0.06,0,-0.01,0.02,-0.02,0,[Fe/H],4.63,0.02,-0.02,0,<a refstr=STASSUN_ET_AL__2019 href=https://ui.adsabs.harvard.edu/abs/2019AJ....158..138S/abstract target=ref>TICv8</a>,20h02m27.71s,300.6154535,+53d22m38.79s,53.3774418,41.1706,0.0414,-0.0414,9.19,0.03,-0.03,7.084,0.016,-0.016,8.94271,0.000387,-0.000387,21.07.23,2023-07,21.07.23,0,0.7,700,2.045,
TOI-1801 b,TOI-1801,1,2,1,Transit,Comoving pair,,2023,0.7,0.1,-0.1,0.8,Transiting Exoplanet Survey Satellite (TESS),Published Confirmed,0,<a refstr=MALLORQU_IACUTE_N_ET_AL__2023 href=https://ui.adsabs.harvard.edu/abs/2023arXiv231010244M/abstract target=ref>Mallorqu&iacute;n et al. 2023</a>,10.64387,0.00005,-0.00006,0,,,,,2.079,0.124,-0.11,5.964405964,25.35726734,0.186,0.011,-0.01,0,5.738,1.455,-1.428,25.35726734,0.01805,0.00458,-0.00449,0,Mass,0,,,0,,,,,494,15,-14,0,0,<a refstr=MALLORQU_IACUTE_N_ET_AL__2023 href=https://ui.adsabs.harvard.edu/abs/2023arXiv231010244M/abstract target=ref>Mallorqu&iacute;n et al. 2023</a>,M0.5+/-0.5 V,3863,77,-77,0,0.55,0.03,-0.02,0,0.56,0.04,-0.04,0,-0.19,0.04,-0.04,0,[Fe/H],4.78,0.05,-0.05,0,<a refstr=STASSUN_ET_AL__2019 href=https://ui.adsabs.harvard.edu/abs/2019AJ....158..138S/abstract target=ref>TICv8</a>,11h42m18.14s,175.5755995,+23d01m37.32s,23.0270335,30.6796,0.1677,-0.1677,11.58,0.1,-0.1,7.805,0.024,-0.024,10.8269,0.001232,-0.001232,21.10.23,2023-10,21.10.23,0,0.7,700,2.079,5.738
HD 207496 b,HD 207496,1,1,1,Transit,Unknown/Field,,2023,0.52,0.26,-0.26,0.78,Transiting Exoplanet Survey Satellite (TESS),Published Confirmed,0,<a refstr=BARROS_ET_AL__2023 href=https://ui.adsabs.harvard.edu/abs/2023A&A...673A...4B/abstract target=ref>Barros et al. 2023</a>,6.441008,0.000011,-0.000011,0,0.0629,0.0011,-0.0011,0,2.25,0.12,-0.1,5.333333333,26.2295082,0.201,0.011,-0.009,0,6.1,1.6,-1.6,26.2295082,0.01919,0.00503,-0.00503,0,Mass,0.231,0.042,-0.049,0,72.9,8.5,-7.5,0,743,26,-26,0,0,<a refstr=BARROS_ET_AL__2023 href=https://ui.adsabs.harvard.edu/abs/2023A&A...673A...4B/abstract target=ref>Barros et al. 2023</a>,K2.5 V,4819,94,-94,0,0.77,0.03,-0.03,0,0.8,0.04,-0.04,0,0.095,0.038,-0.038,0,[Fe/H],4.51,0.04,-0.04,0,<a refstr=STASSUN_ET_AL__2019 href=https://ui.adsabs.harvard.edu/abs/2019AJ....158..138S/abstract target=ref>TICv8</a>,21h54m52.36s,328.7181708,-77d20m19.69s,-77.3388025,23.606,0.0179,-0.0179,8.23,0.03,-0.03,5.967,0.026,-0.026,7.97255,0.000514,-0.000514,26.05.23,2023-05,26.05.23,0,0.52,520,2.25,6.1
K2-25 b,K2-25,1,1,1,Transit,Cluster/Assoc,,2015,0.73,0.05,-0.052,0.78,K2,Published Confirmed,0,<a refstr=STEFANSSON_ET_AL__2020 href=https://ui.adsabs.harvard.edu/abs/2020AJ....160..192S/abstract target=ref>Stefansson et al. 2020</a>,3.48456408,0.0000006,-0.0000005,0,0.0287,0.0012,-0.0012,0,3.44,0.12,-0.12,3.488372093,23.26530612,0.306,0.011,-0.011,0,24.5,5.7,-5.2,23.26530612,0.07709,0.01793,-0.01636,0,Mass,0.428,0.05,-0.049,0,9.91,0.95,-0.86,0,494,11,-11,0,0,<a refstr=STEFANSSON_ET_AL__2020 href=https://ui.adsabs.harvard.edu/abs/2020AJ....160..192S/abstract target=ref>Stefansson et al. 2020</a>,M4.5 V,3207,58,-58,0,0.29,0.01,-0.01,0,0.26,0.01,-0.01,0,0.15,0.03,-0.03,0,[Fe/H],4.94,0.03,-0.03,0,<a refstr=STASSUN_ET_AL__2019 href=https://ui.adsabs.harvard.edu/abs/2019AJ....158..138S/abstract target=ref>TICv8</a>,04h13m05.74s,63.2739346,+15d14m51.73s,15.2477027,44.9565,0.1664,-0.1653,16.21,0.2,-0.2,10.444,0.019,-0.019,14.3817,0.000951,-0.000951,28.03.22,2020-10,28.03.22,0,0.73,730,3.44,24.5
Kepler-78 b,Kepler-78,1,2,1,Transit,Unknown/Field,,2013,0.625,0.15,-0.15,0.775,Kepler,Published Confirmed,0,<a refstr=BONOMO_ET_AL__2023 href=https://ui.adsabs.harvard.edu/abs/2023arXiv230405773B/abstract target=ref>Bonomo et al. 2023</a>,0.35500745,0.00000008,-0.00000008,0,0.00901,0.00012,-0.00019,0,1.201,0.028,-0.028,2.331390508,16.07142857,0.10714623,0.002498,-0.002498,0,1.68,0.27,-0.27,16.07142857,0.00528587,0.00084952,-0.00084952,0,Mass,0,,,0,4070,240,-240,0,2223,32,-32,0,0,<a refstr=BONOMO_ET_AL__2023 href=https://ui.adsabs.harvard.edu/abs/2023arXiv230405773B/abstract target=ref>Bonomo et al. 2023</a>,,5058,50,-50,0,0.7475,0.0077,-0.0078,0,0.779,0.032,-0.046,0,-0.18,0.08,-0.08,0,[Fe/H],,,,,<a refstr=STASSUN_ET_AL__2019 href=https://ui.adsabs.harvard.edu/abs/2019AJ....158..138S/abstract target=ref>TICv8</a>,19h34m58.07s,293.7419543,+44d26m53.71s,44.4482521,124.376,0.33,-0.329,11.717,0.034,-0.034,9.586,0.015,-0.015,11.5287,0.00034,-0.00034,45033,2023-04,45033,0,0.625,625,1.201,1.68
K2-284 b,K2-284,1,1,1,Transit,Unknown/Field,Possibly Cas-Tau assoc,2018,0.12,0.64,-0.02,0.76,K2,Published Confirmed,0,<a refstr=DAVID_ET_AL__2018 href=https://ui.adsabs.harvard.edu/abs/2018AJ....156..302D/abstract target=ref>David et al. 2018</a>,4.795069,0.000086,-0.000086,0,0.04771,0.00025,-0.00025,0,2.78,0.14,-0.12,5.035971223,#DIV/0!,0.248,0.012,-0.011,0,,,,#DIV/0!,,,,,,0.078,0.108,-0.055,0,42.6,1.8,-1.8,0,653,16,-14,0,0,<a refstr=DAVID_ET_AL__2018 href=https://ui.adsabs.harvard.edu/abs/2018AJ....156..302D/abstract target=ref>David et al. 2018</a>,,4140,50,-50,0,0.61,0.02,-0.02,0,0.63,0.01,-0.01,0,0,0.08,-0.08,0,[Fe/H],4.67,0.01,-0.01,0,<a refstr=STASSUN_ET_AL__2019 href=https://ui.adsabs.harvard.edu/abs/2019AJ....158..138S/abstract target=ref>TICv8</a>,05h16m33.79s,79.1407971,+20d15m17.65s,20.2549034,107.272,0.502,-0.497,13.265,0.206,-0.206,10.058,0.018,-0.018,12.8598,0.0011,-0.0011,12.11.18,2018-12,15.11.18,0,0.12,120,2.78,
K2-100 b,K2-100,1,1,1,Transit,Cluster/Assoc,Praesepe/NGC_2632,2016,0.75,0.004,-0.007,0.754,K2,Published Confirmed,0,<a refstr=BARRAG_AACUTE_N_ET_AL__2019 href=https://ui.adsabs.harvard.edu/abs/2019MNRAS.490..698B/abstract target=ref>Barrag&aacute;n et al. 2019</a>,1.6739035,0.0000004,-0.0000004,0,0.0301,0.0014,-0.0014,0,3.88,0.16,-0.16,4.12371134,28.44036697,0.346,0.014,-0.014,0,21.8,6.2,-6.2,28.44036697,0.06859,0.01951,-0.01951,0,Mass,0,,,0,1915,178,-165,0,1841,41,-41,0,0,<a refstr=BARRAG_AACUTE_N_ET_AL__2019 href=https://ui.adsabs.harvard.edu/abs/2019MNRAS.490..698B/abstract target=ref>Barrag&aacute;n et al. 2019</a>,G0 V,5945,110,-110,0,1.24,0.05,-0.05,0,1.15,0.05,-0.05,0,0.22,0.09,-0.09,0,[Fe/H],4.33,0.1,-0.1,0,<a refstr=STASSUN_ET_AL__2019 href=https://ui.adsabs.harvard.edu/abs/2019AJ....158..138S/abstract target=ref>TICv8</a>,08h38m24.26s,129.6010863,+20d06m21.63s,20.1060074,188.959,2.471,-2.41,10.651,0.012,-0.012,9.182,0.018,-0.018,10.4053,0.000406,-0.000406,12.07.21,2019-11,12.07.21,0,0.75,750,3.88,21.8
HATS-67 b,HATS-67,1,1,1,Transit,Field/unknown,,2018,0.51,0.24,-0.24,0.75,HATSouth,Published Confirmed,0,<a refstr=HARTMAN_ET_AL__2019 href=https://ui.adsabs.harvard.edu/abs/2019AJ....157...55H/abstract target=ref>Hartman et al. 2019</a>,1.6091788,0.000004,-0.000004,0,0.03032,0.00015,-0.00015,0,18.887,0.527,-0.527,2.790279028,8.275862069,1.685,0.047,-0.047,0,460.8535,38.1396,-38.1396,8.275862069,1.45,0.12,-0.12,0,Mass,0.057,,,0,3821,153,-147,0,2193,22,-22,0,0,<a refstr=HARTMAN_ET_AL__2019 href=https://ui.adsabs.harvard.edu/abs/2019AJ....157...55H/abstract target=ref>Hartman et al. 2019</a>,,6594,33,-33,0,1.44,0.03,-0.03,0,1.44,0.02,-0.02,0,0.332,0.052,-0.052,0,[Fe/H],4.28,0.01,-0.01,0,<a refstr=STASSUN_ET_AL__2019 href=https://ui.adsabs.harvard.edu/abs/2019AJ....158..138S/abstract target=ref>TICv8</a>,12h00m50.11s,180.2087883,-46d08m11.11s,-46.1364201,960.109,24.025,-22.9,13.698,0.114,-0.114,12.327,0.026,-0.026,13.5596,0.000208,-0.000208,15.01.19,2019-02,17.01.19,0,0.51,510,18.887,460.8535
Kepler-51 b,Kepler-51,1,1,4,Transit,Field/unknown,,2012,0.5,0.25,-0.25,0.75,Kepler,Published Confirmed,0,<a refstr=MASUDA_2014 href=https://ui.adsabs.harvard.edu/abs/2014ApJ...783...53M/abstract target=ref> Masuda 2014 </a>,45.154,0.0002,-0.0002,0,0.2514,0.0097,-0.0097,0,7.1,0.3,-0.3,4.225352113,71.42857143,0.633,0.027,-0.027,0,2.1,1.5,-0.8,71.42857143,0.007,0.005,-0.003,0,Mass,0.04,0.01,-0.01,0,,,,,543,11,-11,0,1,<a refstr=MASUDA_2014 href=https://ui.adsabs.harvard.edu/abs/2014ApJ...783...53M/abstract target=ref> Masuda 2014 </a>,,6018,107,-107,0,0.94,0.5,-0.5,0,1.04,0.12,-0.12,0,,,,,,4.51,0.3,-0.3,0,<a refstr=STASSUN_ET_AL__2019 href=https://ui.adsabs.harvard.edu/abs/2019AJ....158..138S/abstract target=ref>TICv8</a>,19h45m55.14s,296.4797624,+49d56m15.53s,49.9376486,783.831,13.669,-13.218,14.885,0.126,-0.126,13.197,0.037,-0.037,14.6777,0.000449,-0.000449,41773,2014-03,41773,0,0.5,500,7.1,2.1
Kepler-51 c,Kepler-51,1,1,4,Transit,Field/unknown,,2012,0.5,0.25,-0.25,0.75,Kepler,Published Confirmed,0,<a refstr=MASUDA_2014 href=https://ui.adsabs.harvard.edu/abs/2014ApJ...783...53M/abstract target=ref> Masuda 2014 </a>,85.312,0.003,-0.002,0,0.384,0.015,-0.015,0,9,2.8,-1.7,31.11111111,10,0.803,0.25,-0.152,0,4,0.4,-0.4,10,0.013,0.001,-0.001,0,Mass,0.014,0.013,-0.009,0,,,,,439,9,-9,0,1,<a refstr=MASUDA_2014 href=https://ui.adsabs.harvard.edu/abs/2014ApJ...783...53M/abstract target=ref> Masuda 2014 </a>,,6018,107,-107,0,0.94,0.5,-0.5,0,1.04,0.12,-0.12,0,,,,,,4.51,0.3,-0.3,0,<a refstr=STASSUN_ET_AL__2019 href=https://ui.adsabs.harvard.edu/abs/2019AJ....158..138S/abstract target=ref>TICv8</a>,19h45m55.14s,296.4797624,+49d56m15.53s,49.9376486,783.831,13.669,-13.218,14.885,0.126,-0.126,13.197,0.037,-0.037,14.6777,0.000449,-0.000449,41773,2014-03,41773,0,0.5,500,9,4
Kepler-51 d,Kepler-51,1,1,4,Transit,Field/unknown,,2014,0.5,0.25,-0.25,0.75,Kepler,Published Confirmed,0,<a refstr=MASUDA_2014 href=https://ui.adsabs.harvard.edu/abs/2014ApJ...783...53M/abstract target=ref> Masuda 2014 </a>,130.194,0.005,-0.002,0,0.509,0.02,-0.02,0,9.7,0.5,-0.5,5.154639175,14.47368421,0.865,0.045,-0.045,0,7.6,1.1,-1.1,14.47368421,0.024,0.003,-0.003,0,Mass,0.008,0.011,-0.008,0,,,,,381,8,-8,0,1,<a refstr=MASUDA_2014 href=https://ui.adsabs.harvard.edu/abs/2014ApJ...783...53M/abstract target=ref> Masuda 2014 </a>,,6018,107,-107,0,0.94,0.5,-0.5,0,1.04,0.12,-0.12,0,,,,,,4.51,0.3,-0.3,0,<a refstr=STASSUN_ET_AL__2019 href=https://ui.adsabs.harvard.edu/abs/2019AJ....158..138S/abstract target=ref>TICv8</a>,19h45m55.14s,296.4797624,+49d56m15.53s,49.9376486,783.831,13.669,-13.218,14.885,0.126,-0.126,13.197,0.037,-0.037,14.6777,0.000449,-0.000449,41773,2014-03,41773,0,0.5,500,9.7,7.6
Kepler-51 e,Kepler-51,1,1,4,Transit Timing Variations,Field/unknown,,2024,0.5,0.25,-0.25,0.75,Multiple Observatories,Published Confirmed,0,<a refstr=MASUDA_ET_AL__2024 href=https://ui.adsabs.harvard.edu/abs/2024arXiv241001625M/abstract target=ref>Masuda et al. 2024</a>,264.284,0.905,-0.905,0,,,,,,,,#DIV/0!,27.77777778,,,,,5.4,1.5,-1.5,27.77777778,0.0169903,0.00471953,-0.00471953,0,Mass,0.02,0.015,-0.015,0,,,,,,,,,0,<a refstr=MASUDA_ET_AL__2024 href=https://ui.adsabs.harvard.edu/abs/2024arXiv241001625M/abstract target=ref>Masuda et al. 2024</a>,,5674,,,0,0.87,0.04,-0.04,0,0.96,0.05,-0.05,0,0.047,,,0,[Fe/H],,,,,<a refstr=STASSUN_ET_AL__2019 href=https://ui.adsabs.harvard.edu/abs/2019AJ....158..138S/abstract target=ref>TICv8</a>,19h45m55.14s,296.4797624,+49d56m15.53s,49.9376486,783.831,13.669,-13.218,14.885,0.126,-0.126,13.197,0.037,-0.037,14.6777,0.000449,-0.000449,45587,2024-10,45587,0,0.5,500,,5.4
WASP-102 b,WASP-102,1,1,1,Transit,,,2025,0.67,0.07,-0.07,0.74,SuperWASP,Published Confirmed,0,<a refstr=SCHANCHE_ET_AL_2025 href=https://ui.adsabs.harvard.edu/abs/2025AJ....169..334S/abstract target=ref>Schanche et al. 2025</a>,2.709813,0.0000003,-0.0000003,0,0.041,0.001,-0.001,0,14.90794433,0.56044903,-0.56044903,3.759398463,21.38263666,1.33,0.05,-0.05,0,197.6892692,42.27117813,-42.27117813,21.38263666,0.622,0.133,-0.133,0,Mass,0,,,0,1293,155,-155,0,1671,65,-65,0,0,<a refstr=SCHANCHE_ET_AL_2025 href=https://ui.adsabs.harvard.edu/abs/2025AJ....169..334S/abstract target=ref>Schanche et al. 2025</a>,,5990,100,-100,0,1.375,0.048,-0.048,0,1.08,0.07,-0.07,0,-0.2,0.3,-0.3,0,[Fe/H],4.2,0.15,-0.15,0,<a refstr=STASSUN_ET_AL__2019 href=https://ui.adsabs.harvard.edu/abs/2019AJ....158..138S/abstract target=ref>TICv8</a>,22h25m51.43s,336.4643016,+15d51m23.90s,15.8566392,535.689,16.068,-15.173,12.667,0.103,-0.103,11.106,0.017,-0.017,12.562,0.000216,-0.000216,21.04.25,2025-06,21.04.25,0,0.67,670,14.90794433,197.6892692
WASP-178 b/Kelt-26 b,WASP-178,1,1,1,Transit,Field/unknown,,2019,0.43,0.31,-0.25,0.74,WASP-South,Published Confirmed,0,<a refstr=HELLIER_ET_AL__2019 href=https://ui.adsabs.harvard.edu/abs/2019MNRAS.490.1479H/abstract target=ref>Hellier et al. 2019</a>,3.3448285,0.0000012,-0.0000012,0,0.0558,0.001,-0.001,0,20.28829,1.00881,-1.00881,4.972375691,7.228915663,1.81,0.09,-0.09,0,527.5978,38.1396,-38.1396,7.228915663,1.66,0.12,-0.12,0,Mass,0,,,0,,,,,2470,60,-60,0,0,<a refstr=HELLIER_ET_AL__2019 href=https://ui.adsabs.harvard.edu/abs/2019MNRAS.490.1479H/abstract target=ref>Hellier et al. 2019</a>,A1 IV-V,9360,150,-150,0,1.67,0.07,-0.07,0,2.07,0.11,-0.11,0,0.21,0.16,-0.16,0,[Fe/H],4.31,0.04,-0.04,0,<a refstr=STASSUN_ET_AL__2019 href=https://ui.adsabs.harvard.edu/abs/2019AJ....158..138S/abstract target=ref>TICv8</a>,15h09m04.88s,227.270329,-42d42m17.88s,-42.7049658,427.678,11.35,-10.786,9.946,0.005,-0.005,9.703,0.021,-0.021,9.91226,0.000426,-0.000426,43740,2019-11,43748,0,0.43,430,20.28829,527.5978
K2-136 b,K2-136,1,2,3,Transit,Cluster/Assoc,Hyades,2017,0.65,0.07,-0.07,0.72,K2,Published Confirmed,0,<a refstr=MAYO_ET_AL__2023 href=https://ui.adsabs.harvard.edu/abs/2023arXiv230402779M/abstract target=ref>Mayo et al. 2023</a>,7.9752,0.00079,-0.00079,0,0.0707,0.0012,-0.0012,0,1.014,0.05,-0.049,4.930966469,0,0.09,0.004,-0.004,0,4.3,,,0,0.01353,,,1,Mass,0.14,0.12,-0.11,0,33.5,1.6,-1.5,0,610,,,0,0,<a refstr=MAYO_ET_AL__2023 href=https://ui.adsabs.harvard.edu/abs/2023arXiv230402779M/abstract target=ref>Mayo et al. 2023</a>,,4500,125,-75,0,0.68,0.03,-0.03,0,0.74,0.04,-0.04,0,-0.02,0.08,-0.08,0,[M/H],4.68,0.1,-0.1,0,<a refstr=STASSUN_ET_AL__2019 href=https://ui.adsabs.harvard.edu/abs/2019AJ....158..138S/abstract target=ref>TICv8</a>,04h29m39.09s,67.4128615,+22d52m57.24s,22.8825674,59.2474,0.1877,-0.1865,11.101,0.057,-0.057,8.368,0.019,-0.019,10.8545,0.000535,-0.000535,10.04.23,2023-04,10.04.23,0,0.65,650,1.014,4.3
K2-136 c,K2-136,1,2,3,Transit,Cluster/Assoc,Hyades,2017,0.65,0.07,-0.07,0.72,K2,Published Confirmed,0,<a refstr=MAYO_ET_AL__2023 href=https://ui.adsabs.harvard.edu/abs/2023arXiv230402779M/abstract target=ref>Mayo et al. 2023</a>,17.30713,0.00027,-0.00027,0,0.1185,0.002,-0.0021,0,3,0.13,-0.13,4.333333333,10.49723757,0.268,0.012,-0.012,0,18.1,1.9,-1.8,10.49723757,0.05695,0.00598,-0.00566,0,Mass,0.047,0.062,-0.034,0,11.91,0.57,-0.53,0,470,,,0,0,<a refstr=MAYO_ET_AL__2023 href=https://ui.adsabs.harvard.edu/abs/2023arXiv230402779M/abstract target=ref>Mayo et al. 2023</a>,,4500,125,-75,0,0.68,0.03,-0.03,0,0.74,0.04,-0.04,0,-0.02,0.08,-0.08,0,[M/H],4.68,0.1,-0.1,0,<a refstr=STASSUN_ET_AL__2019 href=https://ui.adsabs.harvard.edu/abs/2019AJ....158..138S/abstract target=ref>TICv8</a>,04h29m39.09s,67.4128615,+22d52m57.24s,22.8825674,59.2474,0.1877,-0.1865,11.101,0.057,-0.057,8.368,0.019,-0.019,10.8545,0.000535,-0.000535,10.04.23,2023-04,10.04.23,0,0.65,650,3,18.1
K2-136 d,K2-136,1,2,3,Transit,Cluster/Assoc,Hyades,2017,0.65,0.07,-0.07,0.72,K2,Published Confirmed,0,<a refstr=MAYO_ET_AL__2023 href=https://ui.adsabs.harvard.edu/abs/2023arXiv230402779M/abstract target=ref>Mayo et al. 2023</a>,25.575,0.0024,-0.0023,0,0.1538,0.0026,-0.0027,0,1.565,0.077,-0.076,4.920127796,0,0.14,0.007,-0.007,0,3,,,0,0.00944,,,1,Mass,0.071,0.063,-0.049,0,7.07,0.34,-0.32,0,420,,,0,0,<a refstr=MAYO_ET_AL__2023 href=https://ui.adsabs.harvard.edu/abs/2023arXiv230402779M/abstract target=ref>Mayo et al. 2023</a>,,4500,125,-75,0,0.68,0.03,-0.03,0,0.74,0.04,-0.04,0,-0.02,0.08,-0.08,0,[M/H],4.68,0.1,-0.1,0,<a refstr=STASSUN_ET_AL__2019 href=https://ui.adsabs.harvard.edu/abs/2019AJ....158..138S/abstract target=ref>TICv8</a>,04h29m39.09s,67.4128615,+22d52m57.24s,22.8825674,59.2474,0.1877,-0.1865,11.101,0.057,-0.057,8.368,0.019,-0.019,10.8545,0.000535,-0.000535,10.04.23,2023-04,10.04.23,0,0.65,650,1.565,3
TOI-444 b,TOI-444,1,1,1,Transit,Field/unknown,,2023,0.57,0.14,-0.14,0.71,Transiting Exoplanet Survey Satellite (TESS),Published Confirmed,0,<a refstr=ODDO_ET_AL__2023 href=https://ui.adsabs.harvard.edu/abs/2023AJ....165..134O/abstract target=ref>Oddo et al. 2023</a>,17.9636,0.00004,-0.00004,0,0.133,0.006,-0.006,0,2.77,0.2,-0.2,7.220216606,#DIV/0!,0.247,0.018,-0.018,0,,,,#DIV/0!,,,,,,,,,,,,,,609,61,-61,0,0,<a refstr=ODDO_ET_AL__2023 href=https://ui.adsabs.harvard.edu/abs/2023AJ....165..134O/abstract target=ref>Oddo et al. 2023</a>,K1/2 V,5225,70,-70,0,0.78,0.05,-0.05,0,0.96,0.13,-0.13,0,0.08,0.08,-0.08,0,[Fe/H],4.64,0.1,-0.1,0,<a refstr=STASSUN_ET_AL__2019 href=https://ui.adsabs.harvard.edu/abs/2019AJ....158..138S/abstract target=ref>TICv8</a>,04h16m44.16s,64.1839982,-26d45m59.07s,-26.7664071,57.3973,0.0828,-0.0826,9.86,0.03,-0.03,7.832,0.023,-0.023,9.6063,0.000362,-0.000362,22.08.23,2023-03,22.08.23,0,0.57,570,2.77,
TOI-4562 b,TOI-4562,1,1,1,Transit,Field/unknown,,2023,0.7,0,-0.4,0.7,Transiting Exoplanet Survey Satellite (TESS),Published Confirmed,0,<a refstr=HEITZMANN_ET_AL__2022 href=https://ui.adsabs.harvard.edu/abs/2022arXiv220810854H/abstract target=ref>Heitzmann et al. 2022</a>,225.11781,0.00025,-0.00022,0,0.768,0.005,-0.005,0,12.53,0.15,-0.15,1.197126895,20.76502732,1.118,0.014,-0.013,0,732,152,-149,20.76502732,2.3,0.48,-0.47,0,Mass,0.76,0.02,-0.02,0,,,,,318,4,-4,0,0,<a refstr=HEITZMANN_ET_AL__2022 href=https://ui.adsabs.harvard.edu/abs/2022arXiv220810854H/abstract target=ref>Heitzmann et al. 2022</a>,F7 V,6096,32,-32,0,1.15,0.05,-0.05,0,1.19,0.06,-0.06,0,0.08,0.06,-0.06,0,[M/H],4.39,0.01,-0.01,0,<a refstr=STASSUN_ET_AL__2019 href=https://ui.adsabs.harvard.edu/abs/2019AJ....158..138S/abstract target=ref>TICv8</a>,07h28m02.41s,112.0100593,-63d31m04.00s,-63.5177788,339.605,2.528,-2.491,12.14,0.217,-0.217,10.619,0.023,-0.023,11.9551,0.000421,-0.000421,07.02.23,2022-08,07.02.23,0,0.7,700,12.53,732
TOI-4562 c,TOI-4562,1,1,2,Transit Timing Variations,,,2024,0.7,0,-0.4,0.7,Multiple Observatories,Published Confirmed,0,<a refstr=FERMIANO_ET_AL_2024 href=https://ui.adsabs.harvard.edu/abs/2024A&A...690L...7F/abstract target=ref>Fermiano et al. 2024</a>,3990,201,-192,0,5.219,0.002,-0.002,0,,,,#DIV/0!,6.412478336,,,,,1833.869908,117.5965106,-177.9839079,6.412478336,5.77,0.37,-0.56,0,Mass,0.122,0.027,-0.026,0,,,,,,,,,0,<a refstr=HEITZMANN_ET_AL_2023 href=https://ui.adsabs.harvard.edu/abs/2023AJ....165..121H/abstract target=ref>Heitzmann et al. 2023</a>,F7 V,6096,32,-32,0,1.152,0.046,-0.046,0,1.192,0.057,-0.057,0,0.08,0.06,-0.06,0,[M/H],4.39,0.01,-0.01,0,<a refstr=STASSUN_ET_AL__2019 href=https://ui.adsabs.harvard.edu/abs/2019AJ....158..138S/abstract target=ref>TICv8</a>,07h28m02.41s,112.0100593,-63d31m04.00s,-63.5177788,339.605,2.528,-2.491,12.14,0.217,-0.217,10.619,0.023,-0.023,11.9551,0.000421,-0.000421,28.09.24,2024-10,28.09.24,0,0.7,700,,1833.869908
WASP-52 b,WASP-52,1,1,1,Transit,Field/unknown,,2012,0.4,0.3,-0.2,0.7,SuperWASP,Published Confirmed,0,<a refstr=HEBRARD_ET_AL__2013 href=https://ui.adsabs.harvard.edu/abs/2013A%26A...549A.134H/abstract target=ref> Hebrard et al. 2013 </a>,1.7497798,0.0000012,-0.0000012,0,0.0272,0.0003,-0.0003,0,14.24,0.34,-0.34,2.387640449,4.350205198,1.27,0.03,-0.03,0,146.2,6.36,-6.36,4.350205198,0.46,0.02,-0.02,0,Mass,0,,,0,,,,,1315,35,-35,0,0,<a refstr=HEBRARD_ET_AL__2013 href=https://ui.adsabs.harvard.edu/abs/2013A%26A...549A.134H/abstract target=ref> Hebrard et al. 2013 </a>,K2 V,5000,100,-100,0,0.79,0.02,-0.02,0,0.87,0.03,-0.03,0,0.03,0.12,-0.12,0,[Fe/H],4.58,0.01,-0.01,0,<a refstr=STASSUN_ET_AL__2019 href=https://ui.adsabs.harvard.edu/abs/2019AJ....158..138S/abstract target=ref>TICv8</a>,23h13m58.75s,348.4947931,+08d45m39.89s,8.7610793,174.818,1.343,-1.323,12.192,0.069,-0.069,10.086,0.025,-0.025,11.9537,0.001117,-0.001117,14.05.14,2013-01,14.05.14,0,0.4,400,14.24,146.2
HATS-55 b,HATS-55,1,1,1,Transit,Field/unknown,,2019,0.4,0.29,-0.13,0.69,HATSouth,Published Confirmed,0,<a refstr=ESPINOZA_ET_AL__2019 href=https://ui.adsabs.harvard.edu/abs/2019AJ....158...63E/abstract target=ref>Espinoza et al. 2019</a>,4.2042001,0.0000033,-0.0000033,0,0.05412,0.00014,-0.00018,0,14.022,0.291,-0.291,2.075310227,8.251900109,1.251,0.026,-0.026,0,292.72143,24.15508,-24.15508,8.251900109,0.921,0.076,-0.076,0,Mass,0.092,,,1,,,,,1367,10,-10,0,0,<a refstr=ESPINOZA_ET_AL__2019 href=https://ui.adsabs.harvard.edu/abs/2019AJ....158...63E/abstract target=ref>Espinoza et al. 2019</a>,,6214,36,-36,0,1.13,0.01,-0.01,0,1.2,0.01,-0.01,0,0.108,0.046,-0.03,0,[Fe/H],4.41,0.01,-0.01,0,<a refstr=STASSUN_ET_AL__2019 href=https://ui.adsabs.harvard.edu/abs/2019AJ....158..138S/abstract target=ref>TICv8</a>,07h37m08.01s,114.2833819,-32d45m19.51s,-32.7554188,609.838,6.099,-5.982,13.525,0.08,-0.08,12.02,0.041,-0.041,13.3498,0.00026,-0.00026,09.08.19,2019-08,15.08.19,0,0.4,400,14.022,292.72143
HD 73583 b,HD 73583,1,1,2,Transit,Field/unknown,,2022,0.48,0.19,-0.19,0.67,Transiting Exoplanet Survey Satellite (TESS),Published Confirmed,0,<a refstr=ODDO_ET_AL__2023 href=https://ui.adsabs.harvard.edu/abs/2023AJ....165..134O/abstract target=ref>Oddo et al. 2023</a>,6.39805,0.00001,-0.00001,0,0.072,0.002,-0.002,0,2.49,0.1,-0.1,4.016064257,#DIV/0!,0.222,0.009,-0.009,0,,,,#DIV/0!,,,,,,,,,,,,,,655,41,-41,0,0,<a refstr=ODDO_ET_AL__2023 href=https://ui.adsabs.harvard.edu/abs/2023AJ....165..134O/abstract target=ref>Oddo et al. 2023</a>,K4 V,4511,110,-110,0,0.65,0.02,-0.02,0,0.73,0.02,-0.02,0,0,0.09,-0.09,0,[Fe/H],4.62,0.12,-0.12,0,<a refstr=STASSUN_ET_AL__2019 href=https://ui.adsabs.harvard.edu/abs/2019AJ....158..138S/abstract target=ref>TICv8</a>,08h38m45.19s,129.6883026,-13d15m23.50s,-13.2565267,31.5666,0.0321,-0.032,9.67,0.03,-0.03,6.948,0.024,-0.024,9.27033,0.00048,-0.00048,22.08.23,2023-03,22.08.23,0,0.48,480,2.49,
HD 73583 c,HD 73583,1,1,2,Transit,Field/unknown,,2022,0.48,0.19,-0.19,0.67,Transiting Exoplanet Survey Satellite (TESS),Published Confirmed,0,<a refstr=BARRAG_AACUTE_N_ET_AL__2021 href=https://ui.adsabs.harvard.edu/abs/2021arXiv211013069B/abstract target=ref>Barrag&aacute;n et al. 2021</a>,18.87974,0.00086,-0.00074,0,0.1242,0.0055,-0.0054,0,2.39,0.1,-0.09,4.184100418,18.55670103,0.213,0.009,-0.008,0,9.7,1.8,-1.7,18.55670103,0.03052,0.00566,-0.00535,0,Mass,0.08,0.11,-0.06,0,10.2,1.2,-1.1,0,498,15,-15,0,0,<a refstr=BARRAG_AACUTE_N_ET_AL__2021 href=https://ui.adsabs.harvard.edu/abs/2021arXiv211013069B/abstract target=ref>Barrag&aacute;n et al. 2021</a>,K4 V,4511,110,-110,0,0.65,0.02,-0.02,0,0.73,0.02,-0.02,0,0,0.09,-0.09,0,[Fe/H],4.62,0.12,-0.12,0,<a refstr=STASSUN_ET_AL__2019 href=https://ui.adsabs.harvard.edu/abs/2019AJ....158..138S/abstract target=ref>TICv8</a>,08h38m45.19s,129.6883026,-13d15m23.50s,-13.2565267,31.5666,0.0321,-0.032,9.67,0.03,-0.03,6.948,0.024,-0.024,9.27033,0.00048,-0.00048,16.03.22,2021-10,16.03.22,0,0.48,480,2.39,9.7
HATS-58 A b,HATS-58 A,1,2,1,Transit,Field/unknown,,2019,0.31,0.33,-0.2,0.64,HATSouth,Published Confirmed,0,<a refstr=ESPINOZA_ET_AL__2019 href=https://ui.adsabs.harvard.edu/abs/2019AJ....158...63E/abstract target=ref>Espinoza et al. 2019</a>,4.2180896,0.0000089,-0.0000089,0,0.05798,0.00057,-0.00057,0,12.274,0.695,-0.695,5.662375754,22.33009709,1.095,0.062,-0.062,0,327.3649,73.1009,-73.1009,22.33009709,1.03,0.23,-0.23,0,Mass,0.168,,,1,,,,,1721,34,-34,0,0,<a refstr=ESPINOZA_ET_AL__2019 href=https://ui.adsabs.harvard.edu/abs/2019AJ....158...63E/abstract target=ref>Espinoza et al. 2019</a>,,7175,54,-54,0,1.43,0.06,-0.06,0,1.46,0.04,-0.04,0,,,,,,4.29,0.03,-0.03,0,<a refstr=STASSUN_ET_AL__2019 href=https://ui.adsabs.harvard.edu/abs/2019AJ....158..138S/abstract target=ref>TICv8</a>,12h27m08.95s,186.7873036,-48d58m42.28s,-48.9784105,403.591,,,11.572,0.046,-0.046,10.289,0.023,-0.023,11.7679,0.001461,-0.001461,09.08.19,2019-08,15.08.19,0,0.31,310,12.274,327.3649
HIP 113103 b,HIP 113103,1,1,2,Transit,Field/unknown,,2023,0.47,0.17,-0.11,0.64,Transiting Exoplanet Survey Satellite (TESS),Published Confirmed,0,<a refstr=LOWSON_ET_AL__2023 href=https://ui.adsabs.harvard.edu/abs/2023MNRAS.tmp.2649L/abstract target=ref>Lowson et al. 2023</a>,7.610303,0.000018,-0.000018,0,0.06899,0.00029,-0.00023,0,1.829,0.096,-0.067,5.24876982,#DIV/0!,0.163,0.009,-0.006,0,,,,#DIV/0!,,,,,,0.17,0.17,-0.13,0,,,,,721,10,-10,0,0,<a refstr=LOWSON_ET_AL__2023 href=https://ui.adsabs.harvard.edu/abs/2023MNRAS.tmp.2649L/abstract target=ref>Lowson et al. 2023</a>,,4930,100,-100,0,0.74,0.01,-0.01,0,0.76,0.04,-0.04,0,-0.1,0.1,-0.1,0,[m/H],4.6,0.1,-0.1,0,<a refstr=STASSUN_ET_AL__2019 href=https://ui.adsabs.harvard.edu/abs/2019AJ....158..138S/abstract target=ref>TICv8</a>,22h54m17.37s,343.5723794,-43d00m36.82s,-43.0102291,46.2122,0.0864,-0.086,9.95,0.03,-0.03,7.557,0.031,-0.031,9.61752,0.001836,-0.001836,19.09.23,2023-09,19.09.23,0,0.47,470,1.829,
HIP 113103 c,HIP 113103,1,1,2,Transit,Field/unknown,,2023,0.47,0.17,-0.11,0.64,Transiting Exoplanet Survey Satellite (TESS),Published Confirmed,0,<a refstr=LOWSON_ET_AL__2023 href=https://ui.adsabs.harvard.edu/abs/2023MNRAS.tmp.2649L/abstract target=ref>Lowson et al. 2023</a>,14.245648,0.000019,-0.000019,0,0.10479,0.00045,-0.00035,0,2.4,0.1,-0.08,4.166666667,#DIV/0!,0.214,0.009,-0.007,0,,,,#DIV/0!,,,,,,0.17,0.17,-0.13,0,,,,,585,10,-10,0,0,<a refstr=LOWSON_ET_AL__2023 href=https://ui.adsabs.harvard.edu/abs/2023MNRAS.tmp.2649L/abstract target=ref>Lowson et al. 2023</a>,,4930,100,-100,0,0.74,0.01,-0.01,0,0.76,0.04,-0.04,0,-0.1,0.1,-0.1,0,[m/H],4.6,0.1,-0.1,0,<a refstr=STASSUN_ET_AL__2019 href=https://ui.adsabs.harvard.edu/abs/2019AJ....158..138S/abstract target=ref>TICv8</a>,22h54m17.37s,343.5723794,-43d00m36.82s,-43.0102291,46.2122,0.0864,-0.086,9.95,0.03,-0.03,7.557,0.031,-0.031,9.61752,0.001836,-0.001836,19.09.23,2023-09,19.09.23,0,0.47,470,2.4,
Gl 410 b,Gl 410,1,1,1,Radial Velocity,,,2025,0.48,0.15,-0.15,0.63,Mauna Kea Observatory,Published Confirmed,0,<a refstr=CARMONA_ET_AL_2025 href=https://ui.adsabs.harvard.edu/abs/2025A&A...700A.222C/abstract target=ref>Carmona et al. 2025</a>,6.02,0.004,-0.004,0,0.0531,0.0006,-0.0006,0,,,,#DIV/0!,15.47619048,,,,,8.4,1.3,-1.3,15.47619048,0.02642936,0.00409026,-0.00409026,0,Msini,,,,,,,,,,,,,0,<a refstr=CARMONA_ET_AL_2025 href=https://ui.adsabs.harvard.edu/abs/2025A&A...700A.222C/abstract target=ref>Carmona et al. 2025</a>,,3842,31,-31,0,0.543,0.009,-0.009,0,0.55,0.02,-0.02,0,0.05,0.1,-0.1,0,[M/H],4.87,0.05,-0.05,0,<a refstr=STASSUN_ET_AL__2019 href=https://ui.adsabs.harvard.edu/abs/2019AJ....158..138S/abstract target=ref>TICv8</a>,11h02m38.50s,165.6604212,+21d58m00.90s,21.9669164,11.9324,0.0082,-0.0082,9.57,0.1,-0.1,5.688,0.021,-0.021,8.807,0.000822,-0.000822,16.04.25,2025-08,16.04.25,0,0.48,480,,8.4
TOI-1431 b,TOI-1431,1,1,1,Transit,Field/unknown,,2021,0.29,0.32,-0.19,0.61,Transiting Exoplanet Survey Satellite (TESS),Published Confirmed,0,<a refstr=ADDISON_ET_AL__2021 href=https://ui.adsabs.harvard.edu/abs/2021AJ....162..292A/abstract target=ref>Addison et al. 2021</a>,2.650237,0.000003,-0.000003,0,0.046,0.002,-0.002,0,16.701,0.56,-0.56,3.353092629,5.76923044,1.49,0.05,-0.05,0,991.62463,57.20911,-57.20911,5.76923044,3.12,0.18,-0.18,0,Mass,0.0022,0.003,-0.0016,0,5300,500,-470,0,2370,70,-70,0,0,<a refstr=ADDISON_ET_AL__2021 href=https://ui.adsabs.harvard.edu/abs/2021AJ....162..292A/abstract target=ref>Addison et al. 2021</a>,Am C,7690,400,-250,0,1.92,0.07,-0.07,0,1.9,0.1,-0.08,0,0.09,0.03,-0.03,0,[Fe/H],4.15,0.04,-0.04,0,<a refstr=STASSUN_ET_AL__2019 href=https://ui.adsabs.harvard.edu/abs/2019AJ....158..138S/abstract target=ref>TICv8</a>,21h04m48.89s,316.2036922,+55d35m16.88s,55.5880221,148.925,1.034,-1.02,8.03,0.03,-0.03,7.439,0.029,-0.029,7.97561,0.000252,-0.000252,11.10.21,2021-12,11.10.21,0,0.29,290,16.701,991.62463
TOI-815 b,TOI-815,1,2,2,Transit,Field/unknown,,2024,0.2,0.4,-0.2,0.6,Transiting Exoplanet Survey Satellite (TESS),Published Confirmed,0,<a refstr=PSARIDI_ET_AL__2024 href=https://ui.adsabs.harvard.edu/abs/2024A&A...685A...5P/abstract target=ref>Psaridi et al. 2024</a>,11.197259,0.000018,-0.000017,0,0.0903,0.0018,-0.0019,0,2.94,0.05,-0.05,1.700680272,19.73684211,0.26228968,0.00446071,-0.00446071,0,7.6,1.5,-1.4,19.73684211,0.02391227,0.00471953,-0.00440489,0,Mass,0.2,,,1,36.9,2.9,-2.9,0,686,13,-14,0,0,<a refstr=PSARIDI_ET_AL__2024 href=https://ui.adsabs.harvard.edu/abs/2024A&A...685A...5P/abstract target=ref>Psaridi et al. 2024</a>,K3 V,4869,77,-77,0,0.77,0.009,-0.009,0,0.776,0.036,-0.036,0,-0.09,0.05,-0.05,0,[Fe/H],4.51,0.04,-0.04,0,<a refstr=STASSUN_ET_AL__2019 href=https://ui.adsabs.harvard.edu/abs/2019AJ....158..138S/abstract target=ref>TICv8</a>,10h23m29.27s,155.8719377,-43d50m05.73s,-43.8349248,59.7117,0.1295,-0.1291,10.217,0.005,-0.005,7.999,0.029,-0.029,9.93978,0.000394,-0.000394,13.05.24,2024-05,13.05.24,0,0.2,200,2.94,7.6
TOI-815 c,TOI-815,1,2,2,Transit,Field/unknown,,2024,0.2,0.4,-0.2,0.6,Transiting Exoplanet Survey Satellite (TESS),Published Confirmed,0,<a refstr=PSARIDI_ET_AL__2024 href=https://ui.adsabs.harvard.edu/abs/2024A&A...685A...5P/abstract target=ref>Psaridi et al. 2024</a>,34.976145,0.000099,-0.000097,0,0.193,0.004,-0.004,0,2.62,0.1,-0.09,3.816793893,10.21276596,0.23374115,0.00892142,-0.00802928,0,23.5,2.4,-2.4,10.21276596,0.07393927,0.00755124,-0.00755124,0,Mass,0.22,,,1,8.03,0.64,-0.64,0,469,9,-9,0,0,<a refstr=PSARIDI_ET_AL__2024 href=https://ui.adsabs.harvard.edu/abs/2024A&A...685A...5P/abstract target=ref>Psaridi et al. 2024</a>,K3 V,4869,77,-77,0,0.77,0.009,-0.009,0,0.776,0.036,-0.036,0,-0.09,0.05,-0.05,0,[Fe/H],4.51,0.04,-0.04,0,<a refstr=STASSUN_ET_AL__2019 href=https://ui.adsabs.harvard.edu/abs/2019AJ....158..138S/abstract target=ref>TICv8</a>,10h23m29.27s,155.8719377,-43d50m05.73s,-43.8349248,59.7117,0.1295,-0.1291,10.217,0.005,-0.005,7.999,0.029,-0.029,9.93978,0.000394,-0.000394,13.05.24,2024-05,13.05.24,0,0.2,200,2.62,23.5
Pr0211 b,Pr0211,1,2,2,Radial Velocity,Cluster/Assoc,Praesepe/NGC_2632,2012,0.578,0.012,-0.012,0.59,Fred Lawrence Whipple Observatory,Published Confirmed,0,<a refstr=MALAVOLTA_ET_AL__2016 href=https://ui.adsabs.harvard.edu/abs/2016A&A...588A.118M/abstract target=ref>Malavolta et al. 2016</a>,2.1461,0.00003,-0.00003,0,0.03176,0.00015,-0.00015,0,,,,#DIV/0!,1.595744681,,,,,597.5204,9.5349,-9.5349,1.595744681,1.88,0.03,-0.03,0,Msini,0.011,0.012,-0.008,0,,,,,,,,,0,<a refstr=MALAVOLTA_ET_AL__2016 href=https://ui.adsabs.harvard.edu/abs/2016A&A...588A.118M/abstract target=ref>Malavolta et al. 2016</a>,,5300,30,-30,0,0.83,0.01,-0.01,0,0.94,0.01,-0.01,0,0.18,0.02,-0.02,0,[Fe/H],4.51,0.05,-0.05,0,<a refstr=STASSUN_ET_AL__2019 href=https://ui.adsabs.harvard.edu/abs/2019AJ....158..138S/abstract target=ref>TICv8</a>,08h42m11.46s,130.547744,+19d16m37.05s,19.276957,182.714,1.063,-1.051,12.163,0.08,-0.08,10.173,0.016,-0.016,11.9281,0.00057,-0.00057,10.02.16,2016-04,11.02.16,0,0.578,578,,597.5204
Pr0211 c,Pr0211,1,2,2,Radial Velocity,Cluster/Assoc,Praesepe/NGC_2632,2016,0.578,0.012,-0.012,0.59,Roque de los Muchachos Observatory,Published Confirmed,0,<a refstr=MALAVOLTA_ET_AL__2016 href=https://ui.adsabs.harvard.edu/abs/2016A&A...588A.118M/abstract target=ref>Malavolta et al. 2016</a>,4850,4560,-1750,0,5.5,3,-1.4,0,,,,#DIV/0!,4.236200257,,,,,2475.8957,104.8839,-104.8839,4.236200257,7.79,0.33,-0.33,0,Msini,0.71,0.11,-0.11,0,,,,,,,,,0,<a refstr=MALAVOLTA_ET_AL__2016 href=https://ui.adsabs.harvard.edu/abs/2016A&A...588A.118M/abstract target=ref>Malavolta et al. 2016</a>,,5300,30,-30,0,0.83,0.01,-0.01,0,0.94,0.01,-0.01,0,0.18,0.02,-0.02,0,[Fe/H],4.51,0.05,-0.05,0,<a refstr=STASSUN_ET_AL__2019 href=https://ui.adsabs.harvard.edu/abs/2019AJ....158..138S/abstract target=ref>TICv8</a>,08h42m11.46s,130.547744,+19d16m37.05s,19.276957,182.714,1.063,-1.051,12.163,0.08,-0.08,10.173,0.016,-0.016,11.9281,0.00057,-0.00057,10.02.16,2016-04,11.02.16,0,0.578,578,,2475.8957
HD 56414 b,HD 56414,1,1,1,Transit,Stellar-stream,Theia_797,2022,0.42,0.14,-0.14,0.56,Transiting Exoplanet Survey Satellite (TESS),Published Confirmed,0,<a refstr=GIACALONE_ET_AL__2022 href=https://ui.adsabs.harvard.edu/abs/2022ApJ...935L..10G/abstract target=ref>Giacalone et al. 2022</a>,29.04992,0.00021,-0.00021,0,0.229,0.004,-0.004,0,3.71,0.2,-0.2,5.39083558,#DIV/0!,0.331,0.018,-0.018,0,,,,#DIV/0!,,,,,,0.68,,,1,,,,,1133,30,-30,0,0,<a refstr=GIACALONE_ET_AL__2022 href=https://ui.adsabs.harvard.edu/abs/2022ApJ...935L..10G/abstract target=ref>Giacalone et al. 2022</a>,,8500,150,-150,0,1.75,0.07,-0.07,0,1.89,0.11,-0.11,0,0,0.3,0,0,[Fe/H],,,,,<a refstr=STASSUN_ET_AL__2019 href=https://ui.adsabs.harvard.edu/abs/2019AJ....158..138S/abstract target=ref>TICv8</a>,07h11m22.48s,107.8436846,-68d50m00.03s,-68.8333403,272.217,2.207,-2.173,9.217,0.003,-0.003,8.823,0.019,-0.019,9.20475,0.000347,-0.000347,14.09.22,2022-08,14.09.22,0,0.42,420,3.71,
Qatar-5 b,Qatar-5,1,1,1,Transit,Field/unknown,,2017,0.53,0.004,-0.004,0.534,Qatar,Published Confirmed,0,<a refstr=ALSUBAI_ET_AL__2017 href=https://ui.adsabs.harvard.edu/abs/2017AJ....153..200A/abstract target=ref>Alsubai et al. 2017</a>,2.8792319,,,0,0.04127,0.00067,-0.00067,0,12.408,0.717,-0.717,5.778529981,4.166666667,1.107,0.064,-0.064,0,1373.0256,57.2094,-57.2094,4.166666667,4.32,0.18,-0.18,0,Mass,0,,,0,669,60,-60,0,1415,31,-31,0,0,<a refstr=ALSUBAI_ET_AL__2017 href=https://ui.adsabs.harvard.edu/abs/2017AJ....153..200A/abstract target=ref>Alsubai et al. 2017</a>,G2 V,5747,49,-49,0,1.08,0.05,-0.05,0,1.13,0.06,-0.06,0,0.377,0.08,-0.08,0,[Fe/H],4.43,0.04,-0.04,0,<a refstr=STASSUN_ET_AL__2019 href=https://ui.adsabs.harvard.edu/abs/2019AJ....158..138S/abstract target=ref>TICv8</a>,00h28m12.94s,7.0539375,+42d03m40.84s,42.0613451,367.658,8.089,-7.755,12.614,0.08,-0.08,10.956,0.02,-0.02,12.5241,0.000435,-0.000435,24.04.17,2017-04,27.04.17,0,0.53,530,12.408,1373.0256
GJ 504 b,GJ 504,1,1,1,Imaging,Field/unknown,,2013,0.16,0.35,-0.06,0.51,Subaru Telescope,Published Confirmed,0,<a refstr=KUZUHARA_ET_AL__2013 href=https://ui.adsabs.harvard.edu/abs/2013ApJ...774...11K/abstract target=ref> Kuzuhara et al. 2013 </a>,,,,,43.5,,,0,,,,#DIV/0!,112.4990168,,,,,1271.3,1430.2,-317.8,112.4990168,4,4.5,-1,0,Mass,,,,,,,,,510,30,-20,0,0,<a refstr=KUZUHARA_ET_AL__2013 href=https://ui.adsabs.harvard.edu/abs/2013ApJ...774...11K/abstract target=ref> Kuzuhara et al. 2013 </a>,G0 V,6234,25,-25,0,,,,,1.22,0.08,-0.08,0,0.28,0.03,-0.03,0,[Fe/H],4.6,0.02,-0.02,0,<a refstr=STASSUN_ET_AL__2019 href=https://ui.adsabs.harvard.edu/abs/2019AJ....158..138S/abstract target=ref>TICv8</a>,13h16m46.16s,199.192348,+09d25m29.92s,9.4249781,17.5299,0.0785,-0.0778,5.18799,0.023,-0.023,4.033,0.238,-0.238,5.04156,0.0040502,-0.0040502,14.05.14,2013-09,14.05.14,0,0.16,160,,1271.3
HD 18599 b,HD 18599,1,2,1,Transit,Field/unknown,Has wide binary companion,2022,0.4,0.1,-0.1,0.5,Transiting Exoplanet Survey Satellite (TESS),Published Confirmed,0,<a refstr=DESIDERA_ET_AL__2022 href=https://ui.adsabs.harvard.edu/abs/2022arXiv221007933D/abstract target=ref>Desidera et al. 2022</a>,4.1374354,0.0000036,-0.0000037,0,0.048,0.0004,-0.0004,0,2.6,0.15,-0.13,5.769230769,29.46058091,0.232,0.013,-0.012,0,24.1,7.1,-7.7,29.46058091,0.07583,0.02234,-0.02423,0,Mass,0.34,0.07,-0.09,0,,,,,,,,,0,<a refstr=DESIDERA_ET_AL__2022 href=https://ui.adsabs.harvard.edu/abs/2022arXiv221007933D/abstract target=ref>Desidera et al. 2022</a>,K2 V,5145,50,-50,0,0.77,0.02,-0.02,0,0.86,0.02,-0.02,0,0,0.08,-0.08,0,[Fe/H],4.54,0.09,-0.09,0,<a refstr=STASSUN_ET_AL__2019 href=https://ui.adsabs.harvard.edu/abs/2019AJ....158..138S/abstract target=ref>TICv8</a>,02h57m02.88s,44.2620144,-56d11m30.73s,-56.1918694,38.5653,0.0366,-0.0366,8.99,0.03,-0.03,6.883,0.02,-0.02,8.73117,0.000651,-0.000651,07.11.22,2022-10,07.11.22,0,0.4,400,2.6,24.1
Kepler-45 b,Kepler-45,1,1,1,Transit,Field/unknown,,2011,0.8,0.7,-0.5,1.5,Kepler,Published Confirmed,0,<a refstr=JOHNSON_ET_AL__2012 href=https://ui.adsabs.harvard.edu/abs/2012AJ....143..111J/abstract target=ref> Johnson et al. 2012 </a>,2.455239,0.000004,-0.000004,0,0.03,,,0,10.76,1.23,-1.23,11.43122677,17.82213998,0.96,0.11,-0.11,0,160.497,28.604,-28.604,17.82213998,0.505,0.09,-0.09,0,Mass,0.11,0.1,-0.09,0,,,,,1000,20,-20,0,0,<a refstr=JOHNSON_ET_AL__2012 href=https://ui.adsabs.harvard.edu/abs/2012AJ....143..111J/abstract target=ref> Johnson et al. 2012 </a>,M,3820,90,-90,0,0.55,0.11,-0.11,0,0.59,0.06,-0.06,0,0.28,0.14,-0.14,0,[Fe/H],4.7,0.2,-0.2,0,<a refstr=STASSUN_ET_AL__2019 href=https://ui.adsabs.harvard.edu/abs/2019AJ....158..138S/abstract target=ref>TICv8</a>,19h31m29.50s,292.8729292,+41d03m51.02s,41.0641727,381.949,6.3825,-6.3825,16.744,1.133,-1.133,12.892,0.03,-0.03,15.9804,0.000894,-0.000894,14.05.14,2012-05,14.05.14,0,0.5,500,10.76,160.497
UCAC4 328-061594 b,UCAC4 328-061594,1,1,1,Imaging,,,2024,0.4,0.1,-0.1,0.5,Multiple Observatories,Published Confirmed,0,<a refstr=ROTHERMICH_ET_AL__2024 href=https://ui.adsabs.harvard.edu/abs/2024AJ....167..253R/abstract target=ref>Rothermich et al. 2024</a>,,,,,19000,,,0,,,,#DIV/0!,0,,,,,6674.396547,,,0,21,,,0,Mass,,,,,,,,,,,,,0,<a refstr=ROTHERMICH_ET_AL__2024 href=https://ui.adsabs.harvard.edu/abs/2024AJ....167..253R/abstract target=ref>Rothermich et al. 2024</a>,DC,,,,,,,,,1.19,,,0,,,,,,,,,,<a refstr=STASSUN_ET_AL__2019 href=https://ui.adsabs.harvard.edu/abs/2019AJ....158..138S/abstract target=ref>TICv8</a>,10h10m47.79s,152.6991091,-24d27m11.76s,-24.4532674,39.9089,0.1004,-0.1,15.689,0.175,-0.175,15.79,0.226,-0.226,15.212,0.000591,-0.000591,28.05.24,2024-06,28.05.24,0,0.4,400,,6674.396547
WASP-139 b,WASP-139,1,2,1,Transit,Field/unknown,,2016,0.5,0.4,-0.3,0.9,SuperWASP-South,Published Confirmed,0,<a refstr=HELLIER_ET_AL__2017 href=https://ui.adsabs.harvard.edu/abs/2017MNRAS.465.3693H/abstract target=ref>Hellier et al. 2017</a>,5.924262,0.000004,-0.000004,0,0.062,0.002,-0.002,0,8.967,0.56,-0.56,6.245120999,14.52991453,0.8,0.05,-0.05,0,37.18611,5.40311,-5.40311,14.52991453,0.117,0.017,-0.017,0,Mass,0,,,0,,,,,910,30,-30,0,0,<a refstr=HELLIER_ET_AL__2017 href=https://ui.adsabs.harvard.edu/abs/2017MNRAS.465.3693H/abstract target=ref>Hellier et al. 2017</a>,K0,5310,90,-90,0,0.8,0.04,-0.04,0,0.92,0.1,-0.1,0,0.2,0.09,-0.09,0,[Fe/H],4.59,0.06,-0.06,0,<a refstr=STASSUN_ET_AL__2019 href=https://ui.adsabs.harvard.edu/abs/2019AJ....158..138S/abstract target=ref>TICv8</a>,03h18m14.92s,49.562173,-41d18m07.28s,-41.3020235,212.472,1.11,-1.098,12.456,0.046,-0.046,10.472,0.021,-0.021,12.2715,0.000135,-0.000135,30.11.16,2017-03,01.12.16,0,0.5,500,8.967,37.18611
K2-198 b,K2-198,1,1,3,Transit,Field/unknown,,2018,0.35,0.15,-0.015,0.5,K2,Published Confirmed,0,<a refstr=HEDGES_ET_AL__2019 href=https://ui.adsabs.harvard.edu/abs/2019ApJ...880L...5H/abstract target=ref>Hedges et al. 2019</a>,17.0428683,0.0000071,-0.0000035,0,,,,,4.189,0.228,-0.098,5.44282645,#DIV/0!,0.37371755,0.0203408,-0.00874297,0,,,,#DIV/0!,,,,,,,,,,,,,,715.8,18.72,-9.26,0,0,<a refstr=HEDGES_ET_AL__2019 href=https://ui.adsabs.harvard.edu/abs/2019ApJ...880L...5H/abstract target=ref>Hedges et al. 2019</a>,,5212.9,99,-49.2,0,0.757,0.035,-0.016,0,0.799,0.091,-0.045,0,,,,,,,,,,<a refstr=STASSUN_ET_AL__2019 href=https://ui.adsabs.harvard.edu/abs/2019AJ....158..138S/abstract target=ref>TICv8</a>,13h15m22.48s,198.8436817,-06d27m53.96s,-6.4649888,110.567,0.874,-0.86,10.971,0.015,-0.015,9.228,0.021,-0.021,10.9955,0.001421,-0.001421,09.08.19,2019-07,15.08.19,0,0.35,350,4.189,
K2-198 c,K2-198,1,1,3,Transit,Field/unknown,,2019,0.35,0.15,-0.015,0.5,K2,Published Confirmed,0,<a refstr=HEDGES_ET_AL__2019 href=https://ui.adsabs.harvard.edu/abs/2019ApJ...880L...5H/abstract target=ref>Hedges et al. 2019</a>,3.3596055,0.000004,-0.0000021,0,,,,,1.423,0.081,-0.036,5.692199578,#DIV/0!,0.12695156,0.00722634,-0.0032117,0,,,,#DIV/0!,,,,,,,,,,,,,,1229.9,32.2,-15.9,0,0,<a refstr=HEDGES_ET_AL__2019 href=https://ui.adsabs.harvard.edu/abs/2019ApJ...880L...5H/abstract target=ref>Hedges et al. 2019</a>,,5212.9,99,-49.2,0,0.757,0.035,-0.016,0,0.799,0.091,-0.045,0,,,,,,,,,,<a refstr=STASSUN_ET_AL__2019 href=https://ui.adsabs.harvard.edu/abs/2019AJ....158..138S/abstract target=ref>TICv8</a>,13h15m22.48s,198.8436817,-06d27m53.96s,-6.4649888,110.567,0.874,-0.86,10.971,0.015,-0.015,9.228,0.021,-0.021,10.9955,0.001421,-0.001421,09.08.19,2019-07,15.08.19,0,0.35,350,1.423,
K2-198 d,K2-198,1,1,3,Transit,Field/unknown,,2019,0.35,0.15,-0.015,0.5,K2,Published Confirmed,0,<a refstr=HEDGES_ET_AL__2019 href=https://ui.adsabs.harvard.edu/abs/2019ApJ...880L...5H/abstract target=ref>Hedges et al. 2019</a>,7.4500177,0.0000052,-0.0000026,0,,,,,2.438,0.13,-0.056,5.332239541,#DIV/0!,0.21750379,0.01159782,-0.00499599,0,,,,#DIV/0!,,,,,,,,,,,,,,943.2,24.7,-12.2,0,0,<a refstr=HEDGES_ET_AL__2019 href=https://ui.adsabs.harvard.edu/abs/2019ApJ...880L...5H/abstract target=ref>Hedges et al. 2019</a>,,5212.9,99,-49.2,0,0.757,0.035,-0.016,0,0.799,0.091,-0.045,0,,,,,,,,,,<a refstr=STASSUN_ET_AL__2019 href=https://ui.adsabs.harvard.edu/abs/2019AJ....158..138S/abstract target=ref>TICv8</a>,13h15m22.48s,198.8436817,-06d27m53.96s,-6.4649888,110.567,0.874,-0.86,10.971,0.015,-0.015,9.228,0.021,-0.021,10.9955,0.001421,-0.001421,09.08.19,2019-07,15.08.19,0,0.35,350,2.438,
COCONUTS-2 b,COCONUTS-2 A,1,1,1,Imaging,,,2021,0.414,0.023,-0.023,0.437,NASA Infrared Telescope Facility (IRTF),Published Confirmed,0,<a refstr=KIMAN_ET_AL_2026 href=https://ui.adsabs.harvard.edu/abs/2026AJ....171...60K/abstract target=ref>Kiman et al. 2026</a>,,,,,,,,,12.57647635,0.0560449,-0.04483592,0.445632771,5.333333333,1.122,0.005,-0.004,0,2383.713053,127.1313628,-127.1313628,5.333333333,7.5,0.4,-0.4,0,Mass,,,,,,,,,493,9,-9,0,0,<a refstr=KIMAN_ET_AL_2026 href=https://ui.adsabs.harvard.edu/abs/2026AJ....171...60K/abstract target=ref>Kiman et al. 2026</a>,,3552,65,-32,0,0.366,0.005,-0.014,0,0.4,0.01,-0.02,0,,,,,,4.91,0.02,-0.01,0,<a refstr=STASSUN_ET_AL__2019 href=https://ui.adsabs.harvard.edu/abs/2019AJ....158..138S/abstract target=ref>TICv8</a>,07h49m12.22s,117.300914,-76d42m09.71s,-76.702696,10.8864,0.0041,-0.0042,11.298,0.027,-0.027,6.579,0.018,-0.018,10.146,0.001567,-0.001567,14.05.26,2026-02,14.05.26,0,0.414,414,12.57647635,2383.713053
HD 63433 b,HD 63433,1,1,3,Transit,Comoving group,Ursa Major MG,2020,0.414,0.023,-0.023,0.437,Transiting Exoplanet Survey Satellite (TESS),Published Confirmed,0,<a refstr=CAPISTRANT_ET_AL__2024 href=https://ui.adsabs.harvard.edu/abs/2024arXiv240104785C/abstract target=ref>Capistrant et al. 2024</a>,7.1079379,0.0000054,-0.0000054,0,0.0714,0.0036,-0.0038,0,2.112,0.093,-0.086,4.403409091,#DIV/0!,0.188,0.008,-0.008,0,,,,#DIV/0!,,,,,,0.24,0.27,-0.18,0,,,,,,,,,0,<a refstr=CAPISTRANT_ET_AL__2024 href=https://ui.adsabs.harvard.edu/abs/2024arXiv240104785C/abstract target=ref>Capistrant et al. 2024</a>,G5 V,5688,28,-28,0,0.91,0.03,-0.03,0,0.99,0.03,-0.03,0,0.03,0.05,-0.05,0,[Fe/H],4.52,0.05,-0.05,0,<a refstr=STASSUN_ET_AL__2019 href=https://ui.adsabs.harvard.edu/abs/2019AJ....158..138S/abstract target=ref>TICv8</a>,07h49m55.05s,117.4793699,+27d21m47.28s,27.3631342,22.4035,0.0225,-0.0225,6.92035,0.023,-0.023,5.258,0.016,-0.016,6.71831,0.000529,-0.000529,05.01.24,2024-02,05.01.24,0,0.414,414,2.112,
HD 63433 c,HD 63433,1,1,3,Transit,Comoving group,Ursa Major MG,2020,0.414,0.023,-0.023,0.437,Transiting Exoplanet Survey Satellite (TESS),Published Confirmed,0,<a refstr=CAPISTRANT_ET_AL__2024 href=https://ui.adsabs.harvard.edu/abs/2024arXiv240104785C/abstract target=ref>Capistrant et al. 2024</a>,20.543791,0.000017,-0.000018,0,0.1448,0.0073,-0.0077,0,2.521,0.1,-0.1,3.966679889,#DIV/0!,0.225,0.009,-0.009,0,,,,#DIV/0!,,,,,,0.21,0.33,-0.14,0,,,,,,,,,0,<a refstr=CAPISTRANT_ET_AL__2024 href=https://ui.adsabs.harvard.edu/abs/2024arXiv240104785C/abstract target=ref>Capistrant et al. 2024</a>,G5 V,5688,28,-28,0,0.91,0.03,-0.03,0,0.99,0.03,-0.03,0,0.03,0.05,-0.05,0,[Fe/H],4.52,0.05,-0.05,0,<a refstr=STASSUN_ET_AL__2019 href=https://ui.adsabs.harvard.edu/abs/2019AJ....158..138S/abstract target=ref>TICv8</a>,07h49m55.05s,117.4793699,+27d21m47.28s,27.3631342,22.4035,0.0225,-0.0225,6.92035,0.023,-0.023,5.258,0.016,-0.016,6.71831,0.000529,-0.000529,05.01.24,2024-02,05.01.24,0,0.414,414,2.521,
HD 63433 d,HD 63433,1,1,3,Transit,Comoving group,Ursa Major MG,2023,0.414,0.023,-0.023,0.437,Transiting Exoplanet Survey Satellite (TESS),Published Confirmed,0,<a refstr=CAPISTRANT_ET_AL__2024 href=https://ui.adsabs.harvard.edu/abs/2024arXiv240104785C/abstract target=ref>Capistrant et al. 2024</a>,4.209075,0.000012,-0.000023,0,0.0503,0.0025,-0.0027,0,1.073,0.046,-0.044,4.287045666,#DIV/0!,0.096,0.004,-0.004,0,,,,#DIV/0!,,,,,,0.16,0.36,-0.12,0,,,,,1040,40,-40,0,0,<a refstr=CAPISTRANT_ET_AL__2024 href=https://ui.adsabs.harvard.edu/abs/2024arXiv240104785C/abstract target=ref>Capistrant et al. 2024</a>,G5 V,5688,28,-28,0,0.91,0.03,-0.03,0,0.99,0.03,-0.03,0,0.03,0.05,-0.05,0,[Fe/H],4.52,0.05,-0.05,0,<a refstr=STASSUN_ET_AL__2019 href=https://ui.adsabs.harvard.edu/abs/2019AJ....158..138S/abstract target=ref>TICv8</a>,07h49m55.05s,117.4793699,+27d21m47.28s,27.3631342,22.4035,0.0225,-0.0225,6.92035,0.023,-0.023,5.258,0.016,-0.016,6.71831,0.000529,-0.000529,05.01.24,2024-02,05.01.24,0,0.414,414,1.073,
TOI-2260 b,TOI-2260,1,1,1,Transit,Field/unknown,,2022,0.321,0.096,-0.096,0.417,Transiting Exoplanet Survey Satellite (TESS),Published Confirmed,0,<a refstr=GIACALONE_ET_AL__2022 href=https://ui.adsabs.harvard.edu/abs/2022AJ....163...99G/abstract target=ref>Giacalone et al. 2022</a>,0.3524728,0.0000047,-0.0000047,0,0.0097,0.0001,-0.0001,0,1.62,0.13,-0.13,8.024691358,#DIV/0!,0.145,0.012,-0.012,0,,,,#DIV/0!,,,,,,,,,,,,,,2609,86,-86,0,0,<a refstr=GIACALONE_ET_AL__2022 href=https://ui.adsabs.harvard.edu/abs/2022AJ....163...99G/abstract target=ref>Giacalone et al. 2022</a>,G V,5534,100,-100,0,0.94,0.05,-0.05,0,0.99,0.04,-0.04,0,0.22,0.06,-0.06,0,[Fe/H],4.62,0.1,-0.1,0,<a refstr=STASSUN_ET_AL__2019 href=https://ui.adsabs.harvard.edu/abs/2019AJ....158..138S/abstract target=ref>TICv8</a>,16h30m40.08s,247.6669998,+49d02m48.44s,49.0467891,101.251,0.284,-0.283,10.474,0.006,-0.006,8.684,0.016,-0.016,10.2488,0.000816,-0.000816,15.02.22,2022-02,15.02.22,0,0.321,321,1.62,
TOI-6016 b,TOI-6016,1,1,1,Transit,Field/unknown,,2024,0.3,0.1,-0.1,0.4,Transiting Exoplanet Survey Satellite (TESS),Published Confirmed,0,<a refstr=EHRHARDT_ET_AL__2024 href=https://ui.adsabs.harvard.edu/abs/2024A&A...692A.220E/abstract target=ref>Ehrhardt et al. 2024</a>,4.023687,0.000003,-0.000003,0,0.055,0.002,-0.002,0,13.67495645,0.33626942,-0.33626942,2.459016387,7.692307692,1.22,0.03,-0.03,0,371.8592362,28.60455663,-28.60455663,7.692307692,1.17,0.09,-0.09,0,Mass,0,,,0,940,50,-50,0,1890,40,-40,0,0,<a refstr=EHRHARDT_ET_AL__2024 href=https://ui.adsabs.harvard.edu/abs/2024A&A...692A.220E/abstract target=ref>Ehrhardt et al. 2024</a>,F,6110,50,-50,0,1.51,0.03,-0.03,0,1.31,0.08,-0.08,0,0.28,0.06,-0.06,0,[Fe/H],4.19,0.08,-0.08,0,<a refstr=STASSUN_ET_AL__2019 href=https://ui.adsabs.harvard.edu/abs/2019AJ....158..138S/abstract target=ref>TICv8</a>,00h18m05.75s,4.5239602,+59d45m58.31s,59.7661983,364.715,3.647,-3.577,11.886,0.029,-0.029,10.224,0.016,-0.016,11.9184,0.000199,-0.000199,22.01.25,2024-12,22.01.25,0,0.3,300,13.67495645,371.8592362
TOI-6130 b,TOI-6130,1,1,1,Transit,,,2024,0.3,0.1,-0.1,0.4,Transiting Exoplanet Survey Satellite (TESS),Published Confirmed,0,<a refstr=EHRHARDT_ET_AL__2024 href=https://ui.adsabs.harvard.edu/abs/2024A&A...692A.220E/abstract target=ref>Ehrhardt et al. 2024</a>,2.392679,0.000002,-0.000002,0,0.036,0.002,-0.002,0,14.3474953,0.33626942,-0.33626942,2.343749992,5.714285714,1.28,0.03,-0.03,0,333.7198274,19.06970442,-19.06970442,5.714285714,1.05,0.06,-0.06,0,Mass,0.036,0.018,-0.018,0,1150,80,-80,0,1750,40,-40,0,0,<a refstr=EHRHARDT_ET_AL__2024 href=https://ui.adsabs.harvard.edu/abs/2024A&A...692A.220E/abstract target=ref>Ehrhardt et al. 2024</a>,F,6110,50,-50,0,1.51,0.03,-0.03,0,1.31,0.08,-0.08,0,0.28,0.06,-0.06,0,[Fe/H],4.19,0.08,-0.08,0,<a refstr=STASSUN_ET_AL__2019 href=https://ui.adsabs.harvard.edu/abs/2019AJ....158..138S/abstract target=ref>TICv8</a>,22h36m49.22s,339.2050832,+16d49m37.90s,16.8271941,220.882,2.637,-2.576,11.21,0.011,-0.011,9.655,0.018,-0.018,10.9775,0.000588,-0.000588,22.01.25,2024-12,22.01.25,0,0.3,300,14.3474953,333.7198274
TOI-1268 b,TOI-1268,1,1,1,Transit,Field Star,,2022,0.245,0.135,-0.135,0.38,Transiting Exoplanet Survey Satellite (TESS),Published Confirmed,0,<a refstr=_SCARON_UBJAK_ET_AL__2022 href=https://ui.adsabs.harvard.edu/abs/2022arXiv220113341S/abstract target=ref>&Scaron;ubjak et al. 2022</a>,8.1577094,0.0000045,-0.0000045,0,0.0711,0.0063,-0.0058,0,9.1,0.6,-0.6,6.593406593,8.506224066,0.812,0.054,-0.054,0,96.4,8.2,-8.3,8.506224066,0.30331,0.0258,-0.02611,0,Mass,0.105,0.04,-0.039,0,,,,,919,30,-31,0,0,<a refstr=_SCARON_UBJAK_ET_AL__2022 href=https://ui.adsabs.harvard.edu/abs/2022arXiv220113341S/abstract target=ref>&Scaron;ubjak et al. 2022</a>,K1-K2,5300,100,-100,0,0.92,0.06,-0.06,0,0.96,0.04,-0.04,0,0.36,0.06,-0.06,0,[Fe/H],4.55,0.1,-0.1,0,<a refstr=STASSUN_ET_AL__2019 href=https://ui.adsabs.harvard.edu/abs/2019AJ....158..138S/abstract target=ref>TICv8</a>,13h13m33.26s,198.3885831,+62d18m19.37s,62.3053799,109.557,0.545,-0.54,10.92,0.008,-0.008,8.911,0.014,-0.014,10.692,0.000739,-0.000739,28.03.22,2022-01,28.03.22,0,0.245,245,9.1,96.4
GPX-1 b,GPX-1,1,1,1,Transit,,,2021,0.27,0.09,-0.15,0.36,Acton Sky Portal Observatory,Published Confirmed,0,<a refstr=BENNI_ET_AL__2021 href=https://ui.adsabs.harvard.edu/abs/2021MNRAS.505.4956B/abstract target=ref>Benni et al. 2021</a>,1.744579,0.000008,-0.000008,0,0.0338,0.0003,-0.0003,0,16.47720163,1.12089807,-1.12089807,6.802721088,8.121827411,1.47,0.1,-0.1,0,6261.219618,508.5254512,-508.5254512,8.121827411,19.7,1.6,-1.6,0,Mass,0,,,0,4650,370,-370,0,2300,48,-48,0,0,<a refstr=BENNI_ET_AL__2021 href=https://ui.adsabs.harvard.edu/abs/2021MNRAS.505.4956B/abstract target=ref>Benni et al. 2021</a>,F2,7000,200,-200,0,1.56,0.1,-0.1,0,1.68,0.1,-0.1,0,0.35,0.1,-0.1,0,[Fe/H],4.27,0.05,-0.05,0,<a refstr=STASSUN_ET_AL__2019 href=https://ui.adsabs.harvard.edu/abs/2019AJ....158..138S/abstract target=ref>TICv8</a>,02h33m28.60s,38.3691648,+56d01m32.55s,56.025708,655.013,17.102,-16.269,12.316,0.069,-0.069,11.181,0.021,-0.021,12.2228,0.000237,-0.000237,04.10.21,2021-08,04.10.21,0,0.27,270,16.47720163,6261.219618
TOI-2048 b,TOI-2048,1,1,1,Transit,Comoving group,Group-X,2022,0.3,0.05,-0.05,0.35,Transiting Exoplanet Survey Satellite (TESS),Published Confirmed,0,<a refstr=NEWTON_ET_AL__2022 href=https://ui.adsabs.harvard.edu/abs/2022AJ....164..115N/abstract target=ref>Newton et al. 2022</a>,13.79019,0.00065,-0.00084,0,,,,,2.61,0.17,-0.16,6.513409962,#DIV/0!,0.233,0.015,-0.014,0,,,,#DIV/0!,,,,,,0.13,0.18,-0.09,0,,,,,,,,,0,<a refstr=NEWTON_ET_AL__2022 href=https://ui.adsabs.harvard.edu/abs/2022AJ....164..115N/abstract target=ref>Newton et al. 2022</a>,G V,5185,60,-60,0,0.79,0.04,-0.04,0,0.83,0.03,-0.03,0,0.02,0.08,-0.08,0,[m/H],,,,,<a refstr=STASSUN_ET_AL__2019 href=https://ui.adsabs.harvard.edu/abs/2019AJ....158..138S/abstract target=ref>TICv8</a>,15h51m41.79s,237.9241066,+52d18m22.71s,52.3063083,116.567,0.292,-0.29,11.431,0.017,-0.017,9.439,0.014,-0.014,11.3252,0.000898,-0.000898,18.01.23,2022-09,18.01.23,0,0.3,300,2.61,
TOI-251 b,TOI-251,1,1,1,Transit,Field Star,,2021,0.18,0.14,-0.14,0.32,Transiting Exoplanet Survey Satellite (TESS),Published Confirmed,0,<a refstr=ZHOU_ET_AL__2021 href=https://ui.adsabs.harvard.edu/abs/2021AJ....161....2Z/abstract target=ref>Zhou et al. 2021</a>,4.93777,0.000028,-0.000029,0,0.05741,0.00023,-0.00017,0,2.74,0.18,-0.18,6.569343066,0,0.244,0.016,-0.016,0,317.83,,,0,1,,,1,Mass,0,,,0,,,,,,,,,0,<a refstr=ZHOU_ET_AL__2021 href=https://ui.adsabs.harvard.edu/abs/2021AJ....161....2Z/abstract target=ref>Zhou et al. 2021</a>,,5875,100,-190,0,0.88,0.04,-0.05,0,1.04,0.01,-0.01,0,-0.106,0.079,-0.07,0,[Fe/H],4.56,0.05,-0.05,0,<a refstr=STASSUN_ET_AL__2019 href=https://ui.adsabs.harvard.edu/abs/2019AJ....158..138S/abstract target=ref>TICv8</a>,23h32m14.90s,353.0620655,-37d15m21.11s,-37.2558629,99.523,0.4374,-0.4336,9.887,0.005,-0.005,8.426,0.027,-0.027,9.75411,0.001277,-0.001277,10.12.20,2021-01,17.12.20,0,0.18,180,2.74,317.83
Qatar-3 b,Qatar-3,1,1,1,Transit,Field/unknown,,2017,0.31,0.001,-0.001,0.311,Qatar,Published Confirmed,0,<a refstr=ALSUBAI_ET_AL__2017 href=https://ui.adsabs.harvard.edu/abs/2017AJ....153..200A/abstract target=ref>Alsubai et al. 2017</a>,2.5079204,,,0,0.03783,0.00069,-0.00069,0,12.285,1.569,-1.569,12.77167277,10.90487239,1.096,0.14,-0.14,0,1369.8473,149.3801,-149.3801,10.90487239,4.31,0.47,-0.47,0,Mass,0,,,0,1330,287,-287,0,1681,84,-84,0,0,<a refstr=ALSUBAI_ET_AL__2017 href=https://ui.adsabs.harvard.edu/abs/2017AJ....153..200A/abstract target=ref>Alsubai et al. 2017</a>,G0 V,6007,52,-52,0,1.27,0.14,-0.14,0,1.15,0.06,-0.06,0,-0.041,0.081,-0.081,0,[Fe/H],4.29,0.08,-0.08,0,<a refstr=STASSUN_ET_AL__2019 href=https://ui.adsabs.harvard.edu/abs/2019AJ....158..138S/abstract target=ref>TICv8</a>,23h56m36.47s,359.1519716,+36d12m46.64s,36.2129562,735.601,33.463,-30.723,12.929,0.08,-0.08,11.219,0.022,-0.022,12.8203,0.000854,-0.000854,24.04.17,2017-04,27.04.17,0,0.31,310,12.285,1369.8473
GJ 900 b,GJ 900 A,1,3,1,Imaging,,,2024,0.2,0.1,-0.1,0.3,Multiple Observatories,Published Confirmed,0,<a refstr=ROTHERMICH_ET_AL__2024 href=https://ui.adsabs.harvard.edu/abs/2024AJ....167..253R/abstract target=ref>Rothermich et al. 2024</a>,,,,,12000,,,0,,,,#DIV/0!,0,,,,,3496.112477,,,0,11,,,0,Mass,,,,,,,,,,,,,0,<a refstr=ROTHERMICH_ET_AL__2024 href=https://ui.adsabs.harvard.edu/abs/2024AJ....167..253R/abstract target=ref>Rothermich et al. 2024</a>,K7,,,,,,,,,1.08,,,0,-0.63,0.88,-0.11,0,[Fe/H],,,,,<a refstr=STASSUN_ET_AL__2019 href=https://ui.adsabs.harvard.edu/abs/2019AJ....158..138S/abstract target=ref>TICv8</a>,23h35m00.63s,353.7526177,+01d36m19.88s,1.6055211,20.8065,0.0357,-0.0357,9.59,0.1,-0.1,6.044,0.018,-0.018,9.02571,0.001235,-0.001235,29.05.24,2024-06,29.05.24,0,0.2,200,,3496.112477
HD 110082 b,HD 110082,1,2,1,Transit,Cluster/Assoc,Octans,2021,0.25,0.05,-0.07,0.3,Transiting Exoplanet Survey Satellite (TESS),Published Confirmed,0,<a refstr=TOFFLEMIRE_ET_AL__2021 href=https://ui.adsabs.harvard.edu/abs/2021AJ....161..171T/abstract target=ref>Tofflemire et al. 2021</a>,10.18271,0.00004,-0.00004,0,0.113,0.009,-0.013,0,3.2,0.1,-0.1,3.125,#DIV/0!,0.285,0.009,-0.009,0,,,,#DIV/0!,,,,,,0.2,0.2,-0.1,0,,,,,,,,,0,<a refstr=TOFFLEMIRE_ET_AL__2021 href=https://ui.adsabs.harvard.edu/abs/2021AJ....161..171T/abstract target=ref>Tofflemire et al. 2021</a>,F8 V,6200,100,-100,0,1.19,0.06,-0.06,0,1.21,0.06,-0.06,0,0.08,0.05,-0.05,0,[Fe/H],4.2,0.3,-0.3,0,<a refstr=STASSUN_ET_AL__2019 href=https://ui.adsabs.harvard.edu/abs/2019AJ....158..138S/abstract target=ref>TICv8</a>,12h50m21.43s,192.5892855,-88d07m16.00s,-88.1211107,105.096,0.266,-0.266,9.23,0.03,-0.03,8.002,0.031,-0.031,9.11523,0.00034,-0.00034,25.02.21,2021-04,04.03.21,0,0.25,250,3.2,
HD 147513 b,HD 147513,1,2,1,Radial Velocity,Field/unknown,,2003,0.3,,,0.3,La Silla Observatory,Published Confirmed,0,<a refstr=MAYOR_ET_AL__2004 href=https://ui.adsabs.harvard.edu/abs/2004A&A...415..391M/abstract target=ref> Mayor et al. 2004 </a>,528.4,6.3,-6.3,0,1.32,,,0,,,,#DIV/0!,0,,,,,385,,,0,1.21,,,0,Msini,0.26,0.05,-0.05,0,,,,,,,,,0,<a refstr=MAYOR_ET_AL__2004 href=https://ui.adsabs.harvard.edu/abs/2004A&A...415..391M/abstract target=ref> Mayor et al. 2004 </a>,,5883,,,0,,,,,1.11,,,0,0.06,,,0,[Fe/H],4.51,,,0,<a refstr=STASSUN_ET_AL__2019 href=https://ui.adsabs.harvard.edu/abs/2019AJ....158..138S/abstract target=ref>TICv8</a>,16h24m01.39s,246.0057894,-39d11m34.68s,-39.1929661,12.9032,0.0234,-0.0233,5.37,0.03,-0.03,3.933,0.036,-0.036,5.22664,0.0027777,-0.0027777,28.01.19,2004-02,31.01.19,0,0.3,300,,385
KELT-9 b,KELT-9,1,2,1,Transit,Unconfirmed,ZariPMS/UMS,2017,0.3,,,0.3,KELT-North,Published Confirmed,0,<a refstr=GAUDI_ET_AL__2017 href=https://ui.adsabs.harvard.edu/abs/2017Natur.546..514G/abstract target=ref>Gaudi et al. 2017</a>,1.4811235,0.0000011,-0.0000011,0,0.03462,0.0011,-0.00093,0,21.196,0.684,-0.594,3.227023967,29.16666667,1.891,0.061,-0.053,0,915.3504,266.9772,-266.9772,29.16666667,2.88,0.84,-0.84,0,Mass,0,,,0,44900,8100,-7200,0,4050,180,-180,0,0,<a refstr=GAUDI_ET_AL__2017 href=https://ui.adsabs.harvard.edu/abs/2017Natur.546..514G/abstract target=ref>Gaudi et al. 2017</a>,B9.5-A0,10170,450,-450,0,2.36,0.07,-0.06,0,2.52,0.25,-0.2,0,-0.03,0.2,-0.2,0,[Fe/H],4.09,0.01,-0.01,0,<a refstr=STASSUN_ET_AL__2019 href=https://ui.adsabs.harvard.edu/abs/2019AJ....158..138S/abstract target=ref>TICv8</a>,20h31m26.38s,307.8598998,+39d56m20.10s,39.9389161,204.455,1.582,-1.558,7.55,0.01,-0.01,7.482,0.02,-0.02,7.57675,0.000333,-0.000333,02.06.17,2017-06,05.06.17,0,0.3,300,21.196,915.3504
TOI-2266 b,TOI-2266,1,1,1,Transit,Field/unknown,,2024,0.3,,,0.3,Transiting Exoplanet Survey Satellite (TESS),Published Confirmed,0,<a refstr=PARVIAINEN_ET_AL__2024 href=https://ui.adsabs.harvard.edu/abs/2024arXiv240111879P/abstract target=ref>Parviainen et al. 2024</a>,2.326318,0.0000048,-0.0000048,0,0.02,0.002,-0.002,0,1.54,0.09,-0.09,5.844155844,#DIV/0!,0.137,0.008,-0.008,0,,,,#DIV/0!,,,,,,,,,,13,3,-3,0,550,47,-47,0,0,<a refstr=PARVIAINEN_ET_AL__2024 href=https://ui.adsabs.harvard.edu/abs/2024arXiv240111879P/abstract target=ref>Parviainen et al. 2024</a>,M5.0+0.5-0.5,3200,170,-170,0,0.24,0.01,-0.01,0,0.23,0.02,-0.02,0,,,,,,,,,,<a refstr=STASSUN_ET_AL__2019 href=https://ui.adsabs.harvard.edu/abs/2019AJ....158..138S/abstract target=ref>TICv8</a>,16h21m07.21s,245.2800398,+31d34m37.35s,31.5770413,51.6004,0.1297,-0.1291,16.54,0.2,-0.2,11.017,0.021,-0.021,14.8319,0.000531,-0.000531,05.02.24,2024-01,08.02.24,0,0.3,300,1.54,
Kepler-63 b,Kepler-63,1,1,1,Transit,Field/unknown,,2013,0.21,0.045,-0.045,0.255,Kepler,Published Confirmed,0,<a refstr=SANCHIS_OJEDA_ET_AL__2013 href=https://ui.adsabs.harvard.edu/abs/2013ApJ...775...54S/abstract target=ref> Sanchis-Ojeda et al. 2013 </a>,9.4341505,0.000001,-0.000001,0,0.08,0.002,-0.002,0,6.11,0.2,-0.2,3.273322422,0,0.545,0.018,-0.018,0,120,,,0,0.378,,,1,Mass,0.45,,,1,,,,,,,,,0,<a refstr=SANCHIS_OJEDA_ET_AL__2013 href=https://ui.adsabs.harvard.edu/abs/2013ApJ...775...54S/abstract target=ref> Sanchis-Ojeda et al. 2013 </a>,,5576,50,-50,0,0.9,0.03,-0.02,0,0.98,0.04,-0.04,0,0.05,0.08,-0.08,0,[Fe/H],4.52,0.02,-0.02,0,<a refstr=STASSUN_ET_AL__2019 href=https://ui.adsabs.harvard.edu/abs/2019AJ....158..138S/abstract target=ref>TICv8</a>,19h16m54.31s,289.2262876,+49d32m53.81s,49.5482814,194.033,0.959,-0.949,12.02,0.026,-0.026,9.997,0.022,-0.022,11.5352,0.000609,-0.000609,02.12.19,2013-09,14.05.14,0,0.21,210,6.11,120
Kepler-411 b,Kepler-411,1,2,4,Transit,Stellar-stream,Theia_1275,2013,0.212,0.031,-0.031,0.243,Kepler,Published Confirmed,0,<a refstr=SUN_ET_AL__2019 href=https://ui.adsabs.harvard.edu/abs/2019A&A...624A..15S/abstract target=ref>Sun et al. 2019</a>,3.005156,0.000002,-0.000002,0,0.0375,0.0008,-0.0008,0,2.401,0.053,-0.053,2.207413578,10.15625,0.214,0.005,-0.005,0,25.6,2.6,-2.6,10.15625,0.08055,0.00818,-0.00818,0,Mass,0.146,0.005,-0.004,0,,,,,1138,17,-17,0,1,<a refstr=SUN_ET_AL__2019 href=https://ui.adsabs.harvard.edu/abs/2019A&A...624A..15S/abstract target=ref>Sun et al. 2019</a>,K2 V,,,,,0.82,0.02,-0.02,0,0.87,0.04,-0.04,0,,,,,,,,,,<a refstr=STASSUN_ET_AL__2019 href=https://ui.adsabs.harvard.edu/abs/2019AJ....158..138S/abstract target=ref>TICv8</a>,19h10m25.37s,287.6057027,+49d31m24.22s,49.5233937,153.676,0.455,-0.453,12.448,0.069,-0.069,10.062,0.023,-0.023,12.2327,0.000562,-0.000562,03.07.19,2019-04,11.07.19,0,0.212,212,2.401,25.6
Kepler-411 c,Kepler-411,1,2,4,Transit,Stellar-stream,Theia_1275,2016,0.212,0.031,-0.031,0.243,Kepler,Published Confirmed,0,<a refstr=SUN_ET_AL__2019 href=https://ui.adsabs.harvard.edu/abs/2019A&A...624A..15S/abstract target=ref>Sun et al. 2019</a>,7.834435,0.000002,-0.000002,0,0.0739,0.001,-0.001,0,4.421,0.062,-0.062,1.402397648,22.34848485,0.394,0.006,-0.006,0,26.4,5.9,-5.9,22.34848485,0.08306,0.01856,-0.01856,0,Mass,0.108,0.003,-0.004,0,,,,,838,10,-10,0,1,<a refstr=SUN_ET_AL__2019 href=https://ui.adsabs.harvard.edu/abs/2019A&A...624A..15S/abstract target=ref>Sun et al. 2019</a>,K2 V,,,,,0.82,0.02,-0.02,0,0.87,0.04,-0.04,0,,,,,,,,,,<a refstr=STASSUN_ET_AL__2019 href=https://ui.adsabs.harvard.edu/abs/2019AJ....158..138S/abstract target=ref>TICv8</a>,19h10m25.37s,287.6057027,+49d31m24.22s,49.5233937,153.676,0.455,-0.453,12.448,0.069,-0.069,10.062,0.023,-0.023,12.2327,0.000562,-0.000562,19.07.19,2019-04,25.07.19,0,0.212,212,4.421,26.4
Kepler-411 d,Kepler-411,1,2,4,Transit,Stellar-stream,Theia_1275,2018,0.212,0.031,-0.031,0.243,Kepler,Published Confirmed,0,<a refstr=SUN_ET_AL__2019 href=https://ui.adsabs.harvard.edu/abs/2019A&A...624A..15S/abstract target=ref>Sun et al. 2019</a>,58.02035,0.00056,-0.00056,0,0.279,0.004,-0.004,0,3.319,0.104,-0.104,3.133473938,33.55263158,0.296,0.009,-0.009,0,15.2,5.1,-5.1,33.55263158,0.04782,0.01605,-0.01605,0,Mass,0.128,0.003,-0.003,0,,,,,410,10,-10,0,1,<a refstr=SUN_ET_AL__2019 href=https://ui.adsabs.harvard.edu/abs/2019A&A...624A..15S/abstract target=ref>Sun et al. 2019</a>,K2 V,,,,,0.82,0.02,-0.02,0,0.87,0.04,-0.04,0,,,,,,,,,,<a refstr=STASSUN_ET_AL__2019 href=https://ui.adsabs.harvard.edu/abs/2019AJ....158..138S/abstract target=ref>TICv8</a>,19h10m25.37s,287.6057027,+49d31m24.22s,49.5233937,153.676,0.455,-0.453,12.448,0.069,-0.069,10.062,0.023,-0.023,12.2327,0.000562,-0.000562,19.07.19,2019-04,25.07.19,0,0.212,212,3.319,15.2
Kepler-411 e,Kepler-411,1,2,4,Transit Timing Variations,Stellar-stream,Theia_1275,2018,0.212,0.031,-0.031,0.243,Kepler,Published Confirmed,0,<a refstr=SUN_ET_AL__2019 href=https://ui.adsabs.harvard.edu/abs/2019A&A...624A..15S/abstract target=ref>Sun et al. 2019</a>,31.509728,0.000085,-0.000085,0,0.186,0.003,-0.003,0,,,,#DIV/0!,10.18518519,,,,,10.8,1.1,-1.1,10.18518519,0.03398,0.00346,-0.00346,0,Mass,0.016,0.002,-0.001,0,,,,,503,9,-9,0,0,<a refstr=SUN_ET_AL__2019 href=https://ui.adsabs.harvard.edu/abs/2019A&A...624A..15S/abstract target=ref>Sun et al. 2019</a>,K2 V,,,,,0.82,0.02,-0.02,0,0.87,0.04,-0.04,0,,,,,,,,,,<a refstr=STASSUN_ET_AL__2019 href=https://ui.adsabs.harvard.edu/abs/2019AJ....158..138S/abstract target=ref>TICv8</a>,19h10m25.37s,287.6057027,+49d31m24.22s,49.5233937,153.676,0.455,-0.453,12.448,0.069,-0.069,10.062,0.023,-0.023,12.2327,0.000562,-0.000562,03.07.19,2019-04,11.07.19,0,0.212,212,,10.8
TOI-1224 b,TOI-1224,1,1,2,Transit,Cluster/Assoc,MELANGE-5,2024,0.21,0.027,-0.027,0.237,Transiting Exoplanet Survey Satellite (TESS),Published Confirmed,0,<a refstr=THAO_ET_AL__2024 href=https://ui.adsabs.harvard.edu/abs/2024AJ....168...41T/abstract target=ref>Thao et al. 2024</a>,4.1782745,0.0000022,-0.0000021,0,0.0355,0.0017,-0.0034,0,2.104,0.094,-0.091,4.467680608,#DIV/0!,0.18770663,0.00838613,-0.00811849,0,,,,#DIV/0!,,,,,,,,,,,,,,541,26,-14,0,0,<a refstr=THAO_ET_AL__2024 href=https://ui.adsabs.harvard.edu/abs/2024AJ....168...41T/abstract target=ref>Thao et al. 2024</a>,,3326,66,-66,0,0.404,0.012,-0.012,0,0.4,0.01,-0.01,0,,,,,,,,,,<a refstr=STASSUN_ET_AL__2019 href=https://ui.adsabs.harvard.edu/abs/2019AJ....158..138S/abstract target=ref>TICv8</a>,02h28m47.48s,37.1978356,-80d53m56.78s,-80.8991053,37.3312,0.0601,-0.0599,13.95,0.022,-0.022,9.134,0.019,-0.019,12.7824,0.001348,-0.001348,12.07.24,2024-07,12.07.24,0,0.21,210,2.104,
TOI-1224 c,TOI-1224,1,1,2,Transit,Cluster/Assoc,MELANGE-5,2024,0.21,0.027,-0.027,0.237,Transiting Exoplanet Survey Satellite (TESS),Published Confirmed,0,<a refstr=THAO_ET_AL__2024 href=https://ui.adsabs.harvard.edu/abs/2024AJ....168...41T/abstract target=ref>Thao et al. 2024</a>,17.945466,0.000012,-0.000012,0,,,,,2.884,0.098,-0.098,3.398058252,#DIV/0!,0.25729369,0.00874299,-0.00874299,0,,,,#DIV/0!,,,,,,0,,,0,,,,,,,,,1,<a refstr=THAO_ET_AL__2024 href=https://ui.adsabs.harvard.edu/abs/2024AJ....168...41T/abstract target=ref>Thao et al. 2024</a>,,3326,66,-66,0,0.404,0.012,-0.012,0,0.4,0.01,-0.01,0,,,,,,,,,,<a refstr=STASSUN_ET_AL__2019 href=https://ui.adsabs.harvard.edu/abs/2019AJ....158..138S/abstract target=ref>TICv8</a>,02h28m47.48s,37.1978356,-80d53m56.78s,-80.8991053,37.3312,0.0601,-0.0599,13.95,0.022,-0.022,9.134,0.019,-0.019,12.7824,0.001348,-0.001348,12.07.24,2024-07,12.07.24,0,0.21,210,2.884,
TOI-2076 b,TOI-2076,1,1,3,Transit,Comoving group,,2021,0.21,0.02,-0.02,0.23,Transiting Exoplanet Survey Satellite (TESS),Published Confirmed,0,<a refstr=OSBORN_ET_AL__2022 href=https://ui.adsabs.harvard.edu/abs/2022arXiv220303194O/abstract target=ref>Osborn et al. 2022</a>,10.35509,0.0002,-0.00014,0,0.0682,0.0013,-0.0013,0,2.518,0.036,-0.036,1.429706116,#DIV/0!,0.225,0.003,-0.003,0,,,,#DIV/0!,,,,,,,,,,84.06,5.07,-4.78,0,797,12,-12,0,1,<a refstr=OSBORN_ET_AL__2022 href=https://ui.adsabs.harvard.edu/abs/2022arXiv220303194O/abstract target=ref>Osborn et al. 2022</a>,,5200,70,-70,0,0.77,0.01,-0.01,0,0.82,0.04,-0.04,0,-0.09,0.04,-0.04,0,[Fe/H],4.45,0.12,-0.12,0,<a refstr=STASSUN_ET_AL__2019 href=https://ui.adsabs.harvard.edu/abs/2019AJ....158..138S/abstract target=ref>TICv8</a>,14h29m34.08s,217.3920159,+39d47m25.44s,39.7903991,41.9091,0.0528,-0.0526,9.139,0.002,-0.002,7.115,0.017,-0.017,8.91028,0.000477,-0.000477,12.04.22,2022-03,12.04.22,0,0.21,210,2.518,
TOI-2076 c,TOI-2076,1,1,3,Transit,Comoving group,,2021,0.21,0.02,-0.02,0.23,Transiting Exoplanet Survey Satellite (TESS),Published Confirmed,0,<a refstr=OSBORN_ET_AL__2022 href=https://ui.adsabs.harvard.edu/abs/2022arXiv220303194O/abstract target=ref>Osborn et al. 2022</a>,21.01538,0.00084,-0.00074,0,0.1093,0.0021,-0.0021,0,3.497,0.043,-0.043,1.229625393,#DIV/0!,0.312,0.004,-0.004,0,,,,#DIV/0!,,,,,,,,,,32.7,1.9,-1.9,0,630,9,-9,0,1,<a refstr=OSBORN_ET_AL__2022 href=https://ui.adsabs.harvard.edu/abs/2022arXiv220303194O/abstract target=ref>Osborn et al. 2022</a>,,5200,70,-70,0,0.77,0.01,-0.01,0,0.82,0.04,-0.04,0,-0.09,0.04,-0.04,0,[Fe/H],4.45,0.12,-0.12,0,<a refstr=STASSUN_ET_AL__2019 href=https://ui.adsabs.harvard.edu/abs/2019AJ....158..138S/abstract target=ref>TICv8</a>,14h29m34.08s,217.3920159,+39d47m25.44s,39.7903991,41.9091,0.0528,-0.0526,9.139,0.002,-0.002,7.115,0.017,-0.017,8.91028,0.000477,-0.000477,12.04.22,2022-03,12.04.22,0,0.21,210,3.497,
TOI-2076 d,TOI-2076,1,1,3,Transit,Comoving group,,2021,0.21,0.02,-0.02,0.23,Transiting Exoplanet Survey Satellite (TESS),Published Confirmed,0,<a refstr=OSBORN_ET_AL__2022 href=https://ui.adsabs.harvard.edu/abs/2022arXiv220303194O/abstract target=ref>Osborn et al. 2022</a>,35.12537,0.00067,-0.00067,0,0.1539,0.0029,-0.0029,0,3.232,0.063,-0.063,1.949257426,#DIV/0!,0.288,0.006,-0.006,0,,,,#DIV/0!,,,,,,,,,,16.5,1,-1,0,530,8,-8,0,0,<a refstr=OSBORN_ET_AL__2022 href=https://ui.adsabs.harvard.edu/abs/2022arXiv220303194O/abstract target=ref>Osborn et al. 2022</a>,,5200,70,-70,0,0.77,0.01,-0.01,0,0.82,0.04,-0.04,0,-0.09,0.04,-0.04,0,[Fe/H],4.45,0.12,-0.12,0,<a refstr=STASSUN_ET_AL__2019 href=https://ui.adsabs.harvard.edu/abs/2019AJ....158..138S/abstract target=ref>TICv8</a>,14h29m34.08s,217.3920159,+39d47m25.44s,39.7903991,41.9091,0.0528,-0.0526,9.139,0.002,-0.002,7.115,0.017,-0.017,8.91028,0.000477,-0.000477,12.04.22,2022-03,12.04.22,0,0.21,210,3.232,
TOI-1807 b,TOI-1807,1,1,1,Transit,Comoving group,,2021,0.18,0.04,-0.038,0.22,Transiting Exoplanet Survey Satellite (TESS),Published Confirmed,0,<a refstr=HEDGES_ET_AL__2021 href=https://ui.adsabs.harvard.edu/abs/2021AJ....162...54H/abstract target=ref>Hedges et al. 2021</a>,0.549372,0.000007,-0.000007,0,0.00812,0.00037,-0.00038,0,1.258,0.04,-0.039,3.179650238,#DIV/0!,0.112,0.004,-0.003,0,,,,#DIV/0!,,,,,,,,,,,,,,2100,39,-40,0,0,<a refstr=HEDGES_ET_AL__2021 href=https://ui.adsabs.harvard.edu/abs/2021AJ....162...54H/abstract target=ref>Hedges et al. 2021</a>,,4757,51,-50,0,0.68,0.01,-0.01,0,0.75,0.03,-0.02,0,-0.029,0.061,-0.043,0,[Fe/H],4.65,0.02,-0.02,0,<a refstr=STASSUN_ET_AL__2019 href=https://ui.adsabs.harvard.edu/abs/2019AJ....158..138S/abstract target=ref>TICv8</a>,13h25m07.83s,201.2826259,+38d55m20.52s,38.9223671,42.5775,0.0622,-0.062,10,0.03,-0.03,7.568,9.995,-9.995,9.67517,0.000292,-0.000292,12.04.22,2021-08,12.04.22,0,0.18,180,1.258,
Qatar-4 b,Qatar-4,1,1,1,Transit,Field/unknown,,2017,0.17,0.01,-0.01,0.18,Qatar,Published Confirmed,0,<a refstr=ALSUBAI_ET_AL__2017 href=https://ui.adsabs.harvard.edu/abs/2017AJ....153..200A/abstract target=ref>Alsubai et al. 2017</a>,1.8053564,,,0,0.02803,0.00048,-0.00048,0,12.722,1.233,-1.233,9.691872347,8.852459016,1.135,0.11,-0.11,0,1938.763,171.6282,-171.6282,8.852459016,6.1,0.54,-0.54,0,Mass,0,,,0,614,88,-88,0,1385,48,-48,0,0,<a refstr=ALSUBAI_ET_AL__2017 href=https://ui.adsabs.harvard.edu/abs/2017AJ....153..200A/abstract target=ref>Alsubai et al. 2017</a>,K1 V,5215,50,-50,0,0.85,0.06,-0.06,0,0.9,0.05,-0.05,0,0.103,0.081,-0.081,0,[Fe/H],4.53,0.06,-0.06,0,<a refstr=STASSUN_ET_AL__2019 href=https://ui.adsabs.harvard.edu/abs/2019AJ....158..138S/abstract target=ref>TICv8</a>,00h19m26.23s,4.859275,+44d01m39.35s,44.0275965,329.036,2.891,-2.843,13.574,0.103,-0.103,11.519,0.02,-0.02,13.4114,0.000719,-0.000719,24.04.17,2017-04,27.04.17,0,0.17,170,12.722,1938.763
TOI-159 b,TOI-159,1,2,1,Transit,,,2026,0.145,0.031,-0.023,0.176,Transiting Exoplanet Survey Satellite (TESS),Published Confirmed,0,<a refstr=MANTOVAN_ET_AL_2026 href=https://ui.adsabs.harvard.edu/abs/2026arXiv260504149M/abstract target=ref>Mantovan et al. 2026</a>,3.7628396,0.0000003,-0.0000003,0,0.056,0.0007,-0.0007,0,18.18,0.16,-0.16,0.880088009,7.117117117,1.622,0.015,-0.015,0,1110,79,-84,7.117117117,3.49,0.26,-0.26,0,Mass,0.24,0.03,-0.04,0,,,,,1891,23,-23,0,0,<a refstr=MANTOVAN_ET_AL_2026 href=https://ui.adsabs.harvard.edu/abs/2026arXiv260504149M/abstract target=ref>Mantovan et al. 2026</a>,F0 V,7287,69,-73,0,1.62,0.014,-0.014,0,1.661,0.017,-0.019,0,0.3,0.01,-0.01,0,[Fe/H],4.23,0.01,-0.01,0,<a refstr=STASSUN_ET_AL__2019 href=https://ui.adsabs.harvard.edu/abs/2019AJ....158..138S/abstract target=ref>TICv8</a>,03h27m07.74s,51.7822676,-78d32m59.39s,-78.5498308,347.593,2.537,-2.501,11.021,0.009,-0.009,9.758,0.02,-0.02,10.8504,0.00048,-0.00048,14.05.26,2026-05,14.05.26,0,0.145,145,18.18,1110
HD 206893 c,HD 206893,1,1,2,Imaging,Field/unknown,,2022,0.155,0.015,-0.015,0.17,European Southern Observatory,Published Confirmed,0,<a refstr=HINKLEY_ET_AL__2022 href=https://ui.adsabs.harvard.edu/abs/2022arXiv220804867H/abstract target=ref>Hinkley et al. 2022</a>,2090,44,-37,0,3.53,0.08,-0.06,0,16.365,2.018,-0.673,12.33119462,9.448818935,1.46,0.18,-0.06,0,4036.42077,381.39409,-317.82841,9.448818935,12.7,1.2,-1,0,Mass,0.41,0.03,-0.03,0,,,,,1182,21,-54,0,0,<a refstr=HINKLEY_ET_AL__2022 href=https://ui.adsabs.harvard.edu/abs/2022arXiv220804867H/abstract target=ref>Hinkley et al. 2022</a>,F5 V,,,,,,,,,1.32,0.07,-0.05,0,,,,,,,,,,<a refstr=STASSUN_ET_AL__2019 href=https://ui.adsabs.harvard.edu/abs/2019AJ....158..138S/abstract target=ref>TICv8</a>,21h45m22.00s,326.3416874,-12d47m00.07s,-12.7833522,40.7583,0.1072,-0.1066,6.68804,0.023,-0.023,5.593,0.021,-0.021,6.56783,0.00032,-0.00032,05.12.22,2022-08,05.12.22,0,0.155,155,16.365,4036.42077
HR 8799 b,HR 8799,1,1,4,Imaging,Cluster/Assoc,Columba,2008,0.06,0.1,-0.03,0.16,Gemini Observatory,Published Confirmed,0,<a refstr=MAROIS_ET_AL__2008 href=https://ui.adsabs.harvard.edu/abs/2008Sci...322.1348M/abstract target=ref> Marois et al. 2008 </a>,170000,,,0,68,,,0,13,1,-1,7.692307692,50,1.2,0.1,-0.1,0,2000,1000,-600,50,7,4,-2,0,Mass,,,,,,,,,,,,,0,<a refstr=MAROIS_ET_AL__2008 href=https://ui.adsabs.harvard.edu/abs/2008Sci...322.1348M/abstract target=ref> Marois et al. 2008 </a>,A5 V,,,,,,,,,1.5,0.3,-0.3,0,-0.47,,,0,[M/H],,,,,<a refstr=STASSUN_ET_AL__2019 href=https://ui.adsabs.harvard.edu/abs/2019AJ....158..138S/abstract target=ref>TICv8</a>,23h07m28.84s,346.8701486,+21d08m02.54s,21.1340376,41.2441,0.1515,-0.1505,5.98,0.01,-0.01,5.24,0.018,-0.018,5.90914,0.0018783,-0.0018783,14.05.14,2008-11,14.05.14,0,0.06,60,13,2000
HR 8799 c,HR 8799,1,1,4,Imaging,Cluster/Assoc,Columba,2008,0.06,0.1,-0.03,0.16,Gemini Observatory,Published Confirmed,0,<a refstr=MAROIS_ET_AL__2008 href=https://ui.adsabs.harvard.edu/abs/2008Sci...322.1348M/abstract target=ref> Marois et al. 2008 </a>,69000,,,0,38,,,0,13,1,0,7.692307692,33.33333333,1.2,0.1,0,0,3000,1000,-1000,33.33333333,10,3,-3,0,Mass,,,,,,,,,,,,,0,<a refstr=MAROIS_ET_AL__2008 href=https://ui.adsabs.harvard.edu/abs/2008Sci...322.1348M/abstract target=ref> Marois et al. 2008 </a>,A5 V,,,,,,,,,1.5,0.3,-0.3,0,-0.47,,,0,[M/H],,,,,<a refstr=STASSUN_ET_AL__2019 href=https://ui.adsabs.harvard.edu/abs/2019AJ....158..138S/abstract target=ref>TICv8</a>,23h07m28.84s,346.8701486,+21d08m02.54s,21.1340376,41.2441,0.1515,-0.1505,5.98,0.01,-0.01,5.24,0.018,-0.018,5.90914,0.0018783,-0.0018783,14.05.14,2008-11,14.05.14,0,0.06,60,13,3000
HR 8799 d,HR 8799,1,1,4,Imaging,Cluster/Assoc,Columba,2008,0.06,0.1,-0.03,0.16,W. M. Keck Observatory,Published Confirmed,0,<a refstr=MAROIS_ET_AL__2008 href=https://ui.adsabs.harvard.edu/abs/2008Sci...322.1348M/abstract target=ref> Marois et al. 2008 </a>,37000,,,0,24,,,0,13,1,0,7.692307692,33.33333333,1.2,0.1,0,0,3000,1000,-1000,33.33333333,10,3,-3,0,Mass,,,,,,,,,,,,,0,<a refstr=MAROIS_ET_AL__2008 href=https://ui.adsabs.harvard.edu/abs/2008Sci...322.1348M/abstract target=ref> Marois et al. 2008 </a>,A5 V,,,,,,,,,1.5,0.3,-0.3,0,-0.47,,,0,[M/H],,,,,<a refstr=STASSUN_ET_AL__2019 href=https://ui.adsabs.harvard.edu/abs/2019AJ....158..138S/abstract target=ref>TICv8</a>,23h07m28.84s,346.8701486,+21d08m02.54s,21.1340376,41.2441,0.1515,-0.1505,5.98,0.01,-0.01,5.24,0.018,-0.018,5.90914,0.0018783,-0.0018783,14.05.14,2008-11,14.05.14,0,0.06,60,13,3000
HR 8799 e,HR 8799,1,1,4,Imaging,Cluster/Assoc,Columba,2010,0.06,0.1,-0.03,0.16,W. M. Keck Observatory,Published Confirmed,0,<a refstr=GRAVITY_COLLABORATION_ET_AL__2019 href=https://ui.adsabs.harvard.edu/abs/2019A&A...623L..11G/abstract target=ref>Gravity Collaboration et al. 2019</a>,,,,,16.4,2.1,-1.1,0,13.115,1.457,-1.233,11.1094167,70,1.17,0.13,-0.11,0,3178.3,2224.81,-1271.32,70,10,7,-4,0,Mass,0.15,0.08,-0.08,0,,,,,1150,50,-50,0,0,<a refstr=GRAVITY_COLLABORATION_ET_AL__2019 href=https://ui.adsabs.harvard.edu/abs/2019A&A...623L..11G/abstract target=ref>Gravity Collaboration et al. 2019</a>,A5,7400,,,0,,,,,,,,,-0.5,,,0,[Fe/H],4,,,0,<a refstr=STASSUN_ET_AL__2019 href=https://ui.adsabs.harvard.edu/abs/2019AJ....158..138S/abstract target=ref>TICv8</a>,23h07m28.84s,346.8701486,+21d08m02.54s,21.1340376,41.2441,0.1515,-0.1505,5.98,0.01,-0.01,5.24,0.018,-0.018,5.90914,0.0018783,-0.0018783,24.06.19,2019-03,27.06.19,0,0.06,60,13.115,3178.3
TOI-1860 b,TOI-1860,1,1,1,Transit,Field/unknown,,2022,0.133,0.026,-0.026,0.159,Transiting Exoplanet Survey Satellite (TESS),Published Confirmed,0,<a refstr=GIACALONE_ET_AL__2022 href=https://ui.adsabs.harvard.edu/abs/2022AJ....163...99G/abstract target=ref>Giacalone et al. 2022</a>,1.0662107,0.0000014,-0.0000014,0,0.0204,0.0002,-0.0002,0,1.31,0.04,-0.04,3.053435115,#DIV/0!,0.117,0.004,-0.004,0,,,,#DIV/0!,,,,,,,,,,,,,,1885,28,-28,0,0,<a refstr=GIACALONE_ET_AL__2022 href=https://ui.adsabs.harvard.edu/abs/2022AJ....163...99G/abstract target=ref>Giacalone et al. 2022</a>,G V,5752,100,-100,0,0.94,0.02,-0.02,0,0.99,0.03,-0.03,0,0.04,0.06,-0.06,0,[Fe/H],4.58,0.1,-0.1,0,<a refstr=STASSUN_ET_AL__2019 href=https://ui.adsabs.harvard.edu/abs/2019AJ....158..138S/abstract target=ref>TICv8</a>,15h05m49.62s,226.4567308,+64d02m51.66s,64.0476821,45.864,0.0648,-0.0645,8.4,0.03,-0.03,6.792,0.021,-0.021,8.23223,0.000636,-0.000636,15.02.22,2022-02,15.02.22,0,0.133,133,1.31,
HD 203030 b,HD 203030,1,1,1,Imaging,Field/unknown,,2006,0.1,0.05,-0.07,0.15,Palomar Observatory,Published Confirmed,0,<a refstr=MILES_P_AACUTE_EZ_ET_AL__2017 href=https://ui.adsabs.harvard.edu/abs/2017AJ....154..262M/abstract target=ref>Miles-P&aacute;ez et al. 2017</a>,,,,,,,,,14.46,0.673,-0.448,4.654218534,36.36363639,1.29,0.06,-0.04,0,3496.11248,1271.31363,-953.48522,36.36363639,11,4,-3,0,Mass,,,,,,,,,1040,50,-50,0,0,<a refstr=MILES_P_AACUTE_EZ_ET_AL__2017 href=https://ui.adsabs.harvard.edu/abs/2017AJ....154..262M/abstract target=ref>Miles-P&aacute;ez et al. 2017</a>,G8 V,,,,,,,,,,,,,,,,,,,,,,<a refstr=STASSUN_ET_AL__2019 href=https://ui.adsabs.harvard.edu/abs/2019AJ....158..138S/abstract target=ref>TICv8</a>,21h18m58.37s,319.7432238,+26d13m50.10s,26.2305846,39.2503,0.0949,-0.0944,8.45,0.03,-0.03,6.653,0.023,-0.023,8.24663,0.000542,-0.000542,08.09.21,2017-12,08.09.21,0,0.1,100,14.46,3496.11248
HS Psc b,HS Psc,1,1,1,Radial Velocity,Cluster/Assoc,ABDMG,2024,0.133,0.015,-0.02,0.148,McDonald Observatory,Published Confirmed,0,<a refstr=TRAN_ET_AL__2024 href=https://ui.adsabs.harvard.edu/abs/2024arXiv240302378T/abstract target=ref>Tran et al. 2024</a>,3.986,0.044,-0.003,0,0.0435,0.0017,-0.0017,0,,,,#DIV/0!,38.35616438,,,,,464.0294742,177.9839079,-139.8444991,38.35616438,1.46,0.56,-0.44,0,Msini,0.27,0.21,-0.27,0,,,,,,,,,0,<a refstr=TRAN_ET_AL__2024 href=https://ui.adsabs.harvard.edu/abs/2024arXiv240302378T/abstract target=ref>Tran et al. 2024</a>,K7 V,4203,116,-116,0,0.65,0.07,-0.07,0,0.69,0.07,-0.07,0,-0.05,0.09,-0.09,0,[Fe/H],4.66,0.03,-0.03,0,<a refstr=STASSUN_ET_AL__2019 href=https://ui.adsabs.harvard.edu/abs/2019AJ....158..138S/abstract target=ref>TICv8</a>,01h37m23.37s,24.347379,+26d57m10.09s,26.9528036,37.6604,0.0995,-0.0989,10.769,0.087,-0.087,7.642,0.027,-0.027,10.2865,0.002894,-0.002894,12.03.24,2024-03,12.03.24,0,0.133,133,,464.0294742
VHS J125601.92-125723.9 b,VHS J125601.92-125723.9,1,2,1,Imaging,,,2015,0.14,,,0.14,Paranal Observatory,Published Confirmed,0,<a refstr=DUPUY_ET_AL__2023 href=https://ui.adsabs.harvard.edu/abs/2023MNRAS.519.1688D/abstract target=ref>Dupuy et al. 2023</a>,5800000.00000000000,3000000.00000000000,-4000000,0,350,110,-150,0,13.67495645,,,0,6.25,1.22,,,0,5085.254512,317.828407,-317.828407,6.25,16,1,-1,0,Mass,0.68,0.11,-0.1,0,,,,,1194,9,-9,0,0,<a refstr=DUPUY_ET_AL__2023 href=https://ui.adsabs.harvard.edu/abs/2023MNRAS.519.1688D/abstract target=ref>Dupuy et al. 2023</a>,,,,,,,,,,,,,,,,,,,,,,,<a refstr=STASSUN_ET_AL__2019 href=https://ui.adsabs.harvard.edu/abs/2019AJ....158..138S/abstract target=ref>TICv8</a>,12h56m02.15s,194.008964,-12d57m21.71s,-12.956031,,,,17.73,0.2,-0.2,10.044,0.021,-0.021,,,,17.04.23,2023-02,17.04.23,0,0.14,140,13.67495645,5085.254512
HIP 94235 b,HIP 94235,1,2,1,Transit,Cluster/Assoc,ABDMG,2022,0.118,0.018,-0.016,0.136,Transiting Exoplanet Survey Satellite (TESS),Published Confirmed,0,<a refstr=ZHOU_ET_AL__2022 href=https://ui.adsabs.harvard.edu/abs/2022arXiv220411975Z/abstract target=ref>Zhou et al. 2022</a>,7.713057,0.000021,-0.000021,0,0.0787,0.00056,-0.00017,0,3,0.32,-0.28,10.66666667,0,0.268,0.029,-0.025,0,379,,,0,1.19247,,,1,Mass,0.32,0.2,-0.2,0,,,,,1060,50,-50,0,0,<a refstr=ZHOU_ET_AL__2022 href=https://ui.adsabs.harvard.edu/abs/2022arXiv220411975Z/abstract target=ref>Zhou et al. 2022</a>,G V,5991,50,-50,0,1.08,0.11,-0.1,0,1.09,0.02,-0.01,0,0,,,0,[m/H],4.46,0.05,-0.05,0,<a refstr=STASSUN_ET_AL__2019 href=https://ui.adsabs.harvard.edu/abs/2019AJ....158..138S/abstract target=ref>TICv8</a>,19h10m57.87s,287.7411441,-60d16m21.49s,-60.2726358,58.5146,0.1263,-0.1258,8.31,0.03,-0.03,6.881,0.027,-0.027,8.16034,0.000476,-0.000476,09.05.22,2022-04,09.05.22,0,0.118,118,3,379
TOI-451 b,TOI-451,1,2,3,Transit,Cluster/Assoc,Meingast-1/Pisces-Eri,2020,0.125,0.008,-0.008,0.133,Transiting Exoplanet Survey Satellite (TESS),Published Confirmed,0,<a refstr=NEWTON_ET_AL__2021 href=https://ui.adsabs.harvard.edu/abs/2021AJ....161...65N/abstract target=ref>Newton et al. 2021</a>,1.858703,0.000025,-0.000035,0,0.0283,0.0011,-0.0012,0,1.91,0.12,-0.12,6.282722513,#DIV/0!,0.17,0.011,-0.011,0,,,,#DIV/0!,,,,,,0,,,0,,,,,1491,23,-19,0,0,<a refstr=NEWTON_ET_AL__2021 href=https://ui.adsabs.harvard.edu/abs/2021AJ....161...65N/abstract target=ref>Newton et al. 2021</a>,,5550,56,-56,0,0.88,0.03,-0.03,0,0.95,0.02,-0.02,0,,,,,,,,,,<a refstr=STASSUN_ET_AL__2019 href=https://ui.adsabs.harvard.edu/abs/2019AJ....158..138S/abstract target=ref>TICv8</a>,04h11m51.93s,62.966385,-37d56m23.03s,-37.93973,123.739,0.386,-0.384,10.939,0.008,-0.008,9.19,0.023,-0.023,10.7498,0.000849,-0.000849,21.01.21,2021-02,28.01.21,0,0.125,125,1.91,
TOI-451 c,TOI-451,1,2,3,Transit,Cluster/Assoc,Meingast-1/Pisces-Eri,2020,0.125,0.008,-0.008,0.133,Transiting Exoplanet Survey Satellite (TESS),Published Confirmed,0,<a refstr=NEWTON_ET_AL__2021 href=https://ui.adsabs.harvard.edu/abs/2021AJ....161...65N/abstract target=ref>Newton et al. 2021</a>,9.192522,0.00006,-0.0001,0,0.0823,0.0033,-0.0036,0,3.1,0.13,-0.13,4.193548387,#DIV/0!,0.277,0.012,-0.012,0,,,,#DIV/0!,,,,,,0,,,0,,,,,875,13,-11,0,0,<a refstr=NEWTON_ET_AL__2021 href=https://ui.adsabs.harvard.edu/abs/2021AJ....161...65N/abstract target=ref>Newton et al. 2021</a>,,5550,56,-56,0,0.88,0.03,-0.03,0,0.95,0.02,-0.02,0,,,,,,,,,,<a refstr=STASSUN_ET_AL__2019 href=https://ui.adsabs.harvard.edu/abs/2019AJ....158..138S/abstract target=ref>TICv8</a>,04h11m51.93s,62.966385,-37d56m23.03s,-37.93973,123.739,0.386,-0.384,10.939,0.008,-0.008,9.19,0.023,-0.023,10.7498,0.000849,-0.000849,21.01.21,2021-02,28.01.21,0,0.125,125,3.1,
TOI-451 d,TOI-451,1,2,3,Transit,Cluster/Assoc,Meingast-1/Pisces-Eri,2020,0.125,0.008,-0.008,0.133,Transiting Exoplanet Survey Satellite (TESS),Published Confirmed,0,<a refstr=NEWTON_ET_AL__2021 href=https://ui.adsabs.harvard.edu/abs/2021AJ....161...65N/abstract target=ref>Newton et al. 2021</a>,16.364988,0.000044,-0.000044,0,0.1208,0.0048,-0.0052,0,4.07,0.15,-0.15,3.685503686,#DIV/0!,0.363,0.013,-0.013,0,,,,#DIV/0!,,,,,,0,,,0,,,,,722,11,-9,0,0,<a refstr=NEWTON_ET_AL__2021 href=https://ui.adsabs.harvard.edu/abs/2021AJ....161...65N/abstract target=ref>Newton et al. 2021</a>,,5550,56,-56,0,0.88,0.03,-0.03,0,0.95,0.02,-0.02,0,,,,,,,,,,<a refstr=STASSUN_ET_AL__2019 href=https://ui.adsabs.harvard.edu/abs/2019AJ....158..138S/abstract target=ref>TICv8</a>,04h11m51.93s,62.966385,-37d56m23.03s,-37.93973,123.739,0.386,-0.384,10.939,0.008,-0.008,9.19,0.023,-0.023,10.7498,0.000849,-0.000849,21.01.21,2021-02,28.01.21,0,0.125,125,4.07,
2MASS J22362452+4751425 b,2MASS J22362452+4751425,1,1,1,Imaging,Unconfirmed,ABDMG,2016,0.12,0.01,-0.01,0.13,W. M. Keck Observatory,Published Confirmed,0,<a refstr=BOWLER_ET_AL__2017 href=https://ui.adsabs.harvard.edu/abs/2017AJ....153...18B/abstract target=ref>Bowler et al. 2017</a>,,,,,230,20,-20,0,,,,#DIV/0!,12,,,,,3972.875,476.745,-476.745,12,12.5,1.5,-1.5,0,Mass,,,,,,,,,,,,,0,<a refstr=BOWLER_ET_AL__2017 href=https://ui.adsabs.harvard.edu/abs/2017AJ....153...18B/abstract target=ref>Bowler et al. 2017</a>,K7 V,4045,35,-35,0,,,,,0.6,0.05,-0.05,0,,,,,,,,,,<a refstr=STASSUN_ET_AL__2019 href=https://ui.adsabs.harvard.edu/abs/2019AJ....158..138S/abstract target=ref>TICv8</a>,22h36m24.62s,339.1025931,+47d51m42.06s,47.861683,69.5737,0.1592,-0.1585,12.368,0.057,-0.057,9.148,0.018,-0.018,11.9484,0.000737,-0.000737,09.11.16,2017-01,10.11.16,0,0.12,120,,3972.875
GU Psc b,GU Psc,1,1,1,Imaging,Moving group,ABDMG/BPMG,2014,0.1,0.03,-0.03,0.13,Gemini Observatory,Published Confirmed,0,<a refstr=NAUD_ET_AL__2014 href=https://ui.adsabs.harvard.edu/abs/2014ApJ...787....5N/abstract target=ref> Naud et al. 2014 </a>,,,,,2000,200,-200,0,14.179,1.289,-1.289,9.090909091,15.04469134,1.265,0.115,-0.115,0,3591.3,540.3,-540.3,15.04469134,11.3,1.7,-1.7,0,Mass,,,,,,,,,1050,50,-50,0,0,<a refstr=NAUD_ET_AL__2014 href=https://ui.adsabs.harvard.edu/abs/2014ApJ...787....5N/abstract target=ref> Naud et al. 2014 </a>,M3,,,,,,,,,0.33,0.03,-0.03,0,0.1,0.13,-0.13,0,[Fe/H],,,,,<a refstr=STASSUN_ET_AL__2019 href=https://ui.adsabs.harvard.edu/abs/2019AJ....158..138S/abstract target=ref>TICv8</a>,01h12m35.16s,18.146485,+17d03m54.01s,17.0650029,47.5501,0.1649,-0.1638,14.146,0.099,-0.099,9.345,0.015,-0.015,12.9656,0.001676,-0.001676,14.05.14,2014-05,14.05.14,0,0.1,100,14.179,3591.3
HD 36384 b,HD 36384,1,1,1,Radial Velocity,Comoving group,CheckOh17,2023,0.113,0.015,-0.015,0.128,Bohyunsan Optical Astronomical Observatory,Published Confirmed,0,<a refstr=LEE_ET_AL__2023 href=https://ui.adsabs.harvard.edu/abs/2023arXiv230805994L/abstract target=ref>Lee et al. 2023</a>,490,3,-3,0,1.3,0.1,-0.1,0,,,,#DIV/0!,7.575757395,,,,,2097.66749,158.9142,-158.9142,7.575757395,6.6,0.5,-0.5,0,Msini,0.2,0.1,-0.1,0,,,,,,,,,0,<a refstr=LEE_ET_AL__2023 href=https://ui.adsabs.harvard.edu/abs/2023arXiv230805994L/abstract target=ref>Lee et al. 2023</a>,M0 III,3940,40,-40,0,38.4,3.4,-3.4,0,1.14,0.15,-0.15,0,-0.16,0.14,-0.14,0,[Fe/H],1.1,0.2,-0.2,0,<a refstr=STASSUN_ET_AL__2019 href=https://ui.adsabs.harvard.edu/abs/2019AJ....158..138S/abstract target=ref>TICv8</a>,05h39m43.68s,84.9319998,+75d02m38.36s,75.0439884,209.309,3.553,-3.437,6.18839,0.023,-0.023,2.288,0.248,-0.248,5.48147,0.0018164,-0.0018164,22.08.23,2023-08,22.08.23,0,0.113,113,,2097.66749
HD 70573 b,HD 70573,1,1,1,Radial Velocity,Unconfirmed,Outdated evidence of Pleiades,2007,0.102,0.024,-0.024,0.126,La Silla Observatory,Published Confirmed,0,<a refstr=SETIAWAN_ET_AL__2007 href=https://ui.adsabs.harvard.edu/abs/2007ApJ...660L.145S/abstract target=ref>Setiawan et al. 2007</a>,851.8,11.6,-11.6,0,1.76,0.05,-0.05,0,,,,#DIV/0!,6.842105263,,,,,1900,130,-130,6.842105263,6.1,0.4,-0.4,0,Msini,0.4,0.1,-0.1,0,,,,,,,,,0,<a refstr=SETIAWAN_ET_AL__2007 href=https://ui.adsabs.harvard.edu/abs/2007ApJ...660L.145S/abstract target=ref>Setiawan et al. 2007</a>,G1-1.5 V,5737,70,-70,0,,,,,1,0.1,-0.1,0,-0.18,0.2,-0.2,0,[Fe/H],4.59,0.1,-0.1,0,<a refstr=STASSUN_ET_AL__2019 href=https://ui.adsabs.harvard.edu/abs/2019AJ....158..138S/abstract target=ref>TICv8</a>,08h22m49.90s,125.7079153,+01d51m32.79s,1.8591088,59.182,0.1565,-0.1558,8.667,0.002,-0.002,7.191,0.024,-0.024,8.54261,0.000921,-0.000921,26.03.15,2007-05,26.03.15,0,0.102,102,,1900
GJ 4274 b,GJ 4274,1,1,2,Radial Velocity,,,2026,0.12,,,0.12,Mauna Kea Observatory,Published Confirmed,0,<a refstr=CHARPENTIER_ET_AL_2026 href=https://ui.adsabs.harvard.edu/abs/2026A&A...705A.243C/abstract target=ref>Charpentier et al. 2026</a>,1.6339,0.0001,-0.0001,0,0.0153,0.0008,-0.0008,0,,,,#DIV/0!,18.18181818,,,,,2.97,0.54,-0.5,18.18181818,0.00934467,0.00169903,-0.00157318,0,Msini,,,,,14.7,1.5,-1.5,0,,,,,0,<a refstr=CHARPENTIER_ET_AL_2026 href=https://ui.adsabs.harvard.edu/abs/2026A&A...705A.243C/abstract target=ref>Charpentier et al. 2026</a>,M4.5 V,3228,19,-19,0,0.19,0.01,-0.01,0,0.18,0.03,-0.03,0,-0.19,0.1,-0.1,0,[Fe/H],5.26,0.13,-0.13,0,<a refstr=STASSUN_ET_AL__2019 href=https://ui.adsabs.harvard.edu/abs/2019AJ....158..138S/abstract target=ref>TICv8</a>,22h23m07.33s,335.7805478,-17d36m37.47s,-17.6104078,7.23556,0.01313,-0.01308,13.31,0.2,-0.2,7.319,0.018,-0.018,11.5542,0.001564,-0.001564,12.02.26,2026-01,12.02.26,0,0.12,120,,2.97
GJ 4274 c,GJ 4274,1,1,2,Radial Velocity,,,2026,0.12,,,0.12,Mauna Kea Observatory,Published Confirmed,0,<a refstr=CHARPENTIER_ET_AL_2026 href=https://ui.adsabs.harvard.edu/abs/2026A&A...705A.243C/abstract target=ref>Charpentier et al. 2026</a>,69.57,0.32,-1.14,0,0.186,0.01,-0.01,0,,,,#DIV/0!,20.0238379,,,,,8.39,1.68,-1.57,20.0238379,0.02639789,0.00528587,-0.00493977,0,Msini,,,,,0.1,0.011,-0.011,0,,,,,0,<a refstr=CHARPENTIER_ET_AL_2026 href=https://ui.adsabs.harvard.edu/abs/2026A&A...705A.243C/abstract target=ref>Charpentier et al. 2026</a>,M4.5 V,3228,19,-19,0,0.19,0.01,-0.01,0,0.18,0.03,-0.03,0,-0.19,0.1,-0.1,0,[Fe/H],5.26,0.13,-0.13,0,<a refstr=STASSUN_ET_AL__2019 href=https://ui.adsabs.harvard.edu/abs/2019AJ....158..138S/abstract target=ref>TICv8</a>,22h23m07.33s,335.7805478,-17d36m37.47s,-17.6104078,7.23556,0.01313,-0.01308,13.31,0.2,-0.2,7.319,0.018,-0.018,11.5542,0.001564,-0.001564,12.02.26,2026-01,12.02.26,0,0.12,120,,8.39
Kepler-1928 b,Kepler-1928,1,1,1,Transit,Cluster/Assoc,Theia_316,2021,0.105,0.01,-0.01,0.115,Kepler,Published Confirmed,0,<a refstr=BARBER_ET_AL__2022 href=https://ui.adsabs.harvard.edu/abs/2022arXiv220608383B/abstract target=ref>Barber et al. 2022</a>,19.57783,0.000022,-0.000021,0,0.194,0.032,-0.039,0,1.992,0.133,-0.078,6.676706827,#DIV/0!,0.178,0.012,-0.007,0,,,,#DIV/0!,,,,,,0.43,0.18,-0.14,0,,,,,,,,,0,<a refstr=BARBER_ET_AL__2022 href=https://ui.adsabs.harvard.edu/abs/2022arXiv220608383B/abstract target=ref>Barber et al. 2022</a>,,5720,60,-60,0,0.92,0.04,-0.04,0,1.01,0.03,-0.03,0,0.12,0.02,-0.02,0,[Fe/H],,,,,<a refstr=STASSUN_ET_AL__2019 href=https://ui.adsabs.harvard.edu/abs/2019AJ....158..138S/abstract target=ref>TICv8</a>,19h21m45.75s,290.4406294,+38d31m24.86s,38.5235721,326.362,2.473,-2.437,12.679,0.069,-0.069,11.107,0.019,-0.019,12.6182,0.000651,-0.000651,12.07.22,2022-06,12.07.22,0,0.105,105,1.992,
Kepler-970 b,Kepler-970,1,2,1,Transit,Cluster/Assoc,Melange-3,2016,0.105,0.01,-0.01,0.115,Kepler,Published Confirmed,0,<a refstr=BARBER_ET_AL__2022 href=https://ui.adsabs.harvard.edu/abs/2022arXiv220608383B/abstract target=ref>Barber et al. 2022</a>,16.736525,0.00002,-0.00002,0,0.139,0.022,-0.026,0,2.609,0.265,-0.203,10.15714833,#DIV/0!,0.233,0.024,-0.018,0,,,,#DIV/0!,,,,,,0.34,0.18,-0.22,0,,,,,,,,,0,<a refstr=BARBER_ET_AL__2022 href=https://ui.adsabs.harvard.edu/abs/2022arXiv220608383B/abstract target=ref>Barber et al. 2022</a>,,4290,70,-70,0,0.71,0.03,-0.03,0,0.67,0.02,-0.02,0,0.04,0.09,-0.09,0,[Fe/H],,,,,<a refstr=STASSUN_ET_AL__2019 href=https://ui.adsabs.harvard.edu/abs/2019AJ....158..138S/abstract target=ref>TICv8</a>,19h18m30.05s,289.6252192,+40d42m31.45s,40.7087351,331.545,2.4355,-2.4355,15.21,0.114,-0.114,12.215,0.022,-0.022,14.8058,0.001129,-0.001129,12.07.22,2022-06,12.07.22,0,0.105,105,2.609,
TOI-6109 b,TOI-6109,1,1,2,Transit,,,2025,0.075,0.005,-0.005,0.08,Transiting Exoplanet Survey Satellite (TESS),Published Confirmed,0,<a refstr=DATTILO_ET_AL_2025 href=https://ui.adsabs.harvard.edu/abs/2025AJ....170..318D/abstract target=ref>Dattilo et al. 2025</a>,5.690476,0.000004,-0.000004,0,0.0599,0.0007,-0.0004,0,4.8704,0.1622,-0.1231,3.330321945,#DIV/0!,0.43450873,0.01447054,-0.01098227,0,,,,#DIV/0!,,,,,,,,,,,,,,,,,,1,<a refstr=DATTILO_ET_AL_2025 href=https://ui.adsabs.harvard.edu/abs/2025AJ....170..318D/abstract target=ref>Dattilo et al. 2025</a>,G3,5660,50,-50,0,1.021,0.038,-0.038,0,1.03,0.05,-0.05,0,,,,,,4.45,0.1,-0.1,0,<a refstr=STASSUN_ET_AL__2019 href=https://ui.adsabs.harvard.edu/abs/2019AJ....158..138S/abstract target=ref>TICv8</a>,03h20m31.66s,50.1319206,+42d36m25.04s,42.6069564,151.738,1.093,-1.078,11.05,0.01,-0.01,9.251,0.022,-0.022,10.8316,0.004236,-0.004236,09.10.25,2025-12,09.10.25,0,0.075,75,4.8704,
TOI-6109 c,TOI-6109,1,1,2,Transit,,,2025,0.075,0.005,-0.005,0.08,Transiting Exoplanet Survey Satellite (TESS),Published Confirmed,0,<a refstr=DATTILO_ET_AL_2025 href=https://ui.adsabs.harvard.edu/abs/2025AJ....170..318D/abstract target=ref>Dattilo et al. 2025</a>,8.538878,0.000006,-0.000005,0,0.0786,0.0005,-0.0003,0,4.8326,0.0736,-0.0632,1.522989695,#DIV/0!,0.43113644,0.00656616,-0.00563834,0,,,,#DIV/0!,,,,,,,,,,,,,,,,,,1,<a refstr=DATTILO_ET_AL_2025 href=https://ui.adsabs.harvard.edu/abs/2025AJ....170..318D/abstract target=ref>Dattilo et al. 2025</a>,G3,5660,50,-50,0,1.021,0.038,-0.038,0,1.03,0.05,-0.05,0,,,,,,4.45,0.1,-0.1,0,<a refstr=STASSUN_ET_AL__2019 href=https://ui.adsabs.harvard.edu/abs/2019AJ....158..138S/abstract target=ref>TICv8</a>,03h20m31.66s,50.1319206,+42d36m25.04s,42.6069564,151.738,1.093,-1.078,11.05,0.01,-0.01,9.251,0.022,-0.022,10.8316,0.004236,-0.004236,09.10.25,2025-12,09.10.25,0,0.075,75,4.8326,
TOI-942 b,TOI-942,1,3,2,Transit,Field Star,,2020,0.053,0.022,-0.021,0.075,Transiting Exoplanet Survey Satellite (TESS),Published Confirmed,0,<a refstr=WIRTH_ET_AL__2021 href=https://ui.adsabs.harvard.edu/abs/2021ApJ...917L..34W/abstract target=ref>Wirth et al. 2021</a>,4.32421,0.000019,-0.000019,0,0.04866,0.00016,-0.00013,0,3.89,0.25,-0.23,6.426735219,#DIV/0!,0.347,0.022,-0.021,0,,,,#DIV/0!,,,,,,0.34,0.1,-0.14,0,,,,,,,,,0,<a refstr=WIRTH_ET_AL__2021 href=https://ui.adsabs.harvard.edu/abs/2021ApJ...917L..34W/abstract target=ref>Wirth et al. 2021</a>,,,,,,0.89,0.06,-0.05,0,0.82,0.01,-0.01,0,,,,,,,,,,<a refstr=STASSUN_ET_AL__2019 href=https://ui.adsabs.harvard.edu/abs/2019AJ....158..138S/abstract target=ref>TICv8</a>,05h06m35.91s,76.6496172,-20d14m44.21s,-20.2456126,152.601,0.695,-0.689,11.982,0.026,-0.026,9.639,0.023,-0.023,11.6346,0.001571,-0.001571,17.04.23,2021-08,17.04.23,0,0.053,53,3.89,
TOI-942 c,TOI-942,1,3,2,Transit,Field Star,,2020,0.053,0.022,-0.021,0.075,Transiting Exoplanet Survey Satellite (TESS),Published Confirmed,0,<a refstr=WIRTH_ET_AL__2021 href=https://ui.adsabs.harvard.edu/abs/2021ApJ...917L..34W/abstract target=ref>Wirth et al. 2021</a>,10.156272,0.000037,-0.000034,0,0.08598,0.00027,-0.00022,0,4.67,0.34,-0.3,7.280513919,#DIV/0!,0.417,0.03,-0.027,0,,,,#DIV/0!,,,,,,0.32,0.23,-0.16,0,,,,,,,,,0,<a refstr=WIRTH_ET_AL__2021 href=https://ui.adsabs.harvard.edu/abs/2021ApJ...917L..34W/abstract target=ref>Wirth et al. 2021</a>,,,,,,0.89,0.06,-0.05,0,0.82,0.01,-0.01,0,,,,,,,,,,<a refstr=STASSUN_ET_AL__2019 href=https://ui.adsabs.harvard.edu/abs/2019AJ....158..138S/abstract target=ref>TICv8</a>,05h06m35.91s,76.6496172,-20d14m44.21s,-20.2456126,152.601,0.695,-0.689,11.982,0.026,-0.026,9.639,0.023,-0.023,11.6346,0.001571,-0.001571,17.04.23,2021-08,17.04.23,0,0.053,53,4.67,
TIC 434398831 b,TIC 434398831,1,1,2,Transit,,,2025,0.061,0.006,-0.006,0.067,Transiting Exoplanet Survey Satellite (TESS),Published Confirmed,0,<a refstr=VACH_ET_AL_2025 href=https://ui.adsabs.harvard.edu/abs/2025MNRAS.540..806V/abstract target=ref>Vach et al. 2025</a>,3.685504,0.000012,-0.000011,0,0.04641,0.00017,-0.00017,0,3.51,0.22,-0.21,6.267806268,#DIV/0!,0.31314176,0.01962712,-0.01873498,0,,,,#DIV/0!,,,,,,0.04,0.088,-0.034,0,,,,,1250,11,-11,0,0,<a refstr=VACH_ET_AL_2025 href=https://ui.adsabs.harvard.edu/abs/2025MNRAS.540..806V/abstract target=ref>Vach et al. 2025</a>,G4 V,5638,50,-50,0,0.909,0.048,-0.048,0,0.992,0.014,-0.018,0,-0.081,0.08,-0.08,0,[m/H],4.42,0.1,-0.1,0,<a refstr=STASSUN_ET_AL__2019 href=https://ui.adsabs.harvard.edu/abs/2019AJ....158..138S/abstract target=ref>TICv8</a>,06h15m50.22s,93.9592639,+16d01m25.85s,16.0238459,217.011,2.19,-2.146,11.682,0.027,-0.027,10.138,0.017,-0.017,11.7893,0.003847,-0.003847,02.06.25,2025-06,02.06.25,0,0.061,61,3.51,
TIC 434398831 c,TIC 434398831,1,1,2,Transit,,,2025,0.061,0.006,-0.006,0.067,Transiting Exoplanet Survey Satellite (TESS),Published Confirmed,0,<a refstr=VACH_ET_AL_2025 href=https://ui.adsabs.harvard.edu/abs/2025MNRAS.540..806V/abstract target=ref>Vach et al. 2025</a>,6.210291,0.000013,-0.00002,0,0.06572,0.00024,-0.00024,0,5.63,0.29,-0.28,5.150976909,#DIV/0!,0.50227582,0.02587211,-0.02497997,0,,,,#DIV/0!,,,,,,0.013,0.025,-0.01,0,,,,,1050,10,-10,0,0,<a refstr=VACH_ET_AL_2025 href=https://ui.adsabs.harvard.edu/abs/2025MNRAS.540..806V/abstract target=ref>Vach et al. 2025</a>,G4 V,5638,50,-50,0,0.909,0.048,-0.048,0,0.992,0.014,-0.018,0,-0.081,0.08,-0.08,0,[m/H],4.42,0.1,-0.1,0,<a refstr=STASSUN_ET_AL__2019 href=https://ui.adsabs.harvard.edu/abs/2019AJ....158..138S/abstract target=ref>TICv8</a>,06h15m50.22s,93.9592639,+16d01m25.85s,16.0238459,217.011,2.19,-2.146,11.682,0.027,-0.027,10.138,0.017,-0.017,11.7893,0.003847,-0.003847,02.06.25,2025-06,02.06.25,0,0.061,61,5.63,
Kepler-1643 b,Kepler-1643,1,1,1,Transit,Cluster/Assoc,RSG-5/Ceph-Her complex,2016,0.046,0.009,-0.007,0.055,Kepler,Published Confirmed,0,<a refstr=BOUMA_ET_AL__2022 href=https://ui.adsabs.harvard.edu/abs/2022arXiv220501112B/abstract target=ref>Bouma et al. 2022</a>,5.342657,0.0000101,-0.0000101,0,,,,,2.32,0.13,-0.13,5.603448276,#DIV/0!,0.207,0.012,-0.012,0,,,,#DIV/0!,,,,,,,,,,,,,,,,,,0,<a refstr=BOUMA_ET_AL__2022 href=https://ui.adsabs.harvard.edu/abs/2022arXiv220501112B/abstract target=ref>Bouma et al. 2022</a>,,4916,110,-110,0,0.85,0.04,-0.04,0,0.84,0.03,-0.03,0,,,,,,4.5,0.04,-0.04,0,<a refstr=STASSUN_ET_AL__2019 href=https://ui.adsabs.harvard.edu/abs/2019AJ....158..138S/abstract target=ref>TICv8</a>,20h01m43.44s,300.4310076,+44d45m03.65s,44.7510129,341.774,2.593,-2.554,14.072,0.092,-0.092,11.636,0.025,-0.025,13.8271,0.001368,-0.001368,10.10.22,2022-05,10.10.22,0,0.046,46,2.32,
NGTS-33 b,NGTS-33,1,1,1,Transit,Cluster/Assoc,,2024,0.03,0.02,-0.02,0.05,Transiting Exoplanet Survey Satellite (TESS),Published Confirmed,0,<a refstr=ALVES_ET_AL__2024 href=https://ui.adsabs.harvard.edu/abs/2024MNRAS.tmp.2511A/abstract target=ref>Alves et al. 2024</a>,2.827972,0.000001,-0.000001,0,0.048,0.002,-0.002,0,18.38272835,0.78462865,-0.78462865,4.268292688,7.438016529,1.64,0.07,-0.07,0,1153.717117,85.81366989,-85.81366989,7.438016529,3.63,0.27,-0.27,0,Mass,0,,,0,2620,1120,-1120,0,1991,21,-21,0,0,<a refstr=ALVES_ET_AL__2024 href=https://ui.adsabs.harvard.edu/abs/2024MNRAS.tmp.2511A/abstract target=ref>Alves et al. 2024</a>,,7437,72,-72,0,1.47,0.06,-0.06,0,1.6,0.11,-0.11,0,-0.11,0.17,-0.17,0,[Fe/H],4.26,0.28,-0.28,0,<a refstr=STASSUN_ET_AL__2019 href=https://ui.adsabs.harvard.edu/abs/2019AJ....158..138S/abstract target=ref>TICv8</a>,07h11m20.00s,107.8333348,-35d51m01.87s,-35.8505185,437.855,4.371,-4.286,11.604,0.016,-0.016,10.408,0.021,-0.021,11.3976,0.000502,-0.000502,10.12.24,2024-11,10.12.24,0,0.03,30,18.38272835,1153.717117
DS Tuc A b,DS Tuc A,1,2,1,Transit,Cluster/Assoc,Tuc-Hor Assoc,2019,0.045,0.004,-0.004,0.049,Transiting Exoplanet Survey Satellite (TESS),Published Confirmed,0,<a refstr=NEWTON_ET_AL__2019 href=https://ui.adsabs.harvard.edu/abs/2019ApJ...880L..17N/abstract target=ref>Newton et al. 2019</a>,8.138268,0.000011,-0.000011,0,,,,,5.7,0.17,-0.17,2.98245614,#DIV/0!,0.509,0.015,-0.015,0,,,,#DIV/0!,,,,,,0,,,0,,,,,850,,,0,0,<a refstr=NEWTON_ET_AL__2019 href=https://ui.adsabs.harvard.edu/abs/2019ApJ...880L..17N/abstract target=ref>Newton et al. 2019</a>,G6 V,5428,80,-80,0,0.96,0.03,-0.03,0,1.01,0.06,-0.06,0,0,,,0,,,,,,<a refstr=STASSUN_ET_AL__2019 href=https://ui.adsabs.harvard.edu/abs/2019AJ....158..138S/abstract target=ref>TICv8</a>,23h39m39.71s,354.9154673,-69d11m45.75s,-69.196043,44.0622,0.0693,-0.0691,8.17,0.03,-0.03,6.676,0.034,-0.034,8.31926,0.001025,-0.001025,03.07.19,2019-07,11.07.19,0,0.045,45,5.7,
KOI-7368 b,KOI-7368,1,1,1,Transit,Cluster/Assoc,Theia_73/Stephenson1/Ceph-Her complex,2022,0.036,0.01,-0.008,0.046,Kepler,Published Confirmed,0,<a refstr=BOUMA_ET_AL__2022 href=https://ui.adsabs.harvard.edu/abs/2022arXiv220501112B/abstract target=ref>Bouma et al. 2022</a>,6.8430344,0.0000125,-0.0000125,0,,,,,2.22,0.12,-0.12,5.405405405,#DIV/0!,0.198,0.011,-0.011,0,,,,#DIV/0!,,,,,,,,,,,,,,,,,,0,<a refstr=BOUMA_ET_AL__2022 href=https://ui.adsabs.harvard.edu/abs/2022arXiv220501112B/abstract target=ref>Bouma et al. 2022</a>,,5241,100,-100,0,0.87,0.04,-0.04,0,0.88,0.02,-0.02,0,,,,,,4.5,0.03,-0.03,0,<a refstr=STASSUN_ET_AL__2019 href=https://ui.adsabs.harvard.edu/abs/2019AJ....158..138S/abstract target=ref>TICv8</a>,19h35m47.43s,293.9476365,+48d03m54.93s,48.0652589,264.995,1.626,-1.607,12.969,0.092,-0.092,10.794,0.017,-0.017,12.8094,0.002382,-0.002382,10.10.22,2022-05,10.10.22,0,0.036,36,2.22,
KOI-7913 b,KOI-7913 A,1,2,1,Transit,Cluster/Assoc,Ceph-Her complex,2022,0.036,0.01,-0.008,0.046,Kepler,Published Confirmed,0,<a refstr=BOUMA_ET_AL__2022 href=https://ui.adsabs.harvard.edu/abs/2022arXiv220501112B/abstract target=ref>Bouma et al. 2022</a>,24.278553,0.000263,-0.000263,0,,,,,2.34,0.18,-0.18,7.692307692,#DIV/0!,0.209,0.016,-0.016,0,,,,#DIV/0!,,,,,,,,,,,,,,,,,,0,<a refstr=BOUMA_ET_AL__2022 href=https://ui.adsabs.harvard.edu/abs/2022arXiv220501112B/abstract target=ref>Bouma et al. 2022</a>,K6 V,4324,70,-70,0,0.79,0.05,-0.05,0,0.76,0.03,-0.03,0,-0.06,0.09,-0.09,0,[Fe/H],4.52,0.04,-0.04,0,<a refstr=STASSUN_ET_AL__2019 href=https://ui.adsabs.harvard.edu/abs/2019AJ....158..138S/abstract target=ref>TICv8</a>,19h06m59.65s,286.7485252,+45d09m31.40s,45.1587234,271.277,1.248,-1.237,14.23,0.15,-0.15,11.212,,,14.2239,0.002629,-0.002629,10.10.22,2022-05,10.10.22,0,0.036,36,2.34,
TOI-837 b,TOI-837,1,1,1,Transit,Cluster/Assoc,IC_2602/Sco-OB2,2020,0.035,0.011,-0.005,0.046,Transiting Exoplanet Survey Satellite (TESS),Published Confirmed,0,<a refstr=BOUMA_ET_AL__2020 href=https://ui.adsabs.harvard.edu/abs/2020AJ....160..239B/abstract target=ref>Bouma et al. 2020</a>,8.3248762,0.0000157,-0.0000157,0,,,,,8.631,1.009,-1.009,11.69041826,0,0.77,0.09,-0.09,0,381.396,,,0,1.2,,,1,Msini,0,,,0,,,,,,,,,0,<a refstr=BOUMA_ET_AL__2020 href=https://ui.adsabs.harvard.edu/abs/2020AJ....160..239B/abstract target=ref>Bouma et al. 2020</a>,G0/F9 V,6047,162,-162,0,1.02,0.08,-0.08,0,1.12,0.06,-0.06,0,-0.069,0.042,-0.042,0,[Fe/H[,4.47,0.05,-0.05,0,<a refstr=STASSUN_ET_AL__2019 href=https://ui.adsabs.harvard.edu/abs/2019AJ....158..138S/abstract target=ref>TICv8</a>,10h28m08.95s,157.0372806,-64d30m18.76s,-64.5052107,142.488,0.461,-0.458,10.635,0.007,-0.007,8.933,0.026,-0.026,10.356,0.000667,-0.000667,16.10.20,2020-11,22.10.20,0,0.035,35,8.631,381.396
Kepler-1627 b,Kepler-1627,1,1,1,Transit,,,2016,0.038,0.007,-0.006,0.045,Kepler,Published Confirmed,0,<a refstr=MORTON_ET_AL__2016 href=https://ui.adsabs.harvard.edu/abs/2016ApJ...822...86M/abstract target=ref>Morton et al. 2016</a>,7.20283653,0.00008773,-0.00008773,0,,,,,3.69,0.49,-0.41,13.27913279,#DIV/0!,0.32919975,0.04371487,-0.03657775,0,,,,#DIV/0!,,,,,,,,,,,,,,,,,,0,<a refstr=MORTON_ET_AL__2016 href=https://ui.adsabs.harvard.edu/abs/2016ApJ...822...86M/abstract target=ref>Morton et al. 2016</a>,,5445,93.89,-121.15,0,0.84,0.087,-0.065,0,0.87,0.048,-0.056,0,-0.1,0.161,-0.177,0,[Fe/H],4.54,0.047,-0.101,0,<a refstr=STASSUN_ET_AL__2019 href=https://ui.adsabs.harvard.edu/abs/2019AJ....158..138S/abstract target=ref>TICv8</a>,18h56m13.60s,284.0566675,+41d34m36.22s,41.5767277,317.437,4.528,-4.404,13.111,0.08,-0.08,11.194,0.018,-0.018,13.0492,0.002012,-0.002012,06.05.16,2016-05,10.05.16,0,0.038,38,3.69,
TOI-6448 b,TOI-6448,1,1,1,Transit,,,2025,0.034,0.003,-0.003,0.037,Transiting Exoplanet Survey Satellite (TESS),Published Confirmed,0,<a refstr=BARBER_ET_AL_2026 href=https://ui.adsabs.harvard.edu/abs/2026AJ....171...20B/abstract target=ref>Barber et al. 2026</a>,14.844261,0.000027,-0.000028,0,0.131,0.014,-0.014,0,8.47398941,0.76221069,-0.76221069,8.994709022,#DIV/0!,0.756,0.068,-0.068,0,,,,#DIV/0!,,,,,,0.2,0.26,-0.12,0,,,,,745,28,-31,0,0,<a refstr=BARBER_ET_AL_2026 href=https://ui.adsabs.harvard.edu/abs/2026AJ....171...20B/abstract target=ref>Barber et al. 2026</a>,,5910,90,-90,0,0.897,0.07,-0.07,0,1.03,0.05,-0.05,0,,,,,,,,,,<a refstr=STASSUN_ET_AL__2019 href=https://ui.adsabs.harvard.edu/abs/2019AJ....158..138S/abstract target=ref>TICv8</a>,07h20m40.90s,110.1704109,-33d55m20.38s,-33.9223285,386.879,4.152,-4.066,12.886,0.08,-0.08,11.315,0.025,-0.025,12.7778,0.001246,-0.001246,04.12.25,2026-01,04.12.25,0,0.034,34,8.47398941,
CoRoT-18 b,CoroT-18,1,1,1,Transit,Field/unknown,,2011,0.032,0.003,0.003,0.035,CoRoT,Published Confirmed,0,<a refstr=HEBRARD_ET_AL__2011 href=https://ui.adsabs.harvard.edu/abs/2011A%26A...533A.130H/abstract target=ref> Hebrard et al. 2011 </a>,1.9000693,0.0000028,-0.0000028,0,0.0295,0.0016,-0.0016,0,14.68,2.02,-2.02,13.76021798,10.95101649,1.31,0.18,-0.18,0,1102.82,120.77,-120.77,10.95101649,3.47,0.38,-0.38,0,Mass,0.08,,,1,,,,,1550,90,-90,0,0,<a refstr=HEBRARD_ET_AL__2011 href=https://ui.adsabs.harvard.edu/abs/2011A%26A...533A.130H/abstract target=ref> Hebrard et al. 2011 </a>,G9 V,5440,100,-100,0,1,0.13,-0.13,0,0.95,0.15,-0.15,0,-0.1,0.1,-0.1,0,[Fe/H],4.4,0.1,-0.1,0,<a refstr=STASSUN_ET_AL__2019 href=https://ui.adsabs.harvard.edu/abs/2019AJ....158..138S/abstract target=ref>TICv8</a>,06h32m41.38s,98.1724172,-00d01m53.78s,-0.0316045,764.889,27.614,-25.784,14.868,0.172,-0.172,13.014,0.03,-0.03,14.8009,0.001211,-0.001211,43801,2011-09,41773,0,0.032,32,14.68,1102.82
2MASS J01033563-5515561 AB b,2MASS J01033563-5515561 A,1,2,1,Imaging,,,2013,0.03,,,0.03,Paranal Observatory,Published Confirmed,0,<a refstr=DELORME_ET_AL__2013 href=https://ui.adsabs.harvard.edu/abs/2013A&A...553L...5D/abstract target=ref>Delorme et al. 2013</a>,,,,,84,,,0,,,,#DIV/0!,7.692307692,,,,,4131.79,317.83,-317.83,7.692307692,13,1,-1,0,Mass,,,,,,,,,,,,,0,<a refstr=DELORME_ET_AL__2013 href=https://ui.adsabs.harvard.edu/abs/2013A&A...553L...5D/abstract target=ref>Delorme et al. 2013</a>,M5.5/M6,,,,,,,,,0.19,0.02,-0.02,0,,,,,,,,,,<a refstr=STASSUN_ET_AL__2019 href=https://ui.adsabs.harvard.edu/abs/2019AJ....158..138S/abstract target=ref>TICv8</a>,01h03m35.82s,15.8992489,-55d15m56.98s,-55.2658291,,,,15.788,0.275,-0.275,9.237001,0.022,-0.022,,,,08.09.20,2013-05,03.09.20,0,0.03,30,,4131.79
HD 109833 b,HD 109833,1,1,2,Transit,Cluster/Assoc,Eps-Cha,2022,0.027,0.003,-0.003,0.03,Transiting Exoplanet Survey Satellite (TESS),Published Confirmed,0,<a refstr=WOOD_ET_AL__2022 href=https://ui.adsabs.harvard.edu/abs/2022arXiv221203266W/abstract target=ref>Wood et al. 2022</a>,9.188526,0.000026,-0.000026,0,,,,,2.888,0.152,-0.127,5.263157895,#DIV/0!,0.258,0.014,-0.011,0,,,,#DIV/0!,,,,,,0.18,0.24,-0.12,0,,,,,,,,,0,<a refstr=WOOD_ET_AL__2022 href=https://ui.adsabs.harvard.edu/abs/2022arXiv221203266W/abstract target=ref>Wood et al. 2022</a>,,5881,50,-50,0,1,0.04,-0.04,0,1.08,0.05,-0.05,0,-0.07,0.08,-0.08,0,[M/H],4.45,0.1,-0.1,0,<a refstr=STASSUN_ET_AL__2019 href=https://ui.adsabs.harvard.edu/abs/2019AJ....158..138S/abstract target=ref>TICv8</a>,12h39m06.21s,189.7758591,-74d34m26.47s,-74.5740205,79.5561,0.1488,-0.1483,9.29,0.03,-0.03,7.82,0.026,-0.026,9.13657,0.000402,-0.000402,17.12.22,2022-12,17.12.22,0,0.027,27,2.888,
HD 109833 c,HD 109833,1,1,2,Transit,Cluster/Assoc,Eps-Cha,2022,0.027,0.003,-0.003,0.03,Transiting Exoplanet Survey Satellite (TESS),Published Confirmed,0,<a refstr=WOOD_ET_AL__2022 href=https://ui.adsabs.harvard.edu/abs/2022arXiv221203266W/abstract target=ref>Wood et al. 2022</a>,13.900148,0.000057,-0.000057,0,,,,,2.59,0.196,-0.175,7.567567568,#DIV/0!,0.231,0.017,-0.016,0,,,,#DIV/0!,,,,,,0.3,0.21,-0.19,0,,,,,,,,,0,<a refstr=WOOD_ET_AL__2022 href=https://ui.adsabs.harvard.edu/abs/2022arXiv221203266W/abstract target=ref>Wood et al. 2022</a>,,5881,50,-50,0,1,0.04,-0.04,0,1.08,0.05,-0.05,0,-0.07,0.08,-0.08,0,[M/H],4.45,0.1,-0.1,0,<a refstr=STASSUN_ET_AL__2019 href=https://ui.adsabs.harvard.edu/abs/2019AJ....158..138S/abstract target=ref>TICv8</a>,12h39m06.21s,189.7758591,-74d34m26.47s,-74.5740205,79.5561,0.1488,-0.1483,9.29,0.03,-0.03,7.82,0.026,-0.026,9.13657,0.000402,-0.000402,17.12.22,2022-12,17.12.22,0,0.027,27,2.59,
AU Mic b,AU Mic,1,1,4,Transit,,,2020,0.019,0.01,-0.006,0.029,Transiting Exoplanet Survey Satellite (TESS),Published Confirmed,0,<a refstr=MALLORQUIN_ET_AL_2024 href=https://ui.adsabs.harvard.edu/abs/2024A&A...689A.132M/abstract target=ref>Mallorqu&iacute;n et al. 2024</a>,8.463446,0.000005,-0.000005,0,0.07,0.006,-0.007,0,4.79,0.29,-0.29,6.054279749,29.03225806,0.42733591,0.02587211,-0.02587211,0,8.99,2.61,-2.67,29.03225806,0.0282857,0.00821198,-0.00840076,0,Mass,0.07,0.09,-0.04,0,,,,,554.8,31.6,-32,0,1,<a refstr=MALLORQUIN_ET_AL_2024 href=https://ui.adsabs.harvard.edu/abs/2024A&A...689A.132M/abstract target=ref>Mallorqu&iacute;n et al. 2024</a>,M1 V,3540,120,-110,0,0.862,0.052,-0.052,0,0.635,0.04,-0.07,0,0.01,0.06,-0.06,0,[Fe/H],4.37,0.08,-0.1,0,<a refstr=STASSUN_ET_AL__2019 href=https://ui.adsabs.harvard.edu/abs/2019AJ....158..138S/abstract target=ref>TICv8</a>,20h45m09.87s,311.2911369,-31d20m32.82s,-31.34245,9.7221,0.004625,-0.004625,8.81,0.1,-0.1,4.529,0.02,-0.02,7.84038,0.000731,-0.000731,05.03.26,2024-09,05.03.26,0,0.019,19,4.79,8.99
AU Mic c,AU Mic,1,1,4,Transit,,,2021,0.019,0.01,-0.006,0.029,Transiting Exoplanet Survey Satellite (TESS),Published Confirmed,0,<a refstr=MALLORQUIN_ET_AL_2024 href=https://ui.adsabs.harvard.edu/abs/2024A&A...689A.132M/abstract target=ref>Mallorqu&iacute;n et al. 2024</a>,18.859023,0.000022,-0.000024,0,0.119,0.011,-0.011,0,2.79,0.18,-0.17,6.451612903,22.406639,0.24890756,0.01605855,-0.01516641,0,14.46,3.24,-3.42,22.406639,0.04549625,0.01019418,-0.01076052,0,Mass,0.18,0.08,-0.07,0,,,,,424.7,24.2,-24.5,0,1,<a refstr=MALLORQUIN_ET_AL_2024 href=https://ui.adsabs.harvard.edu/abs/2024A&A...689A.132M/abstract target=ref>Mallorqu&iacute;n et al. 2024</a>,M1 V,3540,120,-110,0,0.862,0.052,-0.052,0,0.635,0.04,-0.07,0,0.01,0.06,-0.06,0,[Fe/H],4.37,0.08,-0.1,0,<a refstr=STASSUN_ET_AL__2019 href=https://ui.adsabs.harvard.edu/abs/2019AJ....158..138S/abstract target=ref>TICv8</a>,20h45m09.87s,311.2911369,-31d20m32.82s,-31.34245,9.7221,0.004625,-0.004625,8.81,0.1,-0.1,4.529,0.02,-0.02,7.84038,0.000731,-0.000731,05.03.26,2024-09,05.03.26,0,0.019,19,2.79,14.46
2MASS J0249-0557 c,2MASS J0249-0557 A,1,2,1,Imaging,Moving group,BPMG,2018,0.022,0.006,-0.006,0.028,Mauna Kea Observatory,Published Confirmed,0,<a refstr=DUPUY_ET_AL__2018 href=https://ui.adsabs.harvard.edu/abs/2018AJ....156...57D/abstract target=ref>Dupuy et al. 2018</a>,,,,,1950,200,-200,0,,,,#DIV/0!,11.20689655,,,,,3686.809521,413.1769291,-317.828407,11.20689655,11.6,1.3,-1,0,Mass,,,,,,,,,,,,,0,<a refstr=DUPUY_ET_AL__2018 href=https://ui.adsabs.harvard.edu/abs/2018AJ....156...57D/abstract target=ref>Dupuy et al. 2018</a>,M6 V,,,,,,,,,0.046,0.012,-0.011,0,,,,,,,,,,<a refstr=STASSUN_ET_AL__2019 href=https://ui.adsabs.harvard.edu/abs/2019AJ....158..138S/abstract target=ref>TICv8</a>,02h49m56.44s,42.4851627,-05d57m35.97s,-5.9599921,66.0613,0.4543,-0.4482,18.3,0.2,-0.2,11.055,0.021,-0.021,15.6894,0.001224,-0.001224,13.05.24,2018-08,13.05.24,0,0.022,22,,3686.809521
2MASS J0249-0557 c,2MASS J0249-0557 A,1,2,1,Imaging,,,2018,0.022,0.006,-0.006,0.028,Mauna Kea Observatory,Published Confirmed,0,<a refstr=LIU_ET_AL_2026 href=https://ui.adsabs.harvard.edu/abs/2026arXiv260501012L/abstract target=ref>Liu et al. 2026</a>,,,,,,,,,17.37392009,0.33626942,-0.33626942,1.935483865,6.766256591,1.55,0.03,-0.03,0,3616.887272,244.7278734,-244.7278734,6.766256591,11.38,0.77,-0.77,0,Mass,,,,,,,,,1723,,,0,0,<a refstr=DUPUY_ET_AL__2018 href=https://ui.adsabs.harvard.edu/abs/2018AJ....156...57D/abstract target=ref>Dupuy et al. 2018</a>,M6 V,,,,,,,,,0.046,0.012,-0.011,0,,,,,,,,,,<a refstr=STASSUN_ET_AL__2019 href=https://ui.adsabs.harvard.edu/abs/2019AJ....158..138S/abstract target=ref>TICv8</a>,02h49m56.44s,42.4851627,-05d57m35.97s,-5.9599921,66.0613,0.4543,-0.4482,18.3,0.2,-0.2,11.055,0.021,-0.021,15.6894,0.001224,-0.001224,14.05.26,2026-05,14.05.26,0,0.022,22,17.37392009,3616.887272
AF Lep b,AF Lep,1,1,1,Imaging,Cluster/Assoc,BPMG,2023,0.024,0.003,-0.003,0.027,Paranal Observatory,Published Confirmed,0,<a refstr=FRANSON_ET_AL__2023 href=https://ui.adsabs.harvard.edu/abs/2023arXiv230205420F/abstract target=ref>Franson et al. 2023</a>,8030,1800,-1800,0,8.4,1.1,-1.3,0,,,,#DIV/0!,21.87499957,,,,,1017.0509,222.47988,-190.69704,21.87499957,3.2,0.7,-0.6,0,Mass,0.24,0.27,-0.15,0,,,,,,,,,0,<a refstr=FRANSON_ET_AL__2023 href=https://ui.adsabs.harvard.edu/abs/2023arXiv230205420F/abstract target=ref>Franson et al. 2023</a>,F8 V,6130,60,-60,0,1.25,0.06,-0.06,0,1.2,0.06,-0.06,0,0.19,0.02,-0.02,0,[Fe/H],,,,,<a refstr=STASSUN_ET_AL__2019 href=https://ui.adsabs.harvard.edu/abs/2019AJ....158..138S/abstract target=ref>TICv8</a>,05h27m04.78s,81.7699216,-11d54m04.23s,-11.9011752,26.8564,0.0189,-0.0188,6.332,0.035,-0.035,4.926,0.021,-0.021,6.18644,0.0011395,-0.0011395,12.06.23,2023-02,12.06.23,0,0.024,24,,1017.0509
V1298 Tau b,V1298 Tau,1,3,4,Transit,Cluster/Assoc,Taurus,2019,0.023,0.004,-0.004,0.027,K2,Published Confirmed,0,<a refstr=DAVID_ET_AL__2019 href=https://ui.adsabs.harvard.edu/abs/2019ApJ...885L..12D/abstract target=ref>David et al. 2019</a>,24.1396,0.0018,-0.0018,0,0.1688,0.0026,-0.0026,0,10.27,0.58,-0.53,5.64751704,#DIV/0!,0.916,0.052,-0.047,0,,,,#DIV/0!,,,,,,0.29,,,1,35,5,-5,0,677,22,-22,0,1,<a refstr=DAVID_ET_AL__2019 href=https://ui.adsabs.harvard.edu/abs/2019ApJ...885L..12D/abstract target=ref>David et al. 2019</a>,,,,,,1.34,0.06,-0.05,0,1.1,0.05,-0.05,0,,,,,,,,,,<a refstr=STASSUN_ET_AL__2019 href=https://ui.adsabs.harvard.edu/abs/2019AJ....158..138S/abstract target=ref>TICv8</a>,04h05m19.60s,61.331654,+20d09m25.31s,20.1570318,108.199,0.704,-0.696,10.115,0.009,-0.009,8.094,0.021,-0.021,10.0702,0.000682,-0.000682,18.10.19,2019-11,24.10.19,0,0.023,23,10.27,
V1298 Tau c,V1298 Tau,1,3,4,Transit,Cluster/Assoc,Taurus,2019,0.023,0.004,-0.004,0.027,K2,Published Confirmed,0,<a refstr=DAVID_ET_AL__2019 href=https://ui.adsabs.harvard.edu/abs/2019ApJ...885L..12D/abstract target=ref>David et al. 2019</a>,8.24958,0.00072,-0.00072,0,0.0825,0.0013,-0.0013,0,5.59,0.36,-0.32,6.440071556,#DIV/0!,0.499,0.032,-0.029,0,,,,#DIV/0!,,,,,,0.43,,,1,146,20,-20,0,968,31,-31,0,1,<a refstr=DAVID_ET_AL__2019 href=https://ui.adsabs.harvard.edu/abs/2019ApJ...885L..12D/abstract target=ref>David et al. 2019</a>,,,,,,1.34,0.06,-0.05,0,1.1,0.05,-0.05,0,,,,,,,,,,<a refstr=STASSUN_ET_AL__2019 href=https://ui.adsabs.harvard.edu/abs/2019AJ....158..138S/abstract target=ref>TICv8</a>,04h05m19.60s,61.331654,+20d09m25.31s,20.1570318,108.199,0.704,-0.696,10.115,0.009,-0.009,8.094,0.021,-0.021,10.0702,0.000682,-0.000682,18.10.19,2019-11,24.10.19,0,0.023,23,5.59,
V1298 Tau d,V1298 Tau,1,3,4,Transit,Cluster/Assoc,Taurus,2019,0.023,0.004,-0.004,0.027,K2,Published Confirmed,0,<a refstr=DAVID_ET_AL__2019 href=https://ui.adsabs.harvard.edu/abs/2019ApJ...885L..12D/abstract target=ref>David et al. 2019</a>,12.4032,0.0015,-0.0015,0,0.1083,0.0017,-0.0017,0,6.41,0.45,-0.4,7.020280811,#DIV/0!,0.572,0.04,-0.035,0,,,,#DIV/0!,,,,,,0.21,,,1,85,11,-11,0,845,27,-27,0,1,<a refstr=DAVID_ET_AL__2019 href=https://ui.adsabs.harvard.edu/abs/2019ApJ...885L..12D/abstract target=ref>David et al. 2019</a>,,,,,,1.34,0.06,-0.05,0,1.1,0.05,-0.05,0,,,,,,,,,,<a refstr=STASSUN_ET_AL__2019 href=https://ui.adsabs.harvard.edu/abs/2019AJ....158..138S/abstract target=ref>TICv8</a>,04h05m19.60s,61.331654,+20d09m25.31s,20.1570318,108.199,0.704,-0.696,10.115,0.009,-0.009,8.094,0.021,-0.021,10.0702,0.000682,-0.000682,18.10.19,2019-11,24.10.19,0,0.023,23,6.41,
V1298 Tau e,V1298 Tau,1,3,4,Transit,Cluster/Assoc,Taurus,2019,0.023,0.004,-0.004,0.027,K2,Published Confirmed,0,<a refstr=DAVID_ET_AL__2019 href=https://ui.adsabs.harvard.edu/abs/2019ApJ...885L..12D/abstract target=ref>David et al. 2019</a>,60,60,-18,0,0.308,0.182,-0.066,0,8.74,0.84,-0.72,9.610983982,#DIV/0!,0.78,0.075,-0.064,0,,,,#DIV/0!,,,,,,0.57,,,1,10,6,-6,0,492,66,-104,0,0,<a refstr=DAVID_ET_AL__2019 href=https://ui.adsabs.harvard.edu/abs/2019ApJ...885L..12D/abstract target=ref>David et al. 2019</a>,,,,,,1.34,0.06,-0.05,0,1.1,0.05,-0.05,0,,,,,,,,,,<a refstr=STASSUN_ET_AL__2019 href=https://ui.adsabs.harvard.edu/abs/2019AJ....158..138S/abstract target=ref>TICv8</a>,04h05m19.60s,61.331654,+20d09m25.31s,20.1570318,108.199,0.704,-0.696,10.115,0.009,-0.009,8.094,0.021,-0.021,10.0702,0.000682,-0.000682,18.10.19,2019-11,24.10.19,0,0.023,23,8.74,
51 Eri b,51 Eri,1,3,1,Imaging,Moving group/Debris Disk,BPMG,2015,0.02,0.006,-0.006,0.026,Gemini Observatory,Published Confirmed,0,<a refstr=MACINTOSH_ET_AL__2015 href=https://ui.adsabs.harvard.edu/abs/2015Sci...350...64M/abstract target=ref>Macintosh et al. 2015</a>,,,,,13.2,0.2,-0.2,0,,,,#DIV/0!,0,,,,,635.66,,,0,2,,,0,Mass,,,,,,,,,700,,,0,0,<a refstr=MACINTOSH_ET_AL__2015 href=https://ui.adsabs.harvard.edu/abs/2015Sci...350...64M/abstract target=ref>Macintosh et al. 2015</a>,F0 IV,,,,,,,,,1.75,0.05,-0.05,0,-0.027,0.045,-0.045,0,[M/H],,,,,<a refstr=STASSUN_ET_AL__2019 href=https://ui.adsabs.harvard.edu/abs/2019AJ....158..138S/abstract target=ref>TICv8</a>,04h37m36.18s,69.4007424,-02d28m25.77s,-2.4738245,29.7575,0.1213,-0.1203,5.21149,0.023,-0.023,4.537,0.024,-0.024,5.15806,0.0023075,-0.0023075,08.07.19,2015-00,14.08.15,0,0.02,20,,635.66
AU Mic d,AU Mic,1,1,3,Transit Timing Variations,Moving group,BPMG,2023,0.02,0.003,-0.002,0.023,Multiple Observatories,Published Confirmed,0,<a refstr=WITTROCK_ET_AL__2023 href=https://ui.adsabs.harvard.edu/abs/2023AJ....166..232W/abstract target=ref>Wittrock et al. 2023</a>,12.73596,0.00793,-0.00793,0,,,,,,,,#DIV/0!,48.52801519,,,,,1.053,0.511,-0.511,48.52801519,0.00331,0.00161,-0.00161,0,Mass,0.00305,0.00104,-0.00104,0,,,,,,,,,0,<a refstr=WITTROCK_ET_AL__2023 href=https://ui.adsabs.harvard.edu/abs/2023AJ....166..232W/abstract target=ref>Wittrock et al. 2023</a>,,3678,90,-88,0,0.74,0.02,-0.02,0,0.51,0.03,-0.03,0,0.23,0.24,-0.3,0,[Fe/H],4.4,0.03,-0.03,0,<a refstr=STASSUN_ET_AL__2019 href=https://ui.adsabs.harvard.edu/abs/2019AJ....158..138S/abstract target=ref>TICv8</a>,20h45m09.87s,311.2911369,-31d20m32.82s,-31.34245,9.7221,0.004625,-0.004625,8.81,0.1,-0.1,4.529,0.02,-0.02,7.84038,0.000731,-0.000731,28.11.23,2023-12,28.11.23,0,0.02,20,,1.053
HD 95086 b,HD 95086,1,1,1,Imaging,Cluster/Assoc,Carina/SCO_OB2,2013,0.017,0.004,-0.004,0.021,Paranal Observatory,Published Confirmed,0,<a refstr=RAMEAU_ET_AL__2013 href=https://ui.adsabs.harvard.edu/abs/2013ApJ...779L..26R/abstract target=ref> Rameau et al. 2013 </a>,,,,,55.7,2.5,-2.5,0,,,,#DIV/0!,40.02517306,,,,,1589,636,-636,40.02517306,5,2,-2,0,Mass,,,,,,,,,1000,200,-200,0,0,<a refstr=RAMEAU_ET_AL__2013 href=https://ui.adsabs.harvard.edu/abs/2013ApJ...779L..26R/abstract target=ref> Rameau et al. 2013 </a>,,,,,,,,,,1.6,,,0,,,,,,,,,,<a refstr=STASSUN_ET_AL__2019 href=https://ui.adsabs.harvard.edu/abs/2019AJ....158..138S/abstract target=ref>TICv8</a>,10h57m02.90s,164.2621032,-68d40m02.25s,-68.6672917,86.2279,0.2443,-0.2431,7.36,0.03,-0.03,6.789,0.021,-0.021,7.30915,0.000269,-0.000269,14.05.14,2013-12,14.05.14,0,0.017,17,,1589
HD 114082 b,HD 114082,1,1,1,Radial Velocity,Cluster/Assoc,Sco-OB2,2022,0.015,0.006,-0.006,0.021,La Silla Observatory,Published Confirmed,0,<a refstr=ZAKHOZHAY_ET_AL__2022 href=https://ui.adsabs.harvard.edu/abs/2022arXiv221108294Z/abstract target=ref>Zakhozhay et al. 2022</a>,109.75,0.4,-0.37,0,0.5109,0.0081,-0.0083,0,11.209,0.336,-0.336,2.997591221,12.5000001,1,0.03,-0.03,0,2542.62726,317.82841,-317.82841,12.5000001,8,1,-1,0,Mass,0.395,0.037,-0.039,0,,,,,,,,,0,<a refstr=ZAKHOZHAY_ET_AL__2022 href=https://ui.adsabs.harvard.edu/abs/2022arXiv221108294Z/abstract target=ref>Zakhozhay et al. 2022</a>,F3 V,6651,35,-35,0,1.49,0.05,-0.05,0,1.47,0.07,-0.07,0,0,0.03,-0.03,0,[Fe/H],4.19,0.03,-0.03,0,<a refstr=STASSUN_ET_AL__2019 href=https://ui.adsabs.harvard.edu/abs/2019AJ....158..138S/abstract target=ref>TICv8</a>,13h09m16.11s,197.3171237,-60d18m30.36s,-60.3084347,95.3906,0.4518,-0.4476,8.2,0.03,-0.03,7.163,0.031,-0.031,8.09394,0.000327,-0.000327,29.11.22,2022-11,29.11.22,0,0.015,15,11.209,2542.62726
HD 143811 AB b,HD 143811 A,1,2,1,Imaging,,,2025,0.018,0.003,-0.003,0.021,Paranal Observatory,Published Confirmed,0,<a refstr=SQUICCIARINI_ET_AL_2025 href=https://ui.adsabs.harvard.edu/abs/2025A&A...702L..10S/abstract target=ref>Squicciarini et al. 2025</a>,117000.00000000000,90600.00000000000,-31000,0,63,30,-12,0,15.69257298,1.12089807,-1.12089807,7.142857143,11.47540984,1.4,0.1,-0.1,0,1938.753283,222.4798849,-286.0455663,11.47540984,6.1,0.7,-0.9,0,Mass,0.19,0.12,-0.12,0,,,,,,,,,0,<a refstr=SQUICCIARINI_ET_AL_2025 href=https://ui.adsabs.harvard.edu/abs/2025A&A...702L..10S/abstract target=ref>Squicciarini et al. 2025</a>,,6791,100,-100,0,,,,,1.32,0.08,-0.08,0,,,,,,4.34,0.01,-0.01,0,<a refstr=STASSUN_ET_AL__2019 href=https://ui.adsabs.harvard.edu/abs/2019AJ....158..138S/abstract target=ref>TICv8</a>,16h03m33.41s,240.8891972,-30d08m13.77s,-30.1371574,136.608,0.825,-0.815,8.91,0.03,-0.03,7.702,0.024,-0.024,8.78821,0.000221,-0.000221,09.10.25,2025-10,09.10.25,0,0.018,18,15.69257298,1938.753283
AU Mic e,AU Mic,1,1,4,Radial Velocity,,,2025,0.0185,0.0024,-0.0024,0.0209,Mauna Kea Observatory,Published Confirmed,1,<a refstr=DONATI_ET_AL__2025 href=https://ui.adsabs.harvard.edu/abs/2025A&A...700A.227D/abstract target=ref>Donati et al. 2025</a>,33.11,0.06,-0.06,0,,,,,,,,#DIV/0!,25.59241706,,,,,21.1,5.4,-4.3,25.59241706,0.06638802,0.0169903,-0.01352931,0,Mass,,,,,,,,,,,,,0,<a refstr=DONATI_ET_AL__2023 href=https://ui.adsabs.harvard.edu/abs/2023MNRAS.525..455D/abstract target=ref>Donati et al. 2023</a>,,3665,31,-31,0,0.82,0.02,-0.02,0,0.6,0.04,-0.04,0,0.12,0.1,-0.1,0,[M/H],4.52,0.05,-0.05,0,<a refstr=STASSUN_ET_AL__2019 href=https://ui.adsabs.harvard.edu/abs/2019AJ....158..138S/abstract target=ref>TICv8</a>,20h45m09.87s,311.2911369,-31d20m32.82s,-31.34245,9.7221,0.004625,-0.004625,8.81,0.1,-0.1,4.529,0.02,-0.02,7.84038,0.000731,-0.000731,02.10.25,2025-08,02.10.25,0,0.0185,18.5,,21.1
WISPIT 1 b,WISPIT 1,1,2,2,Imaging,,,2025,0.0156,0.0041,-0.0037,0.0197,Paranal Observatory,Published Confirmed,0,<a refstr=VAN_CAPELLEVEEN_ET_AL_2025 href=https://ui.adsabs.harvard.edu/abs/2025A&A...704A.221V/abstract target=ref>van Capelleveen et al. 2025</a>,,,,,338,,,0,,,,#DIV/0!,6.730769231,,,,,3305.415433,222.4798849,-254.2627256,6.730769231,10.4,0.7,-0.8,0,Mass,,,,,,,,,,,,,0,<a refstr=VAN_CAPELLEVEEN_ET_AL_2025 href=https://ui.adsabs.harvard.edu/abs/2025A&A...704A.221V/abstract target=ref>van Capelleveen et al. 2025</a>,K4 V,4670,990,-540,0,,,,,,,,,,,,,,,,,,<a refstr=STASSUN_ET_AL__2019 href=https://ui.adsabs.harvard.edu/abs/2019AJ....158..138S/abstract target=ref>TICv8</a>,07h51m11.65s,117.798555,-50d08m15.67s,-50.1376852,230.007,1.228,-1.215,13.182,0.103,-0.103,10.121,0.019,-0.019,12.7244,0.001067,-0.001067,17.09.25,2025-12,17.09.25,0,0.0156,15.6,,3305.415433
WISPIT 1 c,WISPIT 1,1,2,2,Imaging,,,2025,0.0156,0.0041,-0.0037,0.0197,Paranal Observatory,Published Confirmed,0,<a refstr=VAN_CAPELLEVEEN_ET_AL_2025 href=https://ui.adsabs.harvard.edu/abs/2025A&A...704A.221V/abstract target=ref>van Capelleveen et al. 2025</a>,,,,,840,,,0,,,,#DIV/0!,15.09433962,,,,,1684.490557,254.2627256,-190.6970442,15.09433962,5.3,0.8,-0.6,0,Mass,,,,,,,,,,,,,0,<a refstr=VAN_CAPELLEVEEN_ET_AL_2025 href=https://ui.adsabs.harvard.edu/abs/2025A&A...704A.221V/abstract target=ref>van Capelleveen et al. 2025</a>,K4 V,4670,990,-540,0,,,,,,,,,,,,,,,,,,<a refstr=STASSUN_ET_AL__2019 href=https://ui.adsabs.harvard.edu/abs/2019AJ....158..138S/abstract target=ref>TICv8</a>,07h51m11.65s,117.798555,-50d08m15.67s,-50.1376852,230.007,1.228,-1.215,13.182,0.103,-0.103,10.121,0.019,-0.019,12.7244,0.001067,-0.001067,17.09.25,2025-12,17.09.25,0,0.0156,15.6,,1684.490557
HIP 67522 b,HIP 67522,1,1,1,Transit,Cluster/Assoc,Sco-OB2,2020,0.017,0.002,-0.002,0.019,Transiting Exoplanet Survey Satellite (TESS),Published Confirmed,0,<a refstr=RIZZUTO_ET_AL__2020 href=https://ui.adsabs.harvard.edu/abs/2020AJ....160...33R/abstract target=ref>Rizzuto et al. 2020</a>,6.959503,0.000016,-0.000015,0,,,,,10.07,0.47,-0.47,4.667328699,#DIV/0!,0.898,0.042,-0.042,0,,,,#DIV/0!,,,,,,0.059,0.193,-0.046,0,,,,,1174,21,-20,0,0,<a refstr=RIZZUTO_ET_AL__2020 href=https://ui.adsabs.harvard.edu/abs/2020AJ....160...33R/abstract target=ref>Rizzuto et al. 2020</a>,,5675,75,-75,0,1.38,0.06,-0.06,0,1.22,0.05,-0.05,0,0,,,0,,,,,,<a refstr=STASSUN_ET_AL__2019 href=https://ui.adsabs.harvard.edu/abs/2019AJ....158..138S/abstract target=ref>TICv8</a>,13h50m06.24s,207.526001,-40d50m09.23s,-40.8358961,127.28,1.105,-1.087,9.79,0.03,-0.03,8.164,0.026,-0.026,9.63261,0.002283,-0.002283,17.07.20,2020-07,23.07.20,0,0.017,17,10.07,
HIP 67522 c,HIP 67522,1,1,2,Transit,Cluster/Assoc,Sco-OB2,2024,0.017,0.002,-0.002,0.019,Transiting Exoplanet Survey Satellite (TESS),Published Confirmed,0,<a refstr=BARBER_ET_AL__2024 href=https://ui.adsabs.harvard.edu/abs/2024ApJ...973L..30B/abstract target=ref>Barber et al. 2024</a>,14.334892,0.000012,-0.000012,0,0.1228,0.0042,-0.0053,0,7.93595834,0.3474784,-0.35868738,4.37853105,#DIV/0!,0.708,0.031,-0.032,0,,,,#DIV/0!,,,,,,0.077,0.195,-0.056,0,,,,,917,19,-15,0,0,<a refstr=BARBER_ET_AL__2024 href=https://ui.adsabs.harvard.edu/abs/2024ApJ...973L..30B/abstract target=ref>Barber et al. 2024</a>,,5675,75,-75,0,1.38,0.06,-0.06,0,1.22,0.05,-0.05,0,,,,,,,,,,<a refstr=STASSUN_ET_AL__2019 href=https://ui.adsabs.harvard.edu/abs/2019AJ....158..138S/abstract target=ref>TICv8</a>,13h50m06.24s,207.526001,-40d50m09.23s,-40.8358961,127.28,1.105,-1.087,9.79,0.03,-0.03,8.164,0.026,-0.026,9.63261,0.002283,-0.002283,28.09.24,2024-09,28.09.24,0,0.017,17,7.93595834,
HIP 65426 b,HIP 65426,1,1,1,Imaging,Cluster/Assoc,Sco-OB2,2017,0.014,0.004,-0.004,0.018,Paranal Observatory,Published Confirmed,0,<a refstr=CHAUVIN_ET_AL__2017 href=https://ui.adsabs.harvard.edu/abs/2017A&A...605L...9C/abstract target=ref>Chauvin et al. 2017</a>,,,,,92,,,0,16.814,1.121,-1.121,6.667063162,33.33333333,1.5,0.1,-0.1,0,2860.47,953.49,-953.49,33.33333333,9,3,-3,0,Mass,,,,,,,,,1500,100,-200,0,0,<a refstr=CHAUVIN_ET_AL__2017 href=https://ui.adsabs.harvard.edu/abs/2017A&A...605L...9C/abstract target=ref>Chauvin et al. 2017</a>,A2 V,8840,200,-200,0,1.77,0.05,-0.05,0,1.96,0.04,-0.04,0,,,,,,,,,,<a refstr=STASSUN_ET_AL__2019 href=https://ui.adsabs.harvard.edu/abs/2019AJ....158..138S/abstract target=ref>TICv8</a>,13h24m36.04s,201.1501727,-51d30m16.34s,-51.5045384,108.875,0.753,-0.742,7.01,0.03,-0.03,6.771,0.018,-0.018,6.98273,0.000301,-0.000301,11.07.17,2017-09,13.07.17,0,0.014,14,16.814,2860.47
TYC 8998-760-1 b,TYC 8998-760-1,1,1,2,Imaging,,,2020,0.017,0.001,-0.001,0.018,Paranal Observatory,Published Confirmed,0,<a refstr=ROBERTS_ET_AL_2025 href=https://ui.adsabs.harvard.edu/abs/2025AJ....170..273R/abstract target=ref>Roberts et al. 2025</a>,,,,,146,16,-10,0,,,,#DIV/0!,#DIV/0!,,,,,,,,#DIV/0!,,,,,,0.44,0.17,-0.18,0,,,,,,,,,0,<a refstr=ROBERTS_ET_AL_2025 href=https://ui.adsabs.harvard.edu/abs/2025AJ....170..273R/abstract target=ref>Roberts et al. 2025</a>,K3 IV,,,,,,,,,,,,,,,,,,,,,,<a refstr=STASSUN_ET_AL__2019 href=https://ui.adsabs.harvard.edu/abs/2019AJ....158..138S/abstract target=ref>TICv8</a>,13h25m12.03s,201.3001096,-64d56m20.96s,-64.9391566,94.6177,0.2844,-0.2828,11.124,0.013,-0.013,8.392,0.027,-0.027,10.6505,0.001828,-0.001828,30.04.26,2025-11,30.04.26,0,0.017,17,,
TYC 8998-760-1 c,TYC 8998-760-1,1,1,2,Imaging,Cluster/Assoc,Sco-OB2,2020,0.017,0.001,-0.001,0.018,Paranal Observatory,Published Confirmed,0,<a refstr=BOHN_ET_AL__2020 href=https://ui.adsabs.harvard.edu/abs/2020ApJ...898L..16B/abstract target=ref>Bohn et al. 2020</a>,,,,,320,,,0,12.33,6.725,-3.363,54.54176805,16.66666667,1.1,0.6,-0.3,0,1906.98,317.83,-317.83,16.66666667,6,1,-1,0,Mass,,,,,,,,,1240,160,-170,0,0,<a refstr=BOHN_ET_AL__2020 href=https://ui.adsabs.harvard.edu/abs/2020ApJ...898L..16B/abstract target=ref>Bohn et al. 2020</a>,,,,,,,,,,1,,,0,,,,,,,,,,<a refstr=STASSUN_ET_AL__2019 href=https://ui.adsabs.harvard.edu/abs/2019AJ....158..138S/abstract target=ref>TICv8</a>,13h25m12.03s,201.3001096,-64d56m20.96s,-64.9391566,94.6177,0.2844,-0.2828,11.124,0.013,-0.013,8.392,0.027,-0.027,10.6505,0.001828,-0.001828,17.07.20,2020-07,23.07.20,0,0.017,17,12.33,1906.98
HIP 65426 b,HIP 65426,1,1,1,Imaging,,,2017,0.014,0.004,-0.004,0.018,Paranal Observatory,Published Confirmed,0,<a refstr=CHAUVIN_ET_AL__2017 href=https://ui.adsabs.harvard.edu/abs/2017A&A...605L...9C/abstract target=ref>Chauvin et al. 2017</a>,,,,,92,,,0,16.8135,1.1209,-1.1209,6.666666667,33.33333333,1.5,0.1,-0.1,0,2860.47,953.49,-953.49,33.33333333,9,3,-3,0,Mass,,,,,,,,,1500,100,-200,0,0,<a refstr=CHAUVIN_ET_AL__2017 href=https://ui.adsabs.harvard.edu/abs/2017A&A...605L...9C/abstract target=ref>Chauvin et al. 2017</a>,A2 V,8840,200,-200,0,1.77,0.05,-0.05,0,1.96,0.04,-0.04,0,,,,,,,,,,<a refstr=STASSUN_ET_AL__2019 href=https://ui.adsabs.harvard.edu/abs/2019AJ....158..138S/abstract target=ref>TICv8</a>,13h24m36.04s,201.1501727,-51d30m16.34s,-51.5045384,108.875,0.753,-0.742,7.01,0.03,-0.03,6.771,0.018,-0.018,6.98273,0.000301,-0.000301,11.07.17,2017-09,13.07.17,0,0.014,14,16.8135,2860.47
TIC 88785435 b,TIC 88785435,1,1,1,Transit,,,2025,0.016,0.0016,-0.0016,0.0176,Transiting Exoplanet Survey Satellite (TESS),Published Confirmed,0,<a refstr=VACH_ET_AL_2025 href=https://ui.adsabs.harvard.edu/abs/2025AJ....170..131V/abstract target=ref>Vach et al. 2025</a>,10.508843,0.000037,-0.000034,0,0.08432,0.00068,-0.00068,0,5.03,0.21,-0.2,4.174950298,#DIV/0!,0.44874732,0.01873498,-0.01784284,0,,,,#DIV/0!,,,,,,0.131,0.06,-0.064,0,,,,,635,16,-16,0,0,<a refstr=VACH_ET_AL_2025 href=https://ui.adsabs.harvard.edu/abs/2025AJ....170..131V/abstract target=ref>Vach et al. 2025</a>,K7 V,3998,95,-95,0,0.911,0.038,-0.038,0,0.724,0.017,-0.017,0,-0.08,0.11,-0.11,0,[m/H],4.19,0.37,-0.37,0,<a refstr=STASSUN_ET_AL__2019 href=https://ui.adsabs.harvard.edu/abs/2019AJ....158..138S/abstract target=ref>TICv8</a>,14h57m08.13s,224.2838576,-30d52m48.10s,-30.8800273,122.386,0.665,-0.659,13.259,0.114,-0.114,9.546,0.021,-0.021,12.6115,0.001962,-0.001962,17.07.25,2025-08,17.07.25,0,0.016,16,5.03,
TAP 26 b,TAP 26,1,1,1,Radial Velocity,Cluster/Assoc/Stream,Hyades/Theia_44,2017,0.017,,,0.017,Multiple Facilities,Published Confirmed,0,<a refstr=YU_ET_AL__2017 href=https://ui.adsabs.harvard.edu/abs/2017MNRAS.467.1342Y/abstract target=ref>Yu et al. 2017</a>,10.79,0.14,-0.14,0,0.0968,0.0032,-0.0032,0,,,,#DIV/0!,18.6746988,,,,,527.5978,98.5273,-98.5273,18.6746988,1.66,0.31,-0.31,0,Msini,,,,,,,,,,,,,0,<a refstr=YU_ET_AL__2017 href=https://ui.adsabs.harvard.edu/abs/2017MNRAS.467.1342Y/abstract target=ref>Yu et al. 2017</a>,,4620,50,-50,0,1.17,0.17,-0.17,0,1.04,0.1,-0.1,0,,,,,,4.5,,,0,<a refstr=STASSUN_ET_AL__2019 href=https://ui.adsabs.harvard.edu/abs/2019AJ....158..138S/abstract target=ref>TICv8</a>,04h18m51.71s,64.715445,+17d23m16.38s,17.3878826,121.402,0.569,-0.563,12.5,0.08,-0.08,9.270001,0.018,-0.018,11.8101,0.002259,-0.002259,31.01.17,2017-05,02.02.17,0,0.017,17,,527.5978
b Cen AB b,b Cen A,1,2,1,Imaging,Cluster/Assoc,Sco-OB2,2021,0.015,0.002,-0.002,0.017,Paranal Observatory,Published Confirmed,0,<a refstr=JANSON_ET_AL__2021 href=https://ui.adsabs.harvard.edu/abs/2021Natur.600..231J/abstract target=ref>Janson et al. 2021</a>,1790000,830000,-830000,0,556,17,-17,0,,,,#DIV/0!,14.67889903,,,,,3464.32964,508.52545,-508.52545,14.67889903,10.9,1.6,-1.6,0,Mass,0.4,,,1,,,,,,,,,0,<a refstr=JANSON_ET_AL__2021 href=https://ui.adsabs.harvard.edu/abs/2021Natur.600..231J/abstract target=ref>Janson et al. 2021</a>,B2.5 V,,,,,,,,,5.5,0.5,-0.5,0,,,,,,,,,,<a refstr=STASSUN_ET_AL__2019 href=https://ui.adsabs.harvard.edu/abs/2019AJ....158..138S/abstract target=ref>TICv8</a>,14h41m57.55s,220.4897992,-37d47m37.08s,-37.7936323,98.0935,6.7875,-5.9734,4.01,0.03,-0.03,4.487,0.026,-0.026,4.01093,0.0089181,-0.0089181,24.01.22,2021-12,24.01.22,0,0.015,15,,3464.32964
YSES 2 b,YSES 2,1,1,1,Imaging,Cluster/Assoc,Sco-OB2,2021,0.014,0.002,-0.002,0.016,Paranal Observatory,Published Confirmed,0,<a refstr=BOHN_ET_AL__2021 href=https://ui.adsabs.harvard.edu/abs/2021A&A...648A..73B/abstract target=ref>Bohn et al. 2021</a>,,,,,115,,,0,,,,#DIV/0!,25.39682539,,,,,2002.31896,508.52545,-286.04557,25.39682539,6.3,1.6,-0.9,0,Mass,,,,,,,,,,,,,0,<a refstr=BOHN_ET_AL__2021 href=https://ui.adsabs.harvard.edu/abs/2021A&A...648A..73B/abstract target=ref>Bohn et al. 2021</a>,K1 V,4749,40,-40,0,1.19,0.02,-0.02,0,1.1,0.03,-0.03,0,,,,,,,,,,<a refstr=STASSUN_ET_AL__2019 href=https://ui.adsabs.harvard.edu/abs/2019AJ....158..138S/abstract target=ref>TICv8</a>,11h27m55.27s,171.9802779,-66d26m04.46s,-66.4345736,109.406,0.374,-0.373,10.885,0.011,-0.011,8.358,0.029,-0.029,10.5352,0.002319,-0.002319,28.05.21,2021-04,28.05.21,0,0.014,14,,2002.31896
K2-225 b,K2-225,1,1,1,Transit,,,2018,0.0121,0.0039,-0.0032,0.016,K2,Published Confirmed,0,<a refstr=THYGESEN_ET_AL__2023 href=https://ui.adsabs.harvard.edu/abs/2023AJ....165..155T/abstract target=ref>Thygesen et al. 2023</a>,15.8723,0.0021,-0.0019,0,0.1409,0.0033,-0.0031,0,3.60929179,0.28022452,-0.22417961,7.763975215,#DIV/0!,0.322,0.025,-0.02,0,,,,#DIV/0!,,,,,,0.23,0.39,-0.16,0,,,,,923,13,-14,0,0,<a refstr=THYGESEN_ET_AL__2023 href=https://ui.adsabs.harvard.edu/abs/2023AJ....165..155T/abstract target=ref>Thygesen et al. 2023</a>,,5520,140,-140,0,1.7,0.094,-0.087,0,1.482,0.11,-0.096,0,0.486,0.061,-0.072,0,[Fe/H],4.148,0.025,-0.025,0,<a refstr=STASSUN_ET_AL__2019 href=https://ui.adsabs.harvard.edu/abs/2019AJ....158..138S/abstract target=ref>TICv8</a>,12h26m09.86s,186.5410958,-09d37m29.36s,-9.6248232,357.778,5.896,-5.711,11.836,0.022,-0.022,9.954001,0.023,-0.023,11.5203,0.000543,-0.000543,20.11.24,2023-04,20.11.24,0,0.0121,12.1,3.60929179,
HD 106906 b,HD 106906,1,1,1,Imaging,Cluster/Assoc,Sco-OB2,2013,0.013,0.002,-0.002,0.015,Las Campanas Observatory,Published Confirmed,0,<a refstr=BAILEY_ET_AL__2014 href=https://ui.adsabs.harvard.edu/abs/2014ApJ...780L...4B/abstract target=ref> Bailey et al. 2014 </a>,,,,,650,,,0,,,,#DIV/0!,18.19221968,,,,,3496,636,-636,18.19221968,11,2,-2,0,Mass,,,,,,,,,1800,100,-100,0,0,<a refstr=BAILEY_ET_AL__2014 href=https://ui.adsabs.harvard.edu/abs/2014ApJ...780L...4B/abstract target=ref> Bailey et al. 2014 </a>,F5 V,6516,165,-165,0,,,,,1.5,0.1,-0.1,0,,,,,,,,,,<a refstr=STASSUN_ET_AL__2019 href=https://ui.adsabs.harvard.edu/abs/2019AJ....158..138S/abstract target=ref>TICv8</a>,12h17m53.12s,184.4713308,-55d58m32.09s,-55.9755805,103.029,0.461,-0.457,7.8,0.03,-0.03,6.683,0.026,-0.026,7.68639,0.000216,-0.000216,14.05.14,2014-01,14.05.14,0,0.013,13,,3496
TOI-1227 b,TOI-1227,1,1,1,Transit,Cluster/Assoc,EPSC/Sco-OB2,2022,0.011,0.002,-0.002,0.013,Transiting Exoplanet Survey Satellite (TESS),Published Confirmed,0,<a refstr=MANN_ET_AL__2022 href=https://ui.adsabs.harvard.edu/abs/2022AJ....163..156M/abstract target=ref>Mann et al. 2022</a>,27.36397,0.00011,-0.00011,0,0.0886,0.0054,-0.0057,0,9.572,0.751,-0.583,7.845800251,#DIV/0!,0.854,0.067,-0.052,0,,,,#DIV/0!,,,,,,,,,,3.21,0.38,-0.36,0,,,,,0,<a refstr=MANN_ET_AL__2022 href=https://ui.adsabs.harvard.edu/abs/2022AJ....163..156M/abstract target=ref>Mann et al. 2022</a>,M4.5V-M5V,3072,74,-74,0,0.56,0.03,-0.03,0,0.17,0.01,-0.01,0,,,,,,,,,,<a refstr=STASSUN_ET_AL__2019 href=https://ui.adsabs.harvard.edu/abs/2019AJ....158..138S/abstract target=ref>TICv8</a>,12h27m04.17s,186.7673635,-72d27m06.66s,-72.4518501,100.641,0.573,-0.566,16.999,1.133,-1.133,11.034,0.021,-0.021,15.2514,0.000848,-0.000848,28.03.22,2022-04,28.03.22,0,0.011,11,9.572,
2MASS J12073346-3932539 b,2MASS J12073346-3932539,1,1,1,Imaging,Cluster/Assoc,TW Hydrae,2004,0.008,0.004,-0.003,0.012,Paranal Observatory,Published Confirmed,0,<a refstr=CHAUVIN_ET_AL__2004 href=https://ui.adsabs.harvard.edu/abs/2004A&A...425L..29C/abstract target=ref> Chauvin et al. 2004 </a>,,,,,55,,,0,,,,#DIV/0!,40,,,,,1589.15,635.66,-635.66,40,5,2,-2,0,Mass,,,,,,,,,1250,200,-200,0,0,<a refstr=CHAUVIN_ET_AL__2004 href=https://ui.adsabs.harvard.edu/abs/2004A&A...425L..29C/abstract target=ref> Chauvin et al. 2004 </a>,M8,,,,,,,,,0.02,,,0,,,,,,,,,,<a refstr=STASSUN_ET_AL__2019 href=https://ui.adsabs.harvard.edu/abs/2019AJ....158..138S/abstract target=ref>TICv8</a>,12h07m33.38s,181.8890906,-39d32m54.38s,-39.5484399,64.308,0.6569,-0.644,,,,11.945,0.026,-0.026,17.4076,0.002154,-0.002154,24.02.16,2004-10,25.02.16,0,0.008,8,,1589.15
KELT-20 b,KELT-20,1,1,1,Transit,Unconfirmed,ZariPMS/UMS,2017,0.0058,0.005,-0.005,0.0108,KELT-North,Published Confirmed,0,<a refstr=LUND_ET_AL__2017 href=https://ui.adsabs.harvard.edu/abs/2017AJ....154..194L/abstract target=ref>Lund et al. 2017</a>,3.4741085,0.0000019,-0.0000019,0,0.0542,0.0014,-0.0021,0,19.515,0.773,-0.829,3.961055598,0,1.741,0.069,-0.074,0,1074.90106,,,0,3.382,,,1,Mass,,,,,4362.5,595.2,-536.4,0,2262,73,-73,0,0,<a refstr=LUND_ET_AL__2017 href=https://ui.adsabs.harvard.edu/abs/2017AJ....154..194L/abstract target=ref>Lund et al. 2017</a>,A2 V,8720,250,-260,0,1.56,0.06,-0.06,0,1.76,0.14,-0.19,0,-0.29,0.22,-0.36,0,[Fe/H],4.29,0.02,-0.02,0,<a refstr=STASSUN_ET_AL__2019 href=https://ui.adsabs.harvard.edu/abs/2019AJ....158..138S/abstract target=ref>TICv8</a>,19h38m38.74s,294.6614126,+31d13m09.12s,31.2192001,136.426,0.816,-0.807,7.59,0.03,-0.03,7.415,0.017,-0.017,7.57492,0.000509,-0.000509,02.12.19,2017-11,02.11.17,0,0.0058,5.8,19.515,1074.90106
K2-33 b,K2-33,1,1,1,Transit,Cluster/Assoc,Sco-OB2,2016,0.009,0.001,-0.001,0.01,K2,Published Confirmed,0,<a refstr=MANN_ET_AL__2016 href=https://ui.adsabs.harvard.edu/abs/2016AJ....152...61M/abstract target=ref>Mann et al. 2016</a>,5.424865,0.000035,-0.000031,0,,,,,5.04,0.34,-0.37,6.746031746,0,0.45,0.03,-0.033,0,1175.971,,,0,3.7,,,1,Mass,0,,,0,,,,,,,,,0,<a refstr=MANN_ET_AL__2016 href=https://ui.adsabs.harvard.edu/abs/2016AJ....152...61M/abstract target=ref>Mann et al. 2016</a>,M3.3,3540,70,-70,0,1.05,0.07,-0.07,0,0.56,0.09,-0.09,0,,,,,,,,,,<a refstr=STASSUN_ET_AL__2019 href=https://ui.adsabs.harvard.edu/abs/2019AJ....158..138S/abstract target=ref>TICv8</a>,16h10m14.73s,242.5613635,-19d19m09.78s,-19.3193831,139.268,1.532,-1.499,15.838,0.126,-0.126,10.026,0.019,-0.019,14.157,0.0009,-0.0009,06.07.16,2016-09,23.06.16,0,0.009,9,5.04,1175.971
HD 100546 b,HD 100546,1,1,1,Imaging,Cluster/Assoc,Sco-OB2,2014,0.005,0.004,-0.004,0.009,Paranal Observatory,Published Confirmed,1,<a refstr=QUANZ_ET_AL__2015 href=https://ui.adsabs.harvard.edu/abs/2015ApJ...807...64Q/abstract target=ref>Quanz et al. 2015</a>,,,,,53,2,-2,0,77.342,30.264,-32.506,39.13009749,47.05882359,6.9,2.7,-2.9,0,2701.54146,1271.31363,-1271.31363,47.05882359,8.5,4,-4,0,Mass,,,,,,,,,,,,,0,<a refstr=QUANZ_ET_AL__2015 href=https://ui.adsabs.harvard.edu/abs/2015ApJ...807...64Q/abstract target=ref>Quanz et al. 2015</a>,B9 Vne,10500,,,0,,,,,2.4,0.1,-0.1,0,,,,,,,,,,<a refstr=STASSUN_ET_AL__2019 href=https://ui.adsabs.harvard.edu/abs/2019AJ....158..138S/abstract target=ref>TICv8</a>,11h33m25.32s,173.3555116,-70d11m41.24s,-70.1947897,109.677,0.621,-0.613,6.69,0.03,-0.03,5.418,0.023,-0.023,6.65514,0.000594,-0.000594,14.12.23,2015-07,14.12.23,0,0.005,5,77.342,2701.54146
WISPIT 2 b,WISPIT 2,1,1,2,Imaging,,,2025,0.0051,0.0024,-0.0013,0.0075,Paranal Observatory,Published Confirmed,0,<a refstr=VAN_CAPELLEVEEN_ET_AL__2025 href=https://ui.adsabs.harvard.edu/abs/2025ApJ...990L...8V/abstract target=ref>van Capelleveen et al. 2025</a>,,,,,57,,,0,,,,#DIV/0!,19.3814433,,,,,1541.467774,298.7587026,-184.3404761,19.3814433,4.85,0.94,-0.58,0,Mass,,,,,,,,,,,,,0,<a refstr=VAN_CAPELLEVEEN_ET_AL__2025 href=https://ui.adsabs.harvard.edu/abs/2025ApJ...990L...8V/abstract target=ref>van Capelleveen et al. 2025</a>,,4400,50,-50,0,1.418,0.004,-0.004,0,1.08,0.06,-0.17,0,,,,,,4,0.25,-0.25,0,<a refstr=STASSUN_ET_AL__2019 href=https://ui.adsabs.harvard.edu/abs/2019AJ....158..138S/abstract target=ref>TICv8</a>,19h23m17.04s,290.8209991,-07d40m55.50s,-7.6820823,134.907,2.37,-2.291,11.598,0.023,-0.023,8.577,0.021,-0.021,11.1586,0.003923,-0.003923,17.09.25,2025-09,17.09.25,0,0.0051,5.1,,1541.467774
TWA 7 b,TWA 7,1,1,1,Imaging,,,2025,0.0064,0.001,-0.001,0.0074,James Webb Space Telescope (JWST),Published Confirmed,0,<a refstr=LAGRANGE_ET_AL_2025 href=https://ui.adsabs.harvard.edu/abs/2025Natur.642..905L/abstract target=ref>Lagrange et al. 2025</a>,,,,,52,,,0,,,,#DIV/0!,17.64705882,,,,,108.0616584,19.06970442,-19.06970442,17.64705882,0.34,0.06,-0.06,0,Mass,,,,,,,,,316,19,-23,0,0,<a refstr=LAGRANGE_ET_AL_2025 href=https://ui.adsabs.harvard.edu/abs/2025Natur.642..905L/abstract target=ref>Lagrange et al. 2025</a>,,,,,,,,,,0.46,,,0,,,,,,,,,,<a refstr=STASSUN_ET_AL__2019 href=https://ui.adsabs.harvard.edu/abs/2019AJ....158..138S/abstract target=ref>TICv8</a>,10h42m29.95s,160.6248102,-33d40m16.53s,-33.6712596,33.9958,0.0768,-0.0765,11.773,0.057,-0.057,6.899,0.027,-0.027,10.6193,0.001726,-0.001726,11.07.25,2025-06,11.07.25,0,0.0064,6.4,,108.0616584
HD 169142 b,HD 169142,1,1,1,Imaging,Comoving group,Three pre-main sequence stars,2023,0.006,,,0.006,Paranal Observatory,Published Confirmed,0,<a refstr=HAMMOND_ET_AL__2023 href=https://ui.adsabs.harvard.edu/abs/2023arXiv230211302H/abstract target=ref>Hammond et al. 2023</a>,,,,,37.2,1.5,-1.5,0,,,,#DIV/0!,66.66666632,,,,,953.48522,635.65681,-635.65681,66.66666632,3,2,-2,0,Mass,,,,,,,,,,,,,0,<a refstr=HAMMOND_ET_AL__2023 href=https://ui.adsabs.harvard.edu/abs/2023arXiv230211302H/abstract target=ref>Hammond et al. 2023</a>,,,,,,,,,,1.85,,,0,,,,,,,,,,<a refstr=STASSUN_ET_AL__2019 href=https://ui.adsabs.harvard.edu/abs/2019AJ....158..138S/abstract target=ref>TICv8</a>,18h24m29.78s,276.1240717,-29d46m49.91s,-29.7805318,113.6,0.833,-0.82,8.156,0.002,-0.002,6.41,0.024,-0.024,8.05449,0.001004,-0.001004,15.03.23,2023-03,15.03.23,0,0.006,6,,953.48522
MWC 758 c,MWC 758,1,1,1,Imaging,Comoving group,Taurus region,2023,0.004,0.002,-0.002,0.006,Large Binocular Telescope Observatory,Published Confirmed,0,<a refstr=WAGNER_ET_AL__2023 href=https://ui.adsabs.harvard.edu/abs/2023NatAs.tmp..146W/abstract target=ref>Wagner et al. 2023</a>,,,,,100,,,0,,,,#DIV/0!,#DIV/0!,,,,,,,,#DIV/0!,,,,,,,,,,,,,,500,100,-100,0,0,<a refstr=WAGNER_ET_AL__2023 href=https://ui.adsabs.harvard.edu/abs/2023NatAs.tmp..146W/abstract target=ref>Wagner et al. 2023</a>,A8Ve,,,,,,,,,1.5,,,0,,,,,,,,,,<a refstr=STASSUN_ET_AL__2019 href=https://ui.adsabs.harvard.edu/abs/2019AJ....158..138S/abstract target=ref>TICv8</a>,05h30m27.53s,82.6147199,+25d19m56.67s,25.3324076,159.537,1.742,-1.706,8.270001,0.03,-0.03,5.804,0.023,-0.023,8.19951,0.00092,-0.00092,22.08.23,2023-07,22.08.23,0,0.004,4,,
PDS 70 b,PDS 70,1,1,2,Imaging,Cluster/Assoc,Sco-OB2,2018,0.005,0.001,-0.001,0.006,Paranal Observatory,Published Confirmed,0,<a refstr=WANG_ET_AL__2020 href=https://ui.adsabs.harvard.edu/abs/2020AJ....159..263W/abstract target=ref>Wang et al. 2020</a>,,,,,20,2,-2,0,30.488,2.242,-1.906,7.353712936,33.33333333,2.72,0.2,-0.17,0,953.49,317.83,-317.83,33.33333333,3,1,-1,0,Mass,0.19,0.15,-0.09,0,,,,,1204,26,-27,0,0,<a refstr=WANG_ET_AL__2020 href=https://ui.adsabs.harvard.edu/abs/2020AJ....159..263W/abstract target=ref>Wang et al. 2020</a>,,3972,36,-36,0,,,,,,,,,,,,,,,,,,<a refstr=STASSUN_ET_AL__2019 href=https://ui.adsabs.harvard.edu/abs/2019AJ....158..138S/abstract target=ref>TICv8</a>,14h08m10.11s,212.0421402,-41d23m52.95s,-41.3980405,113.064,0.523,-0.519,12.032,0.08,-0.08,8.542,0.023,-0.023,11.5848,0.002437,-0.002437,06.07.20,2020-06,09.07.20,0,0.005,5,30.488,953.49
PDS 70 c,PDS 70,1,1,2,Imaging,Cluster/Assoc,Sco-OB2,2019,0.005,0.001,-0.001,0.006,European Southern Observatory,Published Confirmed,0,<a refstr=WANG_ET_AL__2020 href=https://ui.adsabs.harvard.edu/abs/2020AJ....159..263W/abstract target=ref>Wang et al. 2020</a>,,,,,34,6,-3,0,22.866,6.837,-5.044,29.90028864,50,2.04,0.61,-0.45,0,635.66,317.83,-317.83,50,2,1,-1,0,Mass,0.11,0.12,-0.06,0,,,,,995,71,-49,0,0,<a refstr=WANG_ET_AL__2020 href=https://ui.adsabs.harvard.edu/abs/2020AJ....159..263W/abstract target=ref>Wang et al. 2020</a>,,3972,36,-36,0,,,,,,,,,,,,,,,,,,<a refstr=STASSUN_ET_AL__2019 href=https://ui.adsabs.harvard.edu/abs/2019AJ....158..138S/abstract target=ref>TICv8</a>,14h08m10.11s,212.0421402,-41d23m52.95s,-41.3980405,113.064,0.523,-0.519,12.032,0.08,-0.08,8.542,0.023,-0.023,11.5848,0.002437,-0.002437,06.07.20,2020-06,09.07.20,0,0.005,5,22.866,635.66
HD 169142 b,HD 169142,1,1,1,Imaging,,,2023,0.006,,,0.006,Paranal Observatory,Published Confirmed,0,<a refstr=HAMMOND_ET_AL_2023 href=https://ui.adsabs.harvard.edu/abs/2023MNRAS.522L..51H/abstract target=ref>Hammond et al. 2023</a>,,,,,37.2,1.5,-1.5,0,,,,#DIV/0!,66.66666667,,,,,953.485221,635.656814,-635.656814,66.66666667,3,2,-2,0,Mass,,,,,,,,,,,,,0,<a refstr=HAMMOND_ET_AL_2023 href=https://ui.adsabs.harvard.edu/abs/2023MNRAS.522L..51H/abstract target=ref>Hammond et al. 2023</a>,,,,,,,,,,1.85,,,0,,,,,,,,,,<a refstr=STASSUN_ET_AL__2019 href=https://ui.adsabs.harvard.edu/abs/2019AJ....158..138S/abstract target=ref>TICv8</a>,18h24m29.78s,276.1240717,-29d46m49.91s,-29.7805318,113.6,0.833,-0.82,8.156,0.002,-0.002,6.41,0.024,-0.024,8.05449,0.001004,-0.001004,15.03.23,2023-06,15.03.23,0,0.006,6,,953.485221
ROXs 42 B b,ROXs 42 B,1,2,1,Imaging,Cluster/Assoc,A few options,2013,0.003,0.003,-0.003,0.006,Multiple Observatories,Published Confirmed,0,<a refstr=CURRIE_ET_AL__2014 href=https://ui.adsabs.harvard.edu/abs/2014ApJ...787..104C/abstract target=ref> Currie et al. 2014</a>,,,,,157,,,0,,,,#DIV/0!,33.32167832,,,,,2860,953,-953,33.32167832,9,3,-3,0,Mass,,,,,,,,,1975,25,-25,0,0,<a refstr=CURRIE_ET_AL__2014 href=https://ui.adsabs.harvard.edu/abs/2014ApJ...780L..30C/abstract target=ref> Currie et al. 2014 </a>,M0,,,,,,,,,1,,,0,,,,,,,,,,<a refstr=STASSUN_ET_AL__2019 href=https://ui.adsabs.harvard.edu/abs/2019AJ....158..138S/abstract target=ref>TICv8</a>,16h31m15.01s,247.8125493,-24d32m44.08s,-24.545577,143.59,1.542,-1.511,14.661,0.08,-0.08,8.671,0.023,-0.023,13.1164,0.004327,-0.004327,14.05.14,2014-06,14.05.14,0,0.003,3,,2860
1RXS J160929.1-210524 b,1RXS J160929.1-210524,1,1,1,Imaging,Cluster/Assoc,Sco-OB2,2008,0.005,,,0.005,Gemini Observatory,Published Confirmed,0,<a refstr=LACHAPELLE_ET_AL__2015 href=https://ui.adsabs.harvard.edu/abs/2015ApJ...802...61L/abstract target=ref>Lachapelle et al. 2015</a>,,,,,330,,,0,,,,#DIV/0!,10,,,,,3000,300,-300,10,8,1,-1,0,Mass,,,,,,,,,1700,100,-100,0,0,<a refstr=LACHAPELLE_ET_AL__2015 href=https://ui.adsabs.harvard.edu/abs/2015ApJ...802...61L/abstract target=ref>Lachapelle et al. 2015</a>,K7 V,4060,300,-200,0,,,,,0.85,0.2,-0.1,0,,,,,,,,,,<a refstr=STASSUN_ET_AL__2019 href=https://ui.adsabs.harvard.edu/abs/2019AJ....158..138S/abstract target=ref>TICv8</a>,16h09m30.30s,242.3762343,-21d04m59.31s,-21.0831403,139.135,1.332,-1.307,12.618,0.069,-0.069,8.916,0.021,-0.021,12.0572,0.002275,-0.002275,01.04.15,2015-03,01.04.15,0,0.005,5,,3000
AB Aur b,AB Aur,1,1,1,Imaging,Cluster/Assoc,Taurus,2022,0.003,0.002,-0.002,0.005,Subaru Telescope,Published Confirmed,0,<a refstr=CURRIE_ET_AL__2022 href=https://ui.adsabs.harvard.edu/abs/2022NatAs.tmp...76C/abstract target=ref>Currie et al. 2022</a>,,,,,93.9,49.3,-49.3,0,,,,#DIV/0!,0,,,,,2860.45566,,,0,9,,,0,Mass,0.4,0.2,-0.21,0,,,,,,,,,0,<a refstr=CURRIE_ET_AL__2022 href=https://ui.adsabs.harvard.edu/abs/2022NatAs.tmp...76C/abstract target=ref>Currie et al. 2022</a>,,9770,100,-100,0,,,,,2.4,0.2,-0.2,0,,,,,,,,,,<a refstr=STASSUN_ET_AL__2019 href=https://ui.adsabs.harvard.edu/abs/2019AJ....158..138S/abstract target=ref>TICv8</a>,04h55m45.85s,73.9410446,+30d33m03.92s,30.5510888,162.127,1.526,-1.498,7.076,0.042,-0.042,4.23,0.016,-0.016,7.07854,0.001049,-0.001049,12.04.22,2022-04,12.04.22,0,0.003,3,,2860.45566
KOINTREAU-1 b,XEST 17-036,1,1,1,Imaging,,,2026,0.0033,0.0009,-0.0009,0.0042,W. M. Keck Observatory,Published Confirmed,0,<a refstr=WALKER_ET_AL_2026 href=https://ui.adsabs.harvard.edu/abs/2026AJ....171...80W/abstract target=ref>Walker et al. 2026</a>,,,,,690,10,-10,0,,,,#DIV/0!,23.58490566,,,,,3368.981114,794.5710175,-731.0053361,23.58490566,10.6,2.5,-2.3,0,Mass,,,,,,,,,,,,,0,<a refstr=WALKER_ET_AL_2026 href=https://ui.adsabs.harvard.edu/abs/2026AJ....171...80W/abstract target=ref>Walker et al. 2026</a>,M4,3551,59,-59,0,,,,,0.26,0.03,-0.03,0,-0.15,0.01,-0.01,0,[Fe/H],3.44,0.05,-0.05,0,<a refstr=STASSUN_ET_AL__2019 href=https://ui.adsabs.harvard.edu/abs/2019AJ....158..138S/abstract target=ref>TICv8</a>,04h33m26.23s,68.359288,+22d45m29.00s,22.758056,158.618,4.23,-4.02,,,,9.924,0.021,-0.021,16.5081,0.001584,-0.001584,05.02.26,2026-02,05.02.26,0,0.0033,3.3,,3368.981114
CI Tau b,CI Tau,1,1,1,Radial Velocity,Cluster/Assoc,Taurus,2019,0.003,0.001,-0.001,0.004,Multiple Observatories,Published Confirmed,0,<a refstr=FLAGG_ET_AL__2019 href=https://ui.adsabs.harvard.edu/abs/2019arXiv190602860F/abstract target=ref>Flagg et al. 2019</a>,8.9891,0.0202,-0.0202,0,,,,,,,,#DIV/0!,25,,,,,3686.828,921.707,-858.141,25,11.6,2.9,-2.7,0,Mass,0.25,0.16,-0.16,0,,,,,,,,,0,<a refstr=FLAGG_ET_AL__2019 href=https://ui.adsabs.harvard.edu/abs/2019arXiv190602860F/abstract target=ref>Flagg et al. 2019</a>,K7,,,,,,,,,0.9,0.02,-0.02,0,,,,,,,,,,<a refstr=STASSUN_ET_AL__2019 href=https://ui.adsabs.harvard.edu/abs/2019AJ....158..138S/abstract target=ref>TICv8</a>,04h33m52.02s,68.4667685,+22d50m29.83s,22.8416192,157.998,1.198,-1.18,13.642,0.172,-0.172,7.793,0.02,-0.02,12.1454,0.011866,-0.011866,19.06.19,2019-06,27.06.19,0,0.003,3,,3686.828
IRAS 04125+2902 b,IRAS 04125+2902,1,2,1,Transit,Cluster/Assoc,Taurus,2024,0.0033,0.0006,-0.0005,0.0039,Transiting Exoplanet Survey Satellite (TESS),Published Confirmed,0,<a refstr=BARBER_ET_AL__2024 href=https://ui.adsabs.harvard.edu/abs/2024Natur.635..574B/abstract target=ref>Barber et al. 2024</a>,8.834978,0.000028,-0.000028,0,0.077,0.0069,-0.01,0,10.73820351,0.86309151,-0.84067355,8.037578252,#DIV/0!,0.958,0.077,-0.075,0,,,,#DIV/0!,,,,,,,,,,,,,,854,59,-32,0,0,<a refstr=BARBER_ET_AL__2024 href=https://ui.adsabs.harvard.edu/abs/2024Natur.635..574B/abstract target=ref>Barber et al. 2024</a>,,4080,95,-95,0,1.45,0.1,-0.1,0,0.7,0.04,-0.04,0,,,,,,,,,,<a refstr=STASSUN_ET_AL__2019 href=https://ui.adsabs.harvard.edu/abs/2019AJ....158..138S/abstract target=ref>TICv8</a>,04h15m42.80s,63.9283394,+29d09m59.55s,29.166542,159.244,1.711,-1.675,15.642,0.206,-0.206,9.376,0.028,-0.028,13.991,0.001786,-0.001786,10.12.24,2024-11,10.12.24,0,0.0033,3.3,10.73820351,
CFHTWIR-Oph 98 b,CFHTWIR-Oph 98 A,1,1,1,Imaging,Nebula,Rho Ophiuchi cloud complex,2021,0.003,,,0.003,Hubble Space Telescope,Published Confirmed,0,<a refstr=FONTANIVE_ET_AL__2020 href=https://ui.adsabs.harvard.edu/abs/2020ApJ...905L..14F/abstract target=ref>Fontanive et al. 2020</a>,8040000,470000,-470000,0,200,6,-6,0,20.849,0.56,-0.56,2.685980143,8.974358793,1.86,0.05,-0.05,0,2479.06157,222.47988,-254.26273,8.974358793,7.8,0.7,-0.8,0,Mass,,,,,,,,,1800,40,-40,0,0,<a refstr=FONTANIVE_ET_AL__2020 href=https://ui.adsabs.harvard.edu/abs/2020ApJ...905L..14F/abstract target=ref>Fontanive et al. 2020</a>,M9-L1,2320,40,-40,0,0.24,0.01,-0.01,0,0.01,0,0,0,,,,,,3.85,0.01,-0.01,0,<a refstr=STASSUN_ET_AL__2019 href=https://ui.adsabs.harvard.edu/abs/2019AJ....158..138S/abstract target=ref>TICv8</a>,16h27m44.23s,246.934277,-23d58m52.14s,-23.98115,,,,,,,14.593,0.098,-0.098,,,,17.05.21,2020-12,17.05.21,0,0.003,3,20.849,2479.06157
HD 97048 b,HD 97048,1,1,1,Disk Kinematics,Cluster/Assoc,Chamaeleon1,2019,0.003,,,0.003,Atacama Large Millimeter Array (ALMA),Published Confirmed,0,<a refstr=PINTE_ET_AL__2019 href=https://ui.adsabs.harvard.edu/abs/2019NatAs...3.1109P/abstract target=ref>Pinte et al. 2019</a>,,,,,130,,,0,,,,#DIV/0!,20,,,,,794.575,158.915,-158.915,20,2.5,0.5,-0.5,0,Mass,,,,,,,,,,,,,0,<a refstr=PINTE_ET_AL__2019 href=https://ui.adsabs.harvard.edu/abs/2019NatAs...3.1109P/abstract target=ref>Pinte et al. 2019</a>,Be9.5/AO,10000,,,0,2.25,,,0,2.4,,,0,,,,,,,,,,<a refstr=STASSUN_ET_AL__2019 href=https://ui.adsabs.harvard.edu/abs/2019AJ....158..138S/abstract target=ref>TICv8</a>,11h08m03.20s,167.0133422,-77d39m17.47s,-77.654853,183.857,1.331,-1.313,8.44,0.03,-0.03,5.941,0.029,-0.029,8.33867,0.000575,-0.000575,18.10.19,2019-08,24.10.19,0,0.003,3,,794.575
KOINTREAU-3 b,ISO-Oph 96,1,1,1,Imaging,,,2026,0.002,0.001,-0.001,0.003,W. M. Keck Observatory,Published Confirmed,0,<a refstr=WALKER_ET_AL_2026 href=https://ui.adsabs.harvard.edu/abs/2026AJ....171..142W/abstract target=ref>Walker et al. 2026</a>,,,,,342,4,-4,0,,,,#DIV/0!,20.58823529,,,,,1080.616584,222.4798849,-222.4798849,20.58823529,3.4,0.7,-0.7,0,Mass,,,,,,,,,,,,,0,<a refstr=WALKER_ET_AL_2026 href=https://ui.adsabs.harvard.edu/abs/2026AJ....171..142W/abstract target=ref>Walker et al. 2026</a>,K6-M1,3920,70,-70,0,,,,,,,,,-0.05,0.01,-0.01,0,[Fe/H],4.4,0.1,-0.1,0,<a refstr=STASSUN_ET_AL__2019 href=https://ui.adsabs.harvard.edu/abs/2019AJ....158..138S/abstract target=ref>TICv8</a>,16h27m04.51s,246.7687845,-24d43m00.06s,-24.716683,140.563,2.031,-1.975,,,,9.837,0.021,-0.021,16.6016,0.003456,-0.003456,26.02.26,2026-03,26.02.26,0,0.002,2,,1080.616584
2M0437 b,2MASS J04372171+2651014,1,1,1,Imaging,Cluster/Assoc,Taurus,2021,0.0025,0.0004,-0.0004,0.0029,Subaru Telescope,Published Confirmed,0,<a refstr=GAIDOS_ET_AL__2021 href=https://ui.adsabs.harvard.edu/abs/2021MNRAS.tmp.2819G/abstract target=ref>Gaidos et al. 2021</a>,,,,,118,1.3,-1.3,0,,,,#DIV/0!,25,,,,,1271.313628,317.828407,-317.828407,25,4,1,-1,0,Mass,,,,,,,,,1450,50,-50,0,0,<a refstr=GAIDOS_ET_AL__2021 href=https://ui.adsabs.harvard.edu/abs/2021MNRAS.tmp.2819G/abstract target=ref>Gaidos et al. 2021</a>,M V,3100,100,-100,0,0.84,0.11,-0.11,0,0.17,0.01,-0.02,0,0.01,0.05,-0.05,0,[Fe/H],4.5,0.5,-0.5,0,<a refstr=STASSUN_ET_AL__2019 href=https://ui.adsabs.harvard.edu/abs/2019AJ....158..138S/abstract target=ref>TICv8</a>,04h37m21.73s,69.3405531,+26d51m01.08s,26.8502997,128.484,1.196,-1.174,16.186,1.133,-1.133,10.386,0.018,-0.018,14.3374,0.000772,-0.000772,13.12.21,2021-10,13.12.21,0,0.0025,2.5,,1271.313628
V830 Tau b,V830 Tau,1,1,1,Radial Velocity,Cluster/Assoc,Taurus,2016,0.0022,,,0.0022,Multiple Observatories,Published Confirmed,1,<a refstr=DONATI_ET_AL__2017 href=https://ui.adsabs.harvard.edu/abs/2017MNRAS.465.3343D/abstract target=ref>Donati et al. 2017</a>,4.927,0.008,-0.008,0,0.057,0.001,-0.001,0,,,,#DIV/0!,17.14285714,,,,,222.481,38.1396,-38.1396,17.14285714,0.7,0.12,-0.12,0,Mass,,,,,,,,,,,,,0,<a refstr=DONATI_ET_AL__2017 href=https://ui.adsabs.harvard.edu/abs/2017MNRAS.465.3343D/abstract target=ref>Donati et al. 2017</a>,,4250,50,-50,0,2,0.2,-0.2,0,1,0.05,-0.05,0,,,,,,,,,,<a refstr=STASSUN_ET_AL__2019 href=https://ui.adsabs.harvard.edu/abs/2019AJ....158..138S/abstract target=ref>TICv8</a>,04h33m10.04s,68.2918259,+24d33m42.93s,24.5619241,130.111,0.6975,-0.6975,12.23,0.114,-0.114,8.422,0.021,-0.021,11.6928,0.002469,-0.002469,30.11.16,2017-03,01.12.16,0,0.0022,2.2,,222.481
CHXR 73 b,CHXR 73,1,1,1,Imaging,Cluster/Assoc,Chamaeleon1,2006,0.002,,,0.002,Hubble Space Telescope,Published Confirmed,0,<a refstr=LUHMAN_ET_AL__2006 href=https://ui.adsabs.harvard.edu/abs/2006ApJ...649..894L/abstract target=ref> Luhman et al. 2006 </a>,,,,,210,,,0,,,,#DIV/0!,66.66667501,,,,,3994.486,2662.991,-1664.369,66.66667501,12.569,8.379,-5.237,0,Mass,,,,,,,,,,,,,0,<a refstr=LUHMAN_ET_AL__2006 href=https://ui.adsabs.harvard.edu/abs/2006ApJ...649..894L/abstract target=ref> Luhman et al. 2006 </a>,M3.5,,,,,,,,,0.35,,,0,,,,,,,,,,<a refstr=STASSUN_ET_AL__2019 href=https://ui.adsabs.harvard.edu/abs/2019AJ....158..138S/abstract target=ref>TICv8</a>,11h06m28.66s,166.6193985,-77d37m33.14s,-77.6258725,190.374,6.647,-6.22,,,,10.703,0.023,-0.023,17.2934,0.001396,-0.001396,14.05.14,2006-10,14.05.14,0,0.002,2,,3994.486
V830 Tau b,V830 Tau,1,1,1,Radial Velocity,Cluster/Assoc,Taurus,2016,0.002,,,0.002,Multiple Observatories,Published Confirmed,1,<a refstr=DONATI_ET_AL__2017 href=https://ui.adsabs.harvard.edu/abs/2017MNRAS.465.3343D/abstract target=ref>Donati et al. 2017</a>,4.927,0.008,-0.008,0,0.057,0.001,-0.001,0,,,,#DIV/0!,17.14285714,,,,,222.481,38.1396,-38.1396,17.14285714,0.7,0.12,-0.12,0,Mass,,,,,,,,,,,,,0,<a refstr=DONATI_ET_AL__2017 href=https://ui.adsabs.harvard.edu/abs/2017MNRAS.465.3343D/abstract target=ref>Donati et al. 2017</a>,,4250,50,-50,0,2,0.2,-0.2,0,1,0.05,-0.05,0,,,,,,,,,,<a refstr=STASSUN_ET_AL__2019 href=https://ui.adsabs.harvard.edu/abs/2019AJ....158..138S/abstract target=ref>TICv8</a>,04h33m10.04s,68.2918259,+24d33m42.93s,24.5619241,130.111,0.6975,-0.6975,12.23,0.114,-0.114,8.422,0.021,-0.021,11.6928,0.002469,-0.002469,30.11.16,2017-03,01.12.16,0,0.002,2,,222.481
2MASS J04414489+2301513 b,2MASS J04414489+2301513,1,1,1,Imaging,Cluster/Assoc,Taurus,2010,0.001,,,0.001,Hubble Space Telescope,Published Confirmed,0,<a refstr=TODOROV_ET_AL__2010 href=https://ui.adsabs.harvard.edu/abs/2010ApJ...714L..84T/abstract target=ref> Todorov et al. 2010 </a>,,,,,15,,,0,,,,#DIV/0!,33.33193489,,,,,2383.6,794.5,-794.5,33.33193489,7.5,2.5,-2.5,0,Mass,,,,,,,,,,,,,0,<a refstr=TODOROV_ET_AL__2010 href=https://ui.adsabs.harvard.edu/abs/2010ApJ...714L..84T/abstract target=ref> Todorov et al. 2010 </a>,M8.5,,,,,,,,,0.02,,,0,,,,,,,,,,<a refstr=STASSUN_ET_AL__2019 href=https://ui.adsabs.harvard.edu/abs/2019AJ....158..138S/abstract target=ref>TICv8</a>,04h41m44.91s,70.4371079,+23d01m51.08s,23.0308544,,,,,,,13.161,0.025,-0.025,18.9668,0.006833,-0.006833,14.05.14,2010-05,14.05.14,0,0.001,1,,2383.6
2MASS J04414489+2301513 b,2MASS J04414489+2301513,1,1,1,Imaging,,,2010,0.001,,,0.001,Hubble Space Telescope,Published Confirmed,0,<a refstr=TODOROV_ET_AL__2010 href=https://ui.adsabs.harvard.edu/abs/2010ApJ...714L..84T/abstract target=ref> Todorov et al. 2010 </a>,,,,,15,,,0,,,,#DIV/0!,33.33193489,,,,,2383.6,794.5,-794.5,33.33193489,7.5,2.5,-2.5,0,Mass,,,,,,,,,,,,,0,<a refstr=TODOROV_ET_AL__2010 href=https://ui.adsabs.harvard.edu/abs/2010ApJ...714L..84T/abstract target=ref> Todorov et al. 2010 </a>,M8.5,,,,,,,,,0.019,,,0,,,,,,,,,,<a refstr=STASSUN_ET_AL__2019 href=https://ui.adsabs.harvard.edu/abs/2019AJ....158..138S/abstract target=ref>TICv8</a>,04h41m44.91s,70.4371079,+23d01m51.08s,23.0308544,,,,,,,13.161,0.025,-0.025,18.9668,0.006833,-0.006833,14.05.14,2010-05,14.05.14,0,0.001,1,,2383.6
DH Tau b,DH Tau,1,1,1,Imaging,Cluster/Assoc,Taurus,2004,0.001,,,0.001,Subaru Telescope,Published Confirmed,0,<a refstr=PATIENCE_ET_AL__2012 href=https://ui.adsabs.harvard.edu/abs/2012A%26A...540A..85P/abstract target=ref> Patience et al. 2012 </a>,,,,,330,,,0,,,,#DIV/0!,90.90389016,,,,,3496,3178,-953,90.90389016,11,10,-3,0,Mass,,,,,,,,,,,,,0,<a refstr=PATIENCE_ET_AL__2012 href=https://ui.adsabs.harvard.edu/abs/2012A%26A...540A..85P/abstract target=ref> Patience et al. 2012 </a>,M0.5,,,,,0.27,0.07,-0.07,0,0.33,,,0,,,,,,,,,,<a refstr=STASSUN_ET_AL__2019 href=https://ui.adsabs.harvard.edu/abs/2019AJ....158..138S/abstract target=ref>TICv8</a>,04h29m41.56s,67.4231674,+26d32m57.80s,26.5493897,134.846,1.282,-1.258,13.98,1.133,-1.133,8.178001,0.026,-0.026,12.4961,0.008997,-0.008997,14.05.14,2012-04,14.05.14,0,0.001,1,,3496
Luke's Kepler sample:,,"N.b. I have included all of Luke's Kepler sample which had ages upper ages reliably less than 1Gyr, had consistent lithium and rotation ages and have High resolution spectra",,,,,,,,,,,,,,,,,,,,,,,,,,,,,,,,,,,,,,,,,,,,,,,,,,,,,,,,,,,,,,,,,,,,,,,,,,,,,,,,,,,,,,,,,,,,,,,,,,,0,,
Kepler-1410 b,Kepler-1410,1,1,1,Transit,,,2016,0.523,0.612,-0.196,1.135,Kepler,Published Confirmed,0,<a refstr=MORTON_ET_AL__2016 href=https://ui.adsabs.harvard.edu/abs/2016ApJ...822...86M/abstract target=ref>Morton et al. 2016</a>,60.866168,0.0005161,-0.0005161,0,,,,,1.78,0.12,-0.14,6.741573034,,0.15880096,0.01070568,-0.01248996,0,,,,,,,,,,,,,,,,,,,,,,0,<a refstr=MORTON_ET_AL__2016 href=https://ui.adsabs.harvard.edu/abs/2016ApJ...822...86M/abstract target=ref>Morton et al. 2016</a>,,4092,100.24,-77.85,0,0.6,0.031,-0.035,0,0.63,0.036,-0.039,0,0.01,0.152,-0.152,0,[Fe/H],4.67,0.026,-0.023,0,<a refstr=STASSUN_ET_AL__2019 href=https://ui.adsabs.harvard.edu/abs/2019AJ....158..138S/abstract target=ref>TICv8</a>,19h22m02.47s,290.5102933,+38d44m36.60s,38.743501,,,,16.319,0.115,-0.115,12.767,0.037,-0.037,15.9484,0.010915,-0.010915,06.05.16,2016-05,10.05.16,1,0.523,523,1.78,
Kepler-210 b,Kepler-210,1,1,2,Transit,,,2014,0.828,0.271,-0.252,1.099,Kepler,Published Confirmed,0,<a refstr=ROWE_ET_AL__2014 href=https://ui.adsabs.harvard.edu/abs/2014ApJ...784...45R/abstract target=ref> Rowe et al. 2014</a>,2.453234,1.00E-06,-1.00E-06,0,0.032,,,0,2.94,0.21,-0.21,7.142857143,,0.262,0.019,-0.019,0,,,,,,,,,,,,,,,,,,,,,,0,<a refstr=ROWE_ET_AL__2014 href=https://ui.adsabs.harvard.edu/abs/2014ApJ...784...45R/abstract target=ref> Rowe et al. 2014</a>,,4559,100,-100,0,0.65,0.033,-0.033,0,,,,,,,,,,4.663,0.15,-0.15,0,<a refstr=STASSUN_ET_AL__2019 href=https://ui.adsabs.harvard.edu/abs/2019AJ....158..138S/abstract target=ref>TICv8</a>,19h30m00.82s,292.5034196,+43d04m59.59s,43.0832188,232.75,0.827,-0.827,14.126,0.137,-0.137,11.313,0.016,-0.016,13.8043,0.000531,-0.000531,14.05.14,2014-03,14.05.14,1,0.828,828,2.94,
Kepler-210 c,Kepler-210,1,1,2,Transit,,,2014,0.828,0.271,-0.252,1.099,Kepler,Published Confirmed,0,<a refstr=ROWE_ET_AL__2014 href=https://ui.adsabs.harvard.edu/abs/2014ApJ...784...45R/abstract target=ref> Rowe et al. 2014</a>,7.972513,3.00E-06,-3.00E-06,0,0.07,,,0,3.62,0.19,-0.19,5.248618785,,0.323,0.017,-0.017,0,,,,,,,,,,,,,,,,,,,,,,1,<a refstr=ROWE_ET_AL__2014 href=https://ui.adsabs.harvard.edu/abs/2014ApJ...784...45R/abstract target=ref> Rowe et al. 2014</a>,,4559,100,-100,0,0.65,0.033,-0.033,0,,,,,,,,,,4.663,0.15,-0.15,0,<a refstr=STASSUN_ET_AL__2019 href=https://ui.adsabs.harvard.edu/abs/2019AJ....158..138S/abstract target=ref>TICv8</a>,19h30m00.82s,292.5034196,+43d04m59.59s,43.0832188,232.75,0.827,-0.827,14.126,0.137,-0.137,11.313,0.016,-0.016,13.8043,0.000531,-0.000531,14.05.14,2014-03,14.05.14,1,0.828,828,3.62,
Kepler-1853 b,Kepler-1853,1,1,1,Transit,,,2021,0.83,0.196,-0.2,1.026,Kepler,Published Confirmed,0,<a refstr=VALIZADEGAN_ET_AL__2022 href=https://ui.adsabs.harvard.edu/abs/2022ApJ...926..120V/abstract target=ref>Valizadegan et al. 2022</a>,48.88819885,,,0,,,,,1.51862272,,,0,,0.13548268,,,0,,,,,,,,,,,,,,,,,,,,,,0,<a refstr=Q1_Q17_DR25_KOI_TABLE href=https://exoplanetarchive.ipac.caltech.edu/docs/Kepler_KOI_docs.html target=ref>Q1-Q17 DR25 KOI Table</a>,,4821,76,-76,0,0.788,0.027,-0.046,0,0.765,0.051,-0.028,0,0.16,0.15,-0.15,0,[Fe/H],4.529,0.06,-0.02,0,<a refstr=STASSUN_ET_AL__2019 href=https://ui.adsabs.harvard.edu/abs/2019AJ....158..138S/abstract target=ref>TICv8</a>,18h58m59.49s,284.7478834,+46d22m24.75s,46.3735415,562.348,8.673,-8.418,15.229,0.149,-0.149,12.776,0.031,-0.031,15.0482,0.000504,-0.000504,05.12.21,2022-02,05.12.21,1,0.83,830,1.51862272,
Kepler-1995 b,Kepler-1995,1,1,1,Transit,,,2023,0.772,0.213,-0.194,0.985,Kepler,Kepler Project Candidate (q1_q17_dr25_koi),0,<a refstr=Q1_Q17_DR25_KOI_TABLE href=https://exoplanetarchive.ipac.caltech.edu/docs/Kepler_KOI_docs.html target=ref>Q1-Q17 DR25 KOI Table</a>,73.7578875,0.0004304,-0.0004304,0,0.3259,,,0,4.28,2.21,-0.66,51.63551402,,0.38183668,0.19716333,-0.05888136,0,,,,,,,,,,0,,,0,4.66,7.81,-1.77,0,375,,,0,0,<a refstr=Q1_Q17_DR25_KOI_TABLE href=https://exoplanetarchive.ipac.caltech.edu/docs/Kepler_KOI_docs.html target=ref>Q1-Q17 DR25 KOI Table</a>,,5029,192,-174,0,0.93,0.481,-0.144,0,0.847,0.068,-0.049,0,0.48,0.05,-0.25,0,[Fe/H],4.429,0.13,-0.416,0,<a refstr=STASSUN_ET_AL__2019 href=https://ui.adsabs.harvard.edu/abs/2019AJ....158..138S/abstract target=ref>TICv8</a>,18h57m22.25s,284.342725,+46d18m59.73s,46.3165907,595.331,9.508,-9.22,15.516,0.195,-0.195,13.016,0.032,-0.032,15.1988,0.000516,-0.000516,08.05.17,31.08.17 00:00,08.05.17,1,0.772,772,4.28,
Kepler-954 b,Kepler-954,1,1,1,Transit,,,2016,0.727,0.222,-0.184,0.949,Kepler,Published Confirmed,0,<a refstr=MORTON_ET_AL__2016 href=https://ui.adsabs.harvard.edu/abs/2016ApJ...822...86M/abstract target=ref>Morton et al. 2016</a>,16.78176602,1.59E-05,-1.59E-05,0,,,,,2.32,0.05,-0.11,2.155172414,,0.20697654,0.0044607,-0.00981354,0,,,,,,,,,,,,,,,,,,,,,,0,<a refstr=MORTON_ET_AL__2016 href=https://ui.adsabs.harvard.edu/abs/2016ApJ...822...86M/abstract target=ref>Morton et al. 2016</a>,,4990,61.28,-69.8,0,0.76,0.017,-0.018,0,0.82,0.024,-0.032,0,0.02,0.105,-0.101,0,[Fe/H],4.59,0.011,-0.017,0,<a refstr=STASSUN_ET_AL__2019 href=https://ui.adsabs.harvard.edu/abs/2019AJ....158..138S/abstract target=ref>TICv8</a>,19h43m26.26s,295.8594318,+47d56m22.56s,47.9396001,215.814,1.148,-1.135,13.095,0.069,-0.069,10.84,0.017,-0.017,12.9432,0.000458,-0.000458,06.05.16,2016-05,10.05.16,1,0.727,727,2.32,
Kepler-986 b,Kepler-986,1,1,1,Transit,,,2016,0.832,0.113,-0.087,0.945,Kepler,Published Confirmed,0,<a refstr=MORTON_ET_AL__2016 href=https://ui.adsabs.harvard.edu/abs/2016ApJ...822...86M/abstract target=ref>Morton et al. 2016</a>,56.4349938,0.0001446,-0.0001446,0,,,,,2.36,0.29,-0.19,12.28813559,,0.2105451,0.02587207,-0.01695066,0,,,,,,,,,,,,,,,,,,,,,,0,<a refstr=MORTON_ET_AL__2016 href=https://ui.adsabs.harvard.edu/abs/2016ApJ...822...86M/abstract target=ref>Morton et al. 2016</a>,,5642,74.24,-60.93,0,0.98,0.118,-0.077,0,0.96,0.038,-0.036,0,0.04,0.096,-0.101,0,[Fe/H],4.43,0.078,-0.1,0,<a refstr=STASSUN_ET_AL__2019 href=https://ui.adsabs.harvard.edu/abs/2019AJ....158..138S/abstract target=ref>TICv8</a>,19h32m22.57s,293.0940391,+42d53m47.20s,42.8964457,548.364,5.8855,-5.8855,13.69,0.08,-0.08,12.107,0.025,-0.025,13.6421,0.00021,-0.00021,06.05.16,2016-05,10.05.16,1,0.832,832,2.36,
Kepler-360 b,Kepler-360,1,1,2,Transit,,,2014,0.858,0.08,-0.076,0.938,Kepler,Published Confirmed,0,<a refstr=ROWE_ET_AL__2014 href=https://ui.adsabs.harvard.edu/abs/2014ApJ...784...45R/abstract target=ref> Rowe et al. 2014</a>,3.289672,1.20E-05,-1.20E-05,0,0.044,,,0,1.65,0.78,-0.78,47.27272727,,0.147,0.07,-0.07,0,,,,,,,,,,,,,,,,,,,,,,0,<a refstr=ROWE_ET_AL__2014 href=https://ui.adsabs.harvard.edu/abs/2014ApJ...784...45R/abstract target=ref> Rowe et al. 2014</a>,,6053,200,-200,0,1.058,0.501,-0.501,0,,,,,,,,,,4.423,0.3,-0.3,0,<a refstr=STASSUN_ET_AL__2019 href=https://ui.adsabs.harvard.edu/abs/2019AJ....158..138S/abstract target=ref>TICv8</a>,19h05m08.33s,286.2847077,+44d46m53.69s,44.7815817,876.044,15.581,-15.054,15.011,0.126,-0.126,13.228,0.03,-0.03,14.8128,0.000546,-0.000546,14.05.14,2014-03,14.05.14,1,0.858,858,1.65,
Kepler-360 c,Kepler-360,1,1,2,Transit,,,2014,0.858,0.08,-0.076,0.938,Kepler,Published Confirmed,0,<a refstr=ROWE_ET_AL__2014 href=https://ui.adsabs.harvard.edu/abs/2014ApJ...784...45R/abstract target=ref> Rowe et al. 2014</a>,7.186434,2.90E-05,-2.90E-05,0,0.075,,,0,2.1,1,-1,47.61904762,,0.187,0.089,-0.089,0,,,,,,,,,,,,,,,,,,,,,,0,<a refstr=ROWE_ET_AL__2014 href=https://ui.adsabs.harvard.edu/abs/2014ApJ...784...45R/abstract target=ref> Rowe et al. 2014</a>,,6053,200,-200,0,1.058,0.501,-0.501,0,,,,,,,,,,4.423,0.3,-0.3,0,<a refstr=STASSUN_ET_AL__2019 href=https://ui.adsabs.harvard.edu/abs/2019AJ....158..138S/abstract target=ref>TICv8</a>,19h05m08.33s,286.2847077,+44d46m53.69s,44.7815817,876.044,15.581,-15.054,15.011,0.126,-0.126,13.228,0.03,-0.03,14.8128,0.000546,-0.000546,14.05.14,2014-03,14.05.14,1,0.858,858,2.1,
Kepler-964 b,Kepler-964,1,1,1,Transit,,,2016,0.839,0.097,-0.101,0.936,Kepler,Published Confirmed,0,<a refstr=MORTON_ET_AL__2016 href=https://ui.adsabs.harvard.edu/abs/2016ApJ...822...86M/abstract target=ref>Morton et al. 2016</a>,13.5225106,2.26E-05,-2.26E-05,0,,,,,2.12,0.09,-0.07,4.245283019,,0.18913373,0.00802926,-0.00624498,0,,,,,,,,,,,,,,,,,,,,,,0,<a refstr=MORTON_ET_AL__2016 href=https://ui.adsabs.harvard.edu/abs/2016ApJ...822...86M/abstract target=ref>Morton et al. 2016</a>,,5427,78.18,-75.15,0,0.84,0.021,-0.024,0,0.93,0.027,-0.03,0,0.03,0.103,-0.103,0,[Fe/H],4.55,0.012,-0.014,0,<a refstr=STASSUN_ET_AL__2019 href=https://ui.adsabs.harvard.edu/abs/2019AJ....158..138S/abstract target=ref>TICv8</a>,19h41m12.02s,295.300065,+40d33m23.69s,40.5565792,454.626,4.5565,-4.5565,14.061,0.08,-0.08,12.139,0.021,-0.021,13.9025,0.000618,-0.000618,06.05.16,2016-05,10.05.16,1,0.839,839,2.12,
Kepler-1943 b,Kepler-1943,1,1,1,Transit,,,2021,0.409,0.52,-0.254,0.929,Kepler,Published Confirmed,0,<a refstr=VALIZADEGAN_ET_AL__2022 href=https://ui.adsabs.harvard.edu/abs/2022ApJ...926..120V/abstract target=ref>Valizadegan et al. 2022</a>,4.850180149,,,0,,,,,1.54869189,,,0,,0.13816527,,,0,,,,,,,,,,,,,,,,,,,,,,0,<a refstr=Q1_Q17_DR25_KOI_TABLE href=https://exoplanetarchive.ipac.caltech.edu/docs/Kepler_KOI_docs.html target=ref>Q1-Q17 DR25 KOI Table</a>,,6032,168,-210,0,0.973,0.315,-0.105,0,1.055,0.139,-0.139,0,-0.06,0.25,-0.3,0,[Fe/H],4.485,0.054,-0.216,0,<a refstr=STASSUN_ET_AL__2019 href=https://ui.adsabs.harvard.edu/abs/2019AJ....158..138S/abstract target=ref>TICv8</a>,19h33m16.39s,293.3182976,+41d07m00.01s,41.1166697,1004.55,17.1385,-17.1385,13.868,0.092,-0.092,12.252,0.023,-0.023,13.7453,0.000231,-0.000231,05.12.21,2022-02,05.12.21,1,0.409,409,1.54869189,
Kepler-326 b,Kepler-326,1,1,3,Transit,,,2014,0.724,0.108,-0.103,0.832,Kepler,Published Confirmed,0,<a refstr=ROWE_ET_AL__2014 href=https://ui.adsabs.harvard.edu/abs/2014ApJ...784...45R/abstract target=ref> Rowe et al. 2014</a>,2.248329,4.00E-06,-4.00E-06,0,0.032,,,0,1.52,0.16,-0.16,10.52631579,,0.136,0.014,-0.014,0,,,,,,,,,,,,,,,,,,,,,,0,<a refstr=ROWE_ET_AL__2014 href=https://ui.adsabs.harvard.edu/abs/2014ApJ...784...45R/abstract target=ref> Rowe et al. 2014</a>,,5105,100,-100,0,0.801,0.052,-0.052,0,,,,,,,,,,4.556,0.15,-0.15,0,<a refstr=STASSUN_ET_AL__2019 href=https://ui.adsabs.harvard.edu/abs/2019AJ....158..138S/abstract target=ref>TICv8</a>,19h37m18.14s,294.3255898,+46d00m08.15s,46.0022646,487.675,10.683,-10.683,13.734,0.069,-0.069,11.673,0.019,-0.019,13.6788,0.000311,-0.000311,14.05.14,2014-03,14.05.14,1,0.724,724,1.52,
Kepler-326 c,Kepler-326,1,1,3,Transit,,,2014,0.724,0.108,-0.103,0.832,Kepler,Published Confirmed,0,<a refstr=ROWE_ET_AL__2014 href=https://ui.adsabs.harvard.edu/abs/2014ApJ...784...45R/abstract target=ref> Rowe et al. 2014</a>,4.580358,1.00E-05,-1.00E-05,0,0.051,,,0,1.4,0.1,-0.1,7.142857143,,0.125,0.009,-0.009,0,,,,,,,,,,,,,,,,,,,,,,0,<a refstr=ROWE_ET_AL__2014 href=https://ui.adsabs.harvard.edu/abs/2014ApJ...784...45R/abstract target=ref> Rowe et al. 2014</a>,,5105,100,-100,0,0.801,0.052,-0.052,0,,,,,,,,,,4.556,0.15,-0.15,0,<a refstr=STASSUN_ET_AL__2019 href=https://ui.adsabs.harvard.edu/abs/2019AJ....158..138S/abstract target=ref>TICv8</a>,19h37m18.14s,294.3255898,+46d00m08.15s,46.0022646,487.675,10.683,-10.683,13.734,0.069,-0.069,11.673,0.019,-0.019,13.6788,0.000311,-0.000311,14.05.14,2014-03,14.05.14,1,0.724,724,1.4,
Kepler-326 d,Kepler-326,1,1,3,Transit,,,2014,0.724,0.108,-0.103,0.832,Kepler,Published Confirmed,0,<a refstr=ROWE_ET_AL__2014 href=https://ui.adsabs.harvard.edu/abs/2014ApJ...784...45R/abstract target=ref> Rowe et al. 2014</a>,6.766888,2.30E-05,-2.30E-05,0,0.066,,,0,1.21,0.09,-0.09,7.438016529,,0.108,0.008,-0.008,0,,,,,,,,,,,,,,,,,,,,,,0,<a refstr=ROWE_ET_AL__2014 href=https://ui.adsabs.harvard.edu/abs/2014ApJ...784...45R/abstract target=ref> Rowe et al. 2014</a>,,5105,100,-100,0,0.801,0.052,-0.052,0,,,,,,,,,,4.556,0.15,-0.15,0,<a refstr=STASSUN_ET_AL__2019 href=https://ui.adsabs.harvard.edu/abs/2019AJ....158..138S/abstract target=ref>TICv8</a>,19h37m18.14s,294.3255898,+46d00m08.15s,46.0022646,487.675,10.683,-10.683,13.734,0.069,-0.069,11.673,0.019,-0.019,13.6788,0.000311,-0.000311,14.05.14,2014-03,14.05.14,1,0.724,724,1.21,
Kepler-221 b,Kepler-221,1,1,4,Transit,,,2014,0.636,0.12,-0.115,0.756,Kepler,Published Confirmed,0,<a refstr=ROWE_ET_AL__2014 href=https://ui.adsabs.harvard.edu/abs/2014ApJ...784...45R/abstract target=ref> Rowe et al. 2014</a>,2.795906,4.00E-06,-4.00E-06,0,0.037,,,0,1.71,0.17,-0.17,9.941520468,,0.153,0.015,-0.015,0,,,,,,,,,,,,,,,,,,,,,,0,<a refstr=ROWE_ET_AL__2014 href=https://ui.adsabs.harvard.edu/abs/2014ApJ...784...45R/abstract target=ref> Rowe et al. 2014</a>,,5243,100,-100,0,0.821,0.075,-0.075,0,,,,,,,,,,4.543,0.15,-0.15,0,<a refstr=STASSUN_ET_AL__2019 href=https://ui.adsabs.harvard.edu/abs/2019AJ....158..138S/abstract target=ref>TICv8</a>,19h46m37.14s,296.6547477,+46d50m06.81s,46.8352242,385.231,2.8335,-2.8335,13.97,0.149,-0.149,11.9,0.019,-0.019,13.7486,0.000508,-0.000508,14.05.14,2014-03,14.05.14,1,0.636,636,1.71,
Kepler-221 c,Kepler-221,1,1,4,Transit,,,2014,0.636,0.12,-0.115,0.756,Kepler,Published Confirmed,0,<a refstr=ROWE_ET_AL__2014 href=https://ui.adsabs.harvard.edu/abs/2014ApJ...784...45R/abstract target=ref> Rowe et al. 2014</a>,5.690586,4.00E-06,-4.00E-06,0,0.059,,,0,2.93,0.27,-0.27,9.215017065,,0.261,0.024,-0.024,0,,,,,,,,,,,,,,,,,,,,,,0,<a refstr=ROWE_ET_AL__2014 href=https://ui.adsabs.harvard.edu/abs/2014ApJ...784...45R/abstract target=ref> Rowe et al. 2014</a>,,5243,100,-100,0,0.821,0.075,-0.075,0,,,,,,,,,,4.543,0.15,-0.15,0,<a refstr=STASSUN_ET_AL__2019 href=https://ui.adsabs.harvard.edu/abs/2019AJ....158..138S/abstract target=ref>TICv8</a>,19h46m37.14s,296.6547477,+46d50m06.81s,46.8352242,385.231,2.8335,-2.8335,13.97,0.149,-0.149,11.9,0.019,-0.019,13.7486,0.000508,-0.000508,14.05.14,2014-03,14.05.14,1,0.636,636,2.93,
Kepler-221 d,Kepler-221,1,1,4,Transit,,,2014,0.636,0.12,-0.115,0.756,Kepler,Published Confirmed,0,<a refstr=ROWE_ET_AL__2014 href=https://ui.adsabs.harvard.edu/abs/2014ApJ...784...45R/abstract target=ref> Rowe et al. 2014</a>,10.04156,1.10E-05,-1.10E-05,0,0.087,,,0,2.73,0.25,-0.25,9.157509158,,0.244,0.022,-0.022,0,,,,,,,,,,,,,,,,,,,,,,0,<a refstr=ROWE_ET_AL__2014 href=https://ui.adsabs.harvard.edu/abs/2014ApJ...784...45R/abstract target=ref> Rowe et al. 2014</a>,,5243,100,-100,0,0.821,0.075,-0.075,0,,,,,,,,,,4.543,0.15,-0.15,0,<a refstr=STASSUN_ET_AL__2019 href=https://ui.adsabs.harvard.edu/abs/2019AJ....158..138S/abstract target=ref>TICv8</a>,19h46m37.14s,296.6547477,+46d50m06.81s,46.8352242,385.231,2.8335,-2.8335,13.97,0.149,-0.149,11.9,0.019,-0.019,13.7486,0.000508,-0.000508,14.05.14,2014-03,14.05.14,1,0.636,636,2.73,
Kepler-221 e,Kepler-221,1,1,4,Transit,,,2014,0.636,0.12,-0.115,0.756,Kepler,Published Confirmed,0,<a refstr=ROWE_ET_AL__2014 href=https://ui.adsabs.harvard.edu/abs/2014ApJ...784...45R/abstract target=ref> Rowe et al. 2014</a>,18.369917,2.90E-05,-2.90E-05,0,0.13,,,0,2.63,0.25,-0.25,9.505703422,,0.235,0.022,-0.022,0,,,,,,,,,,,,,,,,,,,,,,1,<a refstr=ROWE_ET_AL__2014 href=https://ui.adsabs.harvard.edu/abs/2014ApJ...784...45R/abstract target=ref> Rowe et al. 2014</a>,,5243,100,-100,0,0.821,0.075,-0.075,0,,,,,,,,,,4.543,0.15,-0.15,0,<a refstr=STASSUN_ET_AL__2019 href=https://ui.adsabs.harvard.edu/abs/2019AJ....158..138S/abstract target=ref>TICv8</a>,19h46m37.14s,296.6547477,+46d50m06.81s,46.8352242,385.231,2.8335,-2.8335,13.97,0.149,-0.149,11.9,0.019,-0.019,13.7486,0.000508,-0.000508,14.05.14,2014-03,14.05.14,1,0.636,636,2.63,
Kepler-1066 b,Kepler-1066,1,1,1,Transit,,,2016,0.588,0.158,-0.085,0.746,Kepler,Published Confirmed,0,<a refstr=MORTON_ET_AL__2016 href=https://ui.adsabs.harvard.edu/abs/2016ApJ...822...86M/abstract target=ref>Morton et al. 2016</a>,1.931559839,1.57E-06,-1.57E-06,0,,,,,2.36,0.5,-0.33,21.18644068,,0.2105451,0.04460701,-0.02944063,0,,,,,,,,,,,,,,,,,,,,,,0,<a refstr=MORTON_ET_AL__2016 href=https://ui.adsabs.harvard.edu/abs/2016ApJ...822...86M/abstract target=ref>Morton et al. 2016</a>,,5762,287.38,-209.47,0,0.98,0.205,-0.107,0,0.98,0.108,-0.072,0,-0.03,0.143,-0.183,0,[Fe/H],4.45,0.08,-0.138,0,<a refstr=STASSUN_ET_AL__2019 href=https://ui.adsabs.harvard.edu/abs/2019AJ....158..138S/abstract target=ref>TICv8</a>,19h55m27.99s,298.866621,+46d30m08.04s,46.5022325,344.251,2.536,-2.499,13.115,0.08,-0.08,11.362,0.02,-0.02,13.0239,0.000898,-0.000898,06.05.16,2016-05,10.05.16,1,0.588,588,2.36,
Kepler-1792 b,Kepler-1792,1,1,1,Transit,,,2021,0.587,0.155,-0.144,0.742,Kepler,Published Confirmed,0,<a refstr=VALIZADEGAN_ET_AL__2022 href=https://ui.adsabs.harvard.edu/abs/2022ApJ...926..120V/abstract target=ref>Valizadegan et al. 2022</a>,4.1957798,,,0,,,,,2.51990972,,,0,,0.22481167,,,0,,,,,,,,,,,,,,,,,,,,,,0,<a refstr=Q1_Q17_DR25_KOI_TABLE href=https://exoplanetarchive.ipac.caltech.edu/docs/Kepler_KOI_docs.html target=ref>Q1-Q17 DR25 KOI Table</a>,,5229,183,-183,0,1.005,0.328,-0.177,0,0.878,0.081,-0.061,0,0.32,0.15,-0.25,0,[Fe/H],4.378,0.16,-0.24,0,<a refstr=STASSUN_ET_AL__2019 href=https://ui.adsabs.harvard.edu/abs/2019AJ....158..138S/abstract target=ref>TICv8</a>,19h39m21.62s,294.8400788,+39d05m09.51s,39.0859757,601.029,9.824,-9.519,15.566,0.195,-0.195,13.132,0.034,-0.034,15.1726,0.000508,-0.000508,05.12.21,2022-02,05.12.21,1,0.587,587,2.51990972,
Kepler-349 b,Kepler-349,1,1,2,Transit,,,2014,0.617,0.103,-0.072,0.72,Kepler,Published Confirmed,0,<a refstr=ROWE_ET_AL__2014 href=https://ui.adsabs.harvard.edu/abs/2014ApJ...784...45R/abstract target=ref> Rowe et al. 2014</a>,5.929778,2.00E-05,-2.00E-05,0,0.065,,,0,1.9,0.72,-0.72,37.89473684,,0.17,0.064,-0.064,0,,,,,,,,,,,,,,,,,,,,,,0,<a refstr=ROWE_ET_AL__2014 href=https://ui.adsabs.harvard.edu/abs/2014ApJ...784...45R/abstract target=ref> Rowe et al. 2014</a>,,5956,200,-200,0,0.927,0.349,-0.349,0,,,,,,,,,,4.518,0.3,-0.3,0,<a refstr=STASSUN_ET_AL__2019 href=https://ui.adsabs.harvard.edu/abs/2019AJ....158..138S/abstract target=ref>TICv8</a>,19h34m42.35s,293.6764689,+44d36m56.15s,44.6155972,940.724,18.79,-18.79,14.915,0.103,-0.103,13.176,0.032,-0.032,14.7211,0.00065,-0.00065,14.05.14,2014-03,14.05.14,1,0.617,617,1.9,
Kepler-349 c,Kepler-349,1,1,2,Transit,,,2014,0.617,0.103,-0.072,0.72,Kepler,Published Confirmed,0,<a refstr=ROWE_ET_AL__2014 href=https://ui.adsabs.harvard.edu/abs/2014ApJ...784...45R/abstract target=ref> Rowe et al. 2014</a>,12.247629,6.30E-05,-6.30E-05,0,0.105,,,0,1.96,0.74,-0.74,37.75510204,,0.175,0.066,-0.066,0,,,,,,,,,,,,,,,,,,,,,,0,<a refstr=ROWE_ET_AL__2014 href=https://ui.adsabs.harvard.edu/abs/2014ApJ...784...45R/abstract target=ref> Rowe et al. 2014</a>,,5956,200,-200,0,0.927,0.349,-0.349,0,,,,,,,,,,4.518,0.3,-0.3,0,<a refstr=STASSUN_ET_AL__2019 href=https://ui.adsabs.harvard.edu/abs/2019AJ....158..138S/abstract target=ref>TICv8</a>,19h34m42.35s,293.6764689,+44d36m56.15s,44.6155972,940.724,18.79,-18.79,14.915,0.103,-0.103,13.176,0.032,-0.032,14.7211,0.00065,-0.00065,14.05.14,2014-03,14.05.14,1,0.617,617,1.96,
Kepler-1877 b,Kepler-1877,1,1,1,Transit,,,2021,0.624,0.069,-0.065,0.693,Kepler,Published Confirmed,0,<a refstr=VALIZADEGAN_ET_AL__2022 href=https://ui.adsabs.harvard.edu/abs/2022ApJ...926..120V/abstract target=ref>Valizadegan et al. 2022</a>,2.377569914,,,0,,,,,0.624086,,,0,,0.05567732,,,0,,,,,,,,,,,,,,,,,,,,,,0,<a refstr=Q1_Q17_DR25_KOI_TABLE href=https://exoplanetarchive.ipac.caltech.edu/docs/Kepler_KOI_docs.html target=ref>Q1-Q17 DR25 KOI Table</a>,,5615,101,-123,0,0.936,0.132,-0.047,0,1.022,0.043,-0.074,0,0.24,0.15,-0.15,0,[Fe/H],4.505,0.03,-0.12,0,<a refstr=STASSUN_ET_AL__2019 href=https://ui.adsabs.harvard.edu/abs/2019AJ....158..138S/abstract target=ref>TICv8</a>,19h39m28.06s,294.866924,+46d47m25.73s,46.7904816,285.312,1.865,-1.841,12.29,0.046,-0.046,10.642,0.018,-0.018,12.2289,0.000171,-0.000171,05.12.21,2022-02,05.12.21,1,0.624,624,0.624086,
Kepler-908 b,Kepler-908,1,3,1,Transit,,,2016,0.602,0.077,-0.065,0.679,Kepler,Published Confirmed,0,<a refstr=MORTON_ET_AL__2016 href=https://ui.adsabs.harvard.edu/abs/2016ApJ...822...86M/abstract target=ref>Morton et al. 2016</a>,1.340597468,1.95E-06,-1.95E-06,0,,,,,1.22,0.1,-0.08,8.196721311,,0.10884111,0.0089214,-0.00713712,0,,,,,,,,,,,,,,,,,,,,,,0,<a refstr=MORTON_ET_AL__2016 href=https://ui.adsabs.harvard.edu/abs/2016ApJ...822...86M/abstract target=ref>Morton et al. 2016</a>,,5973,89.43,-95.84,0,1.12,0.079,-0.067,0,1.11,0.04,-0.039,0,0.15,0.056,-0.063,0,[Fe/H],4.38,0.045,-0.058,0,<a refstr=STASSUN_ET_AL__2019 href=https://ui.adsabs.harvard.edu/abs/2019AJ....158..138S/abstract target=ref>TICv8</a>,19h41m17.41s,295.3225434,+39d22m35.26s,39.3764624,290.843,1.92,-1.896,11.607,0.017,-0.017,9.993,0.018,-0.018,11.465,0.000393,-0.000393,06.05.16,2016-05,10.05.16,1,0.602,602,1.22,
Kepler-1451 b,Kepler-1451,1,1,1,Transit,,,2016,0.597,0.079,-0.065,0.676,Kepler,Published Confirmed,0,<a refstr=MORTON_ET_AL__2016 href=https://ui.adsabs.harvard.edu/abs/2016ApJ...822...86M/abstract target=ref>Morton et al. 2016</a>,35.622233,0.0002098,-0.0002098,0,,,,,3.35,0.62,-0.66,18.50746269,,0.29886698,0.0553127,-0.05888126,0,,,,,,,,,,,,,,,,,,,,,,0,<a refstr=MORTON_ET_AL__2016 href=https://ui.adsabs.harvard.edu/abs/2016ApJ...822...86M/abstract target=ref>Morton et al. 2016</a>,,5782,133.65,-186.17,0,0.99,0.176,-0.095,0,1,0.065,-0.066,0,0.01,0.135,-0.164,0,[Fe/H],4.45,0.071,-0.136,0,<a refstr=STASSUN_ET_AL__2019 href=https://ui.adsabs.harvard.edu/abs/2019AJ....158..138S/abstract target=ref>TICv8</a>,19h33m47.14s,293.4464227,+40d24m35.57s,40.4098813,1058.72,30.47,-28.83,15.313,0.115,-0.115,13.66,0.049,-0.049,15.2999,0.000556,-0.000556,06.05.16,2016-05,10.05.16,1,0.597,597,3.35,
Kepler-1698 b,Kepler-1698,1,1,1,Transit,,,2020,0.518,0.151,-0.123,0.669,Kepler,Published Confirmed,0,<a refstr=ARMSTRONG_ET_AL__2021 href=https://ui.adsabs.harvard.edu/abs/2021MNRAS.504.5327A/abstract target=ref>Armstrong et al. 2021</a>,1.2107,,,0,,,,,1.07315686,,,0,,0.09574064,,,0,,,,,,,,,,,,,,,,,,,,,,0,<a refstr=STASSUN_ET_AL__2019 href=https://ui.adsabs.harvard.edu/abs/2019AJ....158..138S/abstract target=ref>TICv8</a>,,4975.03,129.64,-121.74,0,0.741698,0.051109,-0.046554,0,0.822,0.114858,-0.077645,0,0.08,0.057,-0.057,0,[M/H],4.61249,0.07485,-0.102957,0,<a refstr=STASSUN_ET_AL__2019 href=https://ui.adsabs.harvard.edu/abs/2019AJ....158..138S/abstract target=ref>TICv8</a>,19h33m22.80s,293.3450181,+39d15m27.89s,39.2577469,222.345,1.199,-1.187,13.054,0.092,-0.092,10.915,0.018,-0.018,12.8761,0.000589,-0.000589,08.09.20,2021-07,03.09.20,1,0.518,518,1.07315686,
Kepler-318 b,Kepler-318,1,1,2,Transit,,,2014,0.562,0.106,-0.072,0.668,Kepler,Published Confirmed,0,<a refstr=ROWE_ET_AL__2014 href=https://ui.adsabs.harvard.edu/abs/2014ApJ...784...45R/abstract target=ref> Rowe et al. 2014</a>,4.662715,3.00E-06,-3.00E-06,0,0.056,,,0,4.71,0.83,-0.83,17.62208068,,0.42,0.074,-0.074,0,,,,,,,,,,,,,,,,,,,,,,0,<a refstr=ROWE_ET_AL__2014 href=https://ui.adsabs.harvard.edu/abs/2014ApJ...784...45R/abstract target=ref> Rowe et al. 2014</a>,,5746,100,-100,0,1.189,0.21,-0.21,0,,,,,,,,,,4.325,0.15,-0.15,0,<a refstr=STASSUN_ET_AL__2019 href=https://ui.adsabs.harvard.edu/abs/2019AJ....158..138S/abstract target=ref>TICv8</a>,19h53m55.88s,298.4828337,+46d47m37.09s,46.7936357,489.141,3.239,-3.198,13.442,0.114,-0.114,11.766,0.018,-0.018,13.281,0.000352,-0.000352,14.05.14,2014-03,14.05.14,1,0.562,562,4.71,
Kepler-318 c,Kepler-318,1,1,2,Transit,,,2014,0.562,0.106,-0.072,0.668,Kepler,Published Confirmed,0,<a refstr=ROWE_ET_AL__2014 href=https://ui.adsabs.harvard.edu/abs/2014ApJ...784...45R/abstract target=ref> Rowe et al. 2014</a>,11.815007,2.00E-05,-2.00E-05,0,0.105,,,0,3.68,0.65,-0.65,17.66304348,,0.328,0.058,-0.058,0,,,,,,,,,,,,,,,,,,,,,,0,<a refstr=ROWE_ET_AL__2014 href=https://ui.adsabs.harvard.edu/abs/2014ApJ...784...45R/abstract target=ref> Rowe et al. 2014</a>,,5746,100,-100,0,1.189,0.21,-0.21,0,,,,,,,,,,4.325,0.15,-0.15,0,<a refstr=STASSUN_ET_AL__2019 href=https://ui.adsabs.harvard.edu/abs/2019AJ....158..138S/abstract target=ref>TICv8</a>,19h53m55.88s,298.4828337,+46d47m37.09s,46.7936357,489.141,3.239,-3.198,13.442,0.114,-0.114,11.766,0.018,-0.018,13.281,0.000352,-0.000352,14.05.14,2014-03,14.05.14,1,0.562,562,3.68,
Kepler-1576 b,Kepler-1576,1,1,1,Transit,,,2016,0.559,0.103,-0.071,0.662,Kepler,Published Confirmed,0,<a refstr=MORTON_ET_AL__2016 href=https://ui.adsabs.harvard.edu/abs/2016ApJ...822...86M/abstract target=ref>Morton et al. 2016</a>,6.98471973,5.94E-05,-5.94E-05,0,,,,,1.04,0.29,-0.13,27.88461538,,0.09278259,0.02587207,-0.01159782,0,,,,,,,,,,,,,,,,,,,,,,0,<a refstr=MORTON_ET_AL__2016 href=https://ui.adsabs.harvard.edu/abs/2016ApJ...822...86M/abstract target=ref>Morton et al. 2016</a>,,5876,104.99,-147.58,0,1.06,0.284,-0.114,0,1.05,0.074,-0.067,0,0.05,0.147,-0.161,0,[Fe/H],4.4,0.082,-0.185,0,<a refstr=STASSUN_ET_AL__2019 href=https://ui.adsabs.harvard.edu/abs/2019AJ....158..138S/abstract target=ref>TICv8</a>,19h16m17.75s,289.0739641,+40d21m57.69s,40.3660239,460.91,2.749,-2.716,13.439,0.126,-0.126,11.8,0.022,-0.022,13.3354,0.000377,-0.000377,06.05.16,2016-05,10.05.16,1,0.559,559,1.04,
Kepler-1512 b,Kepler-1512,1,1,1,Transit,,,2016,0.505,0.135,-0.115,0.64,Kepler,Published Confirmed,0,<a refstr=MORTON_ET_AL__2016 href=https://ui.adsabs.harvard.edu/abs/2016ApJ...822...86M/abstract target=ref>Morton et al. 2016</a>,20.35972599,5.87E-05,-5.87E-05,0,,,,,1.18,0.07,-0.11,5.93220339,,0.10527255,0.00624498,-0.00981354,0,,,,,,,,,,,,,,,,,,,,,,0,<a refstr=MORTON_ET_AL__2016 href=https://ui.adsabs.harvard.edu/abs/2016ApJ...822...86M/abstract target=ref>Morton et al. 2016</a>,,4372,59.14,-63.7,0,0.67,0.017,-0.058,0,0.73,0.022,-0.095,0,0.2,0.106,-0.39,0,[Fe/H],4.64,0.018,-0.009,0,<a refstr=STASSUN_ET_AL__2019 href=https://ui.adsabs.harvard.edu/abs/2019AJ....158..138S/abstract target=ref>TICv8</a>,19h17m05.88s,289.2744976,+44d28m13.46s,44.4704056,,,,13.451,0.08,-0.08,10.623,0.014,-0.014,13.2634,0.004716,-0.004716,06.05.16,2016-05,10.05.16,1,0.505,505,1.18,
Kepler-1469 b,Kepler-1469,1,1,1,Transit,,,2016,0.562,0.075,-0.082,0.637,Kepler,Published Confirmed,0,<a refstr=MORTON_ET_AL__2016 href=https://ui.adsabs.harvard.edu/abs/2016ApJ...822...86M/abstract target=ref>Morton et al. 2016</a>,21.8635301,0.0001219,-0.0001219,0,,,,,2.8,0.37,-0.26,13.21428571,,0.24979927,0.03300919,-0.02319565,0,,,,,,,,,,,,,,,,,,,,,,0,<a refstr=MORTON_ET_AL__2016 href=https://ui.adsabs.harvard.edu/abs/2016ApJ...822...86M/abstract target=ref>Morton et al. 2016</a>,,5507,128.4,-170.81,0,0.89,0.116,-0.064,0,0.92,0.052,-0.053,0,0.02,0.14,-0.171,0,[Fe/H],4.51,0.047,-0.112,0,<a refstr=STASSUN_ET_AL__2019 href=https://ui.adsabs.harvard.edu/abs/2019AJ....158..138S/abstract target=ref>TICv8</a>,19h35m17.12s,293.8213286,+39d23m28.82s,39.3913385,1159.3,49.72,-45.85,16.2388,0.0459,-0.0459,14.119,0.068,-0.068,15.9891,0.000885,-0.000885,06.05.16,2016-05,10.05.16,1,0.562,562,2.8,
Kepler-1320 b,Kepler-1320,1,1,1,Transit,,,2016,0.43,0.173,-0.113,0.603,Kepler,Published Confirmed,0,<a refstr=MORTON_ET_AL__2016 href=https://ui.adsabs.harvard.edu/abs/2016ApJ...822...86M/abstract target=ref>Morton et al. 2016</a>,0.868386528,1.16E-06,-1.16E-06,0,,,,,1.7,0.07,-0.11,4.117647059,,0.15166384,0.00624498,-0.00981354,0,,,,,,,,,,,,,,,,,,,,,,0,<a refstr=MORTON_ET_AL__2016 href=https://ui.adsabs.harvard.edu/abs/2016ApJ...822...86M/abstract target=ref>Morton et al. 2016</a>,,4817,51.95,-67.43,0,0.74,0.028,-0.025,0,0.8,0.03,-0.036,0,0.1,0.154,-0.167,0,[Fe/H],4.6,0.015,-0.037,0,<a refstr=STASSUN_ET_AL__2019 href=https://ui.adsabs.harvard.edu/abs/2019AJ....158..138S/abstract target=ref>TICv8</a>,19h13m44.06s,288.4335977,+40d22m51.07s,40.3808519,647.424,15.268,-14.592,15.936,0.103,-0.103,13.658,0.049,-0.049,15.9045,0.000776,-0.000776,06.05.16,2016-05,10.05.16,1,0.43,430,1.7,
Kepler-159 b,Kepler-159,1,1,2,Transit,,,2014,0.415,0.16,-0.11,0.575,Kepler,Published Confirmed,0,<a refstr=ROWE_ET_AL__2014 href=https://ui.adsabs.harvard.edu/abs/2014ApJ...784...45R/abstract target=ref> Rowe et al. 2014</a>,10.139623,2.20E-05,-2.20E-05,0,0.082,,,0,2.38,0.18,-0.18,7.56302521,,0.212,0.016,-0.016,0,,,,,,,,,,,,,,,,,,,,,,1,<a refstr=ROWE_ET_AL__2014 href=https://ui.adsabs.harvard.edu/abs/2014ApJ...784...45R/abstract target=ref> Rowe et al. 2014</a>,,4625,100,-100,0,0.663,0.034,-0.034,0,,,,,,,,,,4.653,0.15,-0.15,0,<a refstr=STASSUN_ET_AL__2019 href=https://ui.adsabs.harvard.edu/abs/2019AJ....158..138S/abstract target=ref>TICv8</a>,19h48m16.85s,297.0702037,+40d52m07.44s,40.868734,373.744,3.15,-3.099,15.386,0.046,-0.046,12.357,0.02,-0.02,14.8882,0.000382,-0.000382,14.05.14,2014-03,14.05.14,1,0.415,415,2.38,
Kepler-159 c,Kepler-159,1,1,2,Transit,,,2014,0.415,0.16,-0.11,0.575,Kepler,Published Confirmed,0,<a refstr=ROWE_ET_AL__2014 href=https://ui.adsabs.harvard.edu/abs/2014ApJ...784...45R/abstract target=ref> Rowe et al. 2014</a>,43.595792,0.000125,-0.000125,0,0.218,,,0,3.41,0.28,-0.28,8.211143695,,0.304,0.025,-0.025,0,,,,,,,,,,,,,,,,,,,,,,1,<a refstr=ROWE_ET_AL__2014 href=https://ui.adsabs.harvard.edu/abs/2014ApJ...784...45R/abstract target=ref> Rowe et al. 2014</a>,,4625,100,-100,0,0.663,0.034,-0.034,0,,,,,,,,,,4.653,0.15,-0.15,0,<a refstr=STASSUN_ET_AL__2019 href=https://ui.adsabs.harvard.edu/abs/2019AJ....158..138S/abstract target=ref>TICv8</a>,19h48m16.85s,297.0702037,+40d52m07.44s,40.868734,373.744,3.15,-3.099,15.386,0.046,-0.046,12.357,0.02,-0.02,14.8882,0.000382,-0.000382,14.05.14,2014-03,14.05.14,1,0.415,415,3.41,
Kepler-52 b,Kepler-52,1,1,3,Transit,,,2012,0.36,0.208,-0.097,0.568,Kepler,Published Confirmed,0,<a refstr=STEFFEN_ET_AL__2013 href=https://ui.adsabs.harvard.edu/abs/2013MNRAS.428.1077S/abstract target=ref> Steffen et al. 2013 </a>,7.8773565,3.80E-05,-3.80E-05,0,,,,,2.1,,,0,0,0.187,,,0,135,,,0,0.4247575,,,1,Mass,,,,,,,,,,,,,1,<a refstr=STEFFEN_ET_AL__2013 href=https://ui.adsabs.harvard.edu/abs/2013MNRAS.428.1077S/abstract target=ref> Steffen et al. 2013 </a>,,4075,,,0,0.52,,,0,0.54,,,0,,,,,,4.74,,,0,<a refstr=STASSUN_ET_AL__2019 href=https://ui.adsabs.harvard.edu/abs/2019AJ....158..138S/abstract target=ref>TICv8</a>,19h06m57.12s,286.7380152,+49d58m32.66s,49.9757383,321.542,2.42,-2.383,15.513,0.217,-0.217,12.36,0.027,-0.027,15.0589,0.00068,-0.00068,22.09.21,2013-01,22.09.21,1,0.36,360,2.1,135
Kepler-52 c,Kepler-52,1,1,3,Transit,,,2012,0.36,0.208,-0.097,0.568,Kepler,Published Confirmed,0,<a refstr=STEFFEN_ET_AL__2013 href=https://ui.adsabs.harvard.edu/abs/2013MNRAS.428.1077S/abstract target=ref> Steffen et al. 2013 </a>,16.3850021,0.00014,-0.00014,0,,,,,1.84,,,0,0,0.164,,,0,45.4,,,0,0.14284437,,,1,Mass,,,,,,,,,,,,,1,<a refstr=STEFFEN_ET_AL__2013 href=https://ui.adsabs.harvard.edu/abs/2013MNRAS.428.1077S/abstract target=ref> Steffen et al. 2013 </a>,,4075,,,0,0.52,,,0,0.54,,,0,,,,,,4.74,,,0,<a refstr=STASSUN_ET_AL__2019 href=https://ui.adsabs.harvard.edu/abs/2019AJ....158..138S/abstract target=ref>TICv8</a>,19h06m57.12s,286.7380152,+49d58m32.66s,49.9757383,321.542,2.42,-2.383,15.513,0.217,-0.217,12.36,0.027,-0.027,15.0589,0.00068,-0.00068,22.09.21,2013-01,22.09.21,1,0.36,360,1.84,45.4
Kepler-52 d,Kepler-52,1,1,3,Transit,,,2014,0.36,0.208,-0.097,0.568,Kepler,Published Confirmed,0,<a refstr=ROWE_ET_AL__2014 href=https://ui.adsabs.harvard.edu/abs/2014ApJ...784...45R/abstract target=ref> Rowe et al. 2014</a>,36.445171,0.000253,-0.000253,0,0.182,,,0,1.95,0.21,-0.21,10.76923077,,0.174,0.019,-0.019,0,,,,,,,,,,,,,,,,,,,,,,1,<a refstr=ROWE_ET_AL__2014 href=https://ui.adsabs.harvard.edu/abs/2014ApJ...784...45R/abstract target=ref> Rowe et al. 2014</a>,,4263,100,-100,0,0.556,0.021,-0.021,0,,,,,,,,,,4.729,0.15,-0.15,0,<a refstr=STASSUN_ET_AL__2019 href=https://ui.adsabs.harvard.edu/abs/2019AJ....158..138S/abstract target=ref>TICv8</a>,19h06m57.12s,286.7380152,+49d58m32.66s,49.9757383,321.542,2.42,-2.383,15.513,0.217,-0.217,12.36,0.027,-0.027,15.0589,0.00068,-0.00068,14.05.14,2014-03,14.05.14,1,0.36,360,1.95,
Kepler-1482 b,Kepler-1482,1,1,1,Transit,,,2016,0.491,0.076,-0.091,0.567,Kepler,Published Confirmed,0,<a refstr=MORTON_ET_AL__2016 href=https://ui.adsabs.harvard.edu/abs/2016ApJ...822...86M/abstract target=ref>Morton et al. 2016</a>,12.25383217,8.41E-05,-8.41E-05,0,,,,,1.01,0.1,-0.11,9.900990099,,0.09010616,0.0089214,-0.00981354,0,,,,,,,,,,,,,,,,,,,,,,0,<a refstr=MORTON_ET_AL__2016 href=https://ui.adsabs.harvard.edu/abs/2016ApJ...822...86M/abstract target=ref>Morton et al. 2016</a>,,5381,59.2,-59.31,0,0.84,0.078,-0.052,0,0.88,0.041,-0.047,0,-0.04,0.155,-0.157,0,[Fe/H],4.54,0.038,-0.093,0,<a refstr=STASSUN_ET_AL__2019 href=https://ui.adsabs.harvard.edu/abs/2019AJ....158..138S/abstract target=ref>TICv8</a>,19h01m15.32s,285.3138209,+48d43m30.97s,48.72527,567.556,11.2435,-11.2435,13.967,0.114,-0.114,11.996,0.028,-0.028,13.7295,0.000293,-0.000293,06.05.16,2016-05,10.05.16,1,0.491,491,1.01,
Kepler-1481 b,Kepler-1481,1,1,1,Transit,,,2016,0.407,0.126,-0.118,0.533,Kepler,Published Confirmed,0,<a refstr=MORTON_ET_AL__2016 href=https://ui.adsabs.harvard.edu/abs/2016ApJ...822...86M/abstract target=ref>Morton et al. 2016</a>,5.94220998,2.34E-05,-2.34E-05,0,,,,,1.23,0.08,-0.06,6.504065041,,0.10973325,0.00713712,-0.00535284,0,,,,,,,,,,,,,,,,,,,,,,0,<a refstr=MORTON_ET_AL__2016 href=https://ui.adsabs.harvard.edu/abs/2016ApJ...822...86M/abstract target=ref>Morton et al. 2016</a>,,4908,52.54,-65.82,0,0.75,0.029,-0.031,0,0.8,0.032,-0.036,0,0.04,0.152,-0.161,0,[Fe/H],4.6,0.019,-0.04,0,<a refstr=STASSUN_ET_AL__2019 href=https://ui.adsabs.harvard.edu/abs/2019AJ....158..138S/abstract target=ref>TICv8</a>,19h17m45.36s,289.4390075,+49d43m52.40s,49.7312226,459.076,4.5855,-4.5855,14.929,0.035,-0.035,12.603,0.025,-0.025,14.7429,0.000831,-0.000831,06.05.16,2016-05,10.05.16,1,0.407,407,1.23,
Kepler-523 b,Kepler-523,1,1,1,Transit,,,2016,0.444,0.087,-0.114,0.531,Kepler,Published Confirmed,0,<a refstr=MORTON_ET_AL__2016 href=https://ui.adsabs.harvard.edu/abs/2016ApJ...822...86M/abstract target=ref>Morton et al. 2016</a>,5.835983111,4.66E-06,-4.66E-06,0,,,,,1.96,0.08,-0.06,4.081632653,,0.17485949,0.00713712,-0.00535284,0,,,,,,,,,,,,,,,,,,,,,,0,<a refstr=MORTON_ET_AL__2016 href=https://ui.adsabs.harvard.edu/abs/2016ApJ...822...86M/abstract target=ref>Morton et al. 2016</a>,,5515,51.74,-48.73,0,0.86,0.024,-0.026,0,0.93,0.028,-0.034,0,-0.03,0.095,-0.109,0,[Fe/H],4.54,0.015,-0.023,0,<a refstr=STASSUN_ET_AL__2019 href=https://ui.adsabs.harvard.edu/abs/2019AJ....158..138S/abstract target=ref>TICv8</a>,18h56m14.67s,284.0611224,+45d30m24.53s,45.5068127,253.295,1.633,-1.613,12.588,0.08,-0.08,10.827,0.017,-0.017,12.481,0.000514,-0.000514,06.05.16,2016-05,10.05.16,1,0.444,444,1.96,
Kepler-1561 b,Kepler-1561,1,1,1,Transit,,,2016,0.426,0.074,-0.078,0.5,Kepler,Published Confirmed,0,<a refstr=MORTON_ET_AL__2016 href=https://ui.adsabs.harvard.edu/abs/2016ApJ...822...86M/abstract target=ref>Morton et al. 2016</a>,1.005207007,5.10E-06,-5.10E-06,0,,,,,1.09,0.26,-0.18,23.85321101,,0.09724329,0.02319565,-0.01605852,0,,,,,,,,,,,,,,,,,,,,,,0,<a refstr=MORTON_ET_AL__2016 href=https://ui.adsabs.harvard.edu/abs/2016ApJ...822...86M/abstract target=ref>Morton et al. 2016</a>,,5957,196.63,-233.87,0,1.11,0.268,-0.148,0,1.07,0.115,-0.086,0,0.04,0.145,-0.16,0,[Fe/H],4.38,0.095,-0.167,0,<a refstr=STASSUN_ET_AL__2019 href=https://ui.adsabs.harvard.edu/abs/2019AJ....158..138S/abstract target=ref>TICv8</a>,19h47m41.66s,296.9235822,+43d33m59.27s,43.5664628,839.076,18.935,-18.131,14.734,0.08,-0.08,13.053,0.029,-0.029,14.648,0.000563,-0.000563,06.05.16,2016-05,10.05.16,1,0.426,426,1.09,
Kepler-955 b,Kepler-955,1,1,1,Transit,,,2016,0.397,0.099,-0.131,0.496,Kepler,Published Confirmed,0,<a refstr=MORTON_ET_AL__2016 href=https://ui.adsabs.harvard.edu/abs/2016ApJ...822...86M/abstract target=ref>Morton et al. 2016</a>,14.53244172,1.66E-05,-1.66E-05,0,,,,,3.13,0.27,-0.17,8.626198083,,0.2792399,0.02408779,-0.01516638,0,,,,,,,,,,,,,,,,,,,,,,0,<a refstr=MORTON_ET_AL__2016 href=https://ui.adsabs.harvard.edu/abs/2016ApJ...822...86M/abstract target=ref>Morton et al. 2016</a>,,5350,73.41,-89.94,0,0.84,0.068,-0.044,0,0.89,0.038,-0.043,0,0.02,0.149,-0.163,0,[Fe/H],4.54,0.036,-0.077,0,<a refstr=STASSUN_ET_AL__2019 href=https://ui.adsabs.harvard.edu/abs/2019AJ....158..138S/abstract target=ref>TICv8</a>,19h13m53.16s,288.4714969,+40d16m11.34s,40.2698157,550.383,6.795,-6.635,14.734,0.103,-0.103,12.807,0.027,-0.027,14.6273,0.000606,-0.000606,06.05.16,2016-05,10.05.16,1,0.397,397,3.13,
Kepler-447 b,Kepler-447,1,1,1,Transit,,,2015,0.42,0.064,-0.078,0.484,Kepler,Published Confirmed,0,<a refstr=LILLO_BOX_ET_AL__2015 href=https://ui.adsabs.harvard.edu/abs/2015A&A...577A.105L/abstract target=ref>Lillo-Box et al. 2015</a>,7.79430132,1.82E-06,-1.82E-06,0,0.0769,0.0062,-0.0079,0,18.49,6.61,-6.28,35.74905354,35.03594313,1.65,0.59,-0.56,0,435.41,152.55,-146.2,35.03594313,1.37,0.48,-0.46,0,Mass,0.123,0.037,-0.036,0,,,,,,,,,0,<a refstr=LILLO_BOX_ET_AL__2015 href=https://ui.adsabs.harvard.edu/abs/2015A&A...577A.105L/abstract target=ref>Lillo-Box et al. 2015</a>,G8 V,5493,62,-62,0,1.05,0.19,-0.19,0,1,0.21,-0.21,0,0.07,0.05,-0.05,0,[Fe/H],4.4,0.1,-0.1,0,<a refstr=STASSUN_ET_AL__2019 href=https://ui.adsabs.harvard.edu/abs/2019AJ....158..138S/abstract target=ref>TICv8</a>,19h01m04.45s,285.2685283,+48d33m35.58s,48.5598835,268.041,1.848,-1.823,12.52,0.069,-0.069,10.806,0.018,-0.018,12.3795,0.000524,-0.000524,19.02.15,2015-05,19.02.15,1,0.42,420,18.49,435.41
Kepler-1532 b,Kepler-1532,1,1,1,Transit,,,2016,0.397,0.071,-0.102,0.468,Kepler,Published Confirmed,0,<a refstr=MORTON_ET_AL__2016 href=https://ui.adsabs.harvard.edu/abs/2016ApJ...822...86M/abstract target=ref>Morton et al. 2016</a>,1.093663559,2.16E-06,-2.16E-06,0,,,,,1.35,0.18,-0.12,13.33333333,,0.12043893,0.01605852,-0.01070568,0,,,,,,,,,,,,,,,,,,,,,,0,<a refstr=MORTON_ET_AL__2016 href=https://ui.adsabs.harvard.edu/abs/2016ApJ...822...86M/abstract target=ref>Morton et al. 2016</a>,,5559,129.54,-75.54,0,0.88,0.113,-0.069,0,0.91,0.055,-0.056,0,-0.1,0.159,-0.175,0,[Fe/H],4.51,0.05,-0.113,0,<a refstr=STASSUN_ET_AL__2019 href=https://ui.adsabs.harvard.edu/abs/2019AJ....158..138S/abstract target=ref>TICv8</a>,19h47m36.67s,296.902784,+41d11m53.31s,41.1981424,798.246,14.908,-14.38,15.293,0.206,-0.206,13.23,0.033,-0.033,14.8028,0.000611,-0.000611,06.05.16,2016-05,10.05.16,1,0.397,397,1.35,
Kepler-1933 b,Kepler-1933,1,1,1,Transit,,,2021,0.366,0.074,-0.109,0.44,Kepler,Published Confirmed,0,<a refstr=VALIZADEGAN_ET_AL__2022 href=https://ui.adsabs.harvard.edu/abs/2022ApJ...926..120V/abstract target=ref>Valizadegan et al. 2022</a>,4.943290234,,,0,,,,,1.17984089,,,0,,0.10525854,,,0,,,,,,,,,,,,,,,,,,,,,,0,<a refstr=Q1_Q17_DR25_KOI_TABLE href=https://exoplanetarchive.ipac.caltech.edu/docs/Kepler_KOI_docs.html target=ref>Q1-Q17 DR25 KOI Table</a>,,5661,76,-84,0,1.008,0.141,-0.094,0,0.964,0.06,-0.054,0,0.1,0.15,-0.15,0,[Fe/H],4.415,0.076,-0.114,0,<a refstr=STASSUN_ET_AL__2019 href=https://ui.adsabs.harvard.edu/abs/2019AJ....158..138S/abstract target=ref>TICv8</a>,18h55m58.82s,283.995085,+39d55m01.24s,39.9170121,328.007,2.226,-2.197,12.81,0.046,-0.046,11.106,0.02,-0.02,12.6781,0.000375,-0.000375,05.12.21,2022-02,05.12.21,1,0.366,366,1.17984089,
Kepler-968 b,Kepler-968,1,1,3,Transit,,,2016,0.328,0.108,-0.087,0.436,Kepler,Published Confirmed,0,<a refstr=MORTON_ET_AL__2016 href=https://ui.adsabs.harvard.edu/abs/2016ApJ...822...86M/abstract target=ref>Morton et al. 2016</a>,3.692983728,3.61E-06,-3.61E-06,0,,,,,2,0.08,-0.08,4,,0.17842805,0.00713712,-0.00713712,0,,,,,,,,,,,,,,,,,,,,,,0,<a refstr=MORTON_ET_AL__2016 href=https://ui.adsabs.harvard.edu/abs/2016ApJ...822...86M/abstract target=ref>Morton et al. 2016</a>,,4598,37.07,-38.88,0,0.7,0.021,-0.027,0,0.76,0.026,-0.04,0,0.13,0.133,-0.211,0,[Fe/H],4.63,0.012,-0.019,0,<a refstr=STASSUN_ET_AL__2019 href=https://ui.adsabs.harvard.edu/abs/2019AJ....158..138S/abstract target=ref>TICv8</a>,19h02m24.62s,285.6025889,+50d06m43.34s,50.1120401,290.324,1.448,-1.435,14.626,0.126,-0.126,11.831,0.025,-0.025,14.2499,0.000392,-0.000392,06.05.16,2016-05,10.05.16,1,0.328,328,2,
Kepler-968 c,Kepler-968,1,1,3,Transit,,,2016,0.328,0.108,-0.087,0.436,Kepler,Published Confirmed,0,<a refstr=MORTON_ET_AL__2016 href=https://ui.adsabs.harvard.edu/abs/2016ApJ...822...86M/abstract target=ref>Morton et al. 2016</a>,5.709404918,9.54E-06,-9.54E-06,0,,,,,1.69,0.08,-0.07,4.733727811,,0.1507717,0.00713712,-0.00624498,0,,,,,,,,,,,,,,,,,,,,,,0,<a refstr=MORTON_ET_AL__2016 href=https://ui.adsabs.harvard.edu/abs/2016ApJ...822...86M/abstract target=ref>Morton et al. 2016</a>,,4598,37.07,-38.88,0,0.7,0.021,-0.027,0,0.76,0.026,-0.04,0,0.13,0.133,-0.211,0,[Fe/H],4.63,0.012,-0.019,0,<a refstr=STASSUN_ET_AL__2019 href=https://ui.adsabs.harvard.edu/abs/2019AJ....158..138S/abstract target=ref>TICv8</a>,19h02m24.62s,285.6025889,+50d06m43.34s,50.1120401,290.324,1.448,-1.435,14.626,0.126,-0.126,11.831,0.025,-0.025,14.2499,0.000392,-0.000392,06.05.16,2016-05,10.05.16,1,0.328,328,1.69,
Kepler-1312 b,Kepler-1312,1,1,2,Transit,,,2016,0.357,0.075,-0.109,0.432,Kepler,Published Confirmed,0,<a refstr=MORTON_ET_AL__2016 href=https://ui.adsabs.harvard.edu/abs/2016ApJ...822...86M/abstract target=ref>Morton et al. 2016</a>,5.448325286,7.35E-06,-7.35E-06,0,,,,,2.1,0.08,-0.07,3.80952381,,0.18734945,0.00713712,-0.00624498,0,,,,,,,,,,,,,,,,,,,,,,0,<a refstr=MORTON_ET_AL__2016 href=https://ui.adsabs.harvard.edu/abs/2016ApJ...822...86M/abstract target=ref>Morton et al. 2016</a>,,5719,71.88,-58.57,0,0.92,0.025,-0.028,0,0.99,0.028,-0.033,0,-0.02,0.094,-0.096,0,[Fe/H],4.51,0.017,-0.018,0,<a refstr=STASSUN_ET_AL__2019 href=https://ui.adsabs.harvard.edu/abs/2019AJ....158..138S/abstract target=ref>TICv8</a>,19h31m53.11s,292.9712801,+41d02m08.70s,41.0357494,299.104,2.305,-2.27,12.491,0.08,-0.08,10.907,0.019,-0.019,12.3778,0.000467,-0.000467,06.05.16,2016-05,10.05.16,1,0.357,357,2.1,
Kepler-1312 c,Kepler-1312,1,1,2,Transit,,,2021,0.357,0.075,-0.109,0.432,Kepler,Published Confirmed,0,<a refstr=VALIZADEGAN_ET_AL__2022 href=https://ui.adsabs.harvard.edu/abs/2022ApJ...926..120V/abstract target=ref>Valizadegan et al. 2022</a>,1.116119981,,,0,,,,,1.02732734,,,0,,0.09165216,,,0,,,,,,,,,,,,,,,,,,,,,,0,<a refstr=Q1_Q17_DR25_KOI_TABLE href=https://exoplanetarchive.ipac.caltech.edu/docs/Kepler_KOI_docs.html target=ref>Q1-Q17 DR25 KOI Table</a>,,5721,103,-126,0,0.905,0.127,-0.045,0,0.983,0.056,-0.07,0,0.02,0.15,-0.15,0,[Fe/H],4.517,0.028,-0.112,0,<a refstr=STASSUN_ET_AL__2019 href=https://ui.adsabs.harvard.edu/abs/2019AJ....158..138S/abstract target=ref>TICv8</a>,19h31m53.11s,292.9712801,+41d02m08.70s,41.0357494,299.104,2.305,-2.27,12.491,0.08,-0.08,10.907,0.019,-0.019,12.3778,0.000467,-0.000467,05.12.21,2022-02,05.12.21,1,0.357,357,1.02732734,
Kepler-971 b,Kepler-971,1,1,1,Transit,,,2016,0.306,0.095,-0.115,0.401,Kepler,Published Confirmed,0,<a refstr=MORTON_ET_AL__2016 href=https://ui.adsabs.harvard.edu/abs/2016ApJ...822...86M/abstract target=ref>Morton et al. 2016</a>,9.59070716,2.32E-05,-2.32E-05,0,,,,,2.13,0.22,-0.24,10.3286385,,0.19002587,0.01962709,-0.02141137,0,,,,,,,,,,,,,,,,,,,,,,0,<a refstr=MORTON_ET_AL__2016 href=https://ui.adsabs.harvard.edu/abs/2016ApJ...822...86M/abstract target=ref>Morton et al. 2016</a>,,5431,86,-112.52,0,0.85,0.086,-0.059,0,0.88,0.045,-0.057,0,-0.06,0.157,-0.177,0,[Fe/H],4.54,0.042,-0.098,0,<a refstr=STASSUN_ET_AL__2019 href=https://ui.adsabs.harvard.edu/abs/2019AJ....158..138S/abstract target=ref>TICv8</a>,18h56m22.70s,284.0945699,+41d10m58.13s,41.1828131,338.522,6.764,-6.509,13.483,0.08,-0.08,11.422,0.022,-0.022,13.2181,0.000731,-0.000731,06.05.16,2016-05,10.05.16,1,0.306,306,2.13,
Kepler-762 b,Kepler-762,1,1,1,Transit,,,2016,0.245,0.114,-0.1,0.359,Kepler,Published Confirmed,0,<a refstr=MORTON_ET_AL__2016 href=https://ui.adsabs.harvard.edu/abs/2016ApJ...822...86M/abstract target=ref>Morton et al. 2016</a>,3.770552098,9.42E-07,-9.42E-07,0,,,,,12.68,2.64,-1.26,20.82018927,,1.13123383,0.23552502,-0.11240967,0,,,,,,,,,,,,,,,,,,,,,,0,<a refstr=MORTON_ET_AL__2016 href=https://ui.adsabs.harvard.edu/abs/2016ApJ...822...86M/abstract target=ref>Morton et al. 2016</a>,,5944,98.94,-123.9,0,1.08,0.225,-0.107,0,1.06,0.071,-0.061,0,0.02,0.139,-0.162,0,[Fe/H],4.4,0.074,-0.15,0,<a refstr=STASSUN_ET_AL__2019 href=https://ui.adsabs.harvard.edu/abs/2019AJ....158..138S/abstract target=ref>TICv8</a>,19h25m06.16s,291.2756631,+47d19m46.24s,47.3295107,1898.26,118.01,-105.22,15.574,0.115,-0.115,13.969,0.046,-0.046,15.4266,0.000639,-0.000639,06.05.16,2016-05,10.05.16,1,0.245,245,12.68,
Kepler-1467 b,Kepler-1467,1,1,1,Transit,,,2016,0.23,0.112,-0.098,0.342,Kepler,Published Confirmed,0,<a refstr=MORTON_ET_AL__2016 href=https://ui.adsabs.harvard.edu/abs/2016ApJ...822...86M/abstract target=ref>Morton et al. 2016</a>,47.0569043,0.0001835,-0.0001835,0,,,,,3.3,0.31,-0.25,9.393939394,,0.29440628,0.02765635,-0.02230351,0,,,,,,,,,,,,,,,,,,,,,,0,<a refstr=MORTON_ET_AL__2016 href=https://ui.adsabs.harvard.edu/abs/2016ApJ...822...86M/abstract target=ref>Morton et al. 2016</a>,,5332,179.19,-173.73,0,0.82,0.072,-0.059,0,0.86,0.055,-0.057,0,-0.07,0.159,-0.187,0,[Fe/H],4.55,0.043,-0.075,0,<a refstr=STASSUN_ET_AL__2019 href=https://ui.adsabs.harvard.edu/abs/2019AJ....158..138S/abstract target=ref>TICv8</a>,19h40m11.65s,295.0485389,+45d20m33.64s,45.3426781,852.888,21.2515,-21.2515,15.83,0.229,-0.229,13.577,0.045,-0.045,15.5207,0.001106,-0.001106,06.05.16,2016-05,10.05.16,1,0.23,230,3.3,
Kepler-1565 b,Kepler-1565,1,1,1,Transit,,,2016,0.23,0.111,-0.085,0.341,Kepler,Published Confirmed,0,<a refstr=MORTON_ET_AL__2016 href=https://ui.adsabs.harvard.edu/abs/2016ApJ...822...86M/abstract target=ref>Morton et al. 2016</a>,1.538188437,6.86E-06,-6.86E-06,0,,,,,1.19,0.08,-0.12,6.722689076,,0.10616469,0.00713712,-0.01070568,0,,,,,,,,,,,,,,,,,,,,,,0,<a refstr=MORTON_ET_AL__2016 href=https://ui.adsabs.harvard.edu/abs/2016ApJ...822...86M/abstract target=ref>Morton et al. 2016</a>,,4940,81.88,-52.6,0,0.73,0.037,-0.063,0,0.76,0.044,-0.058,0,-0.16,0.161,-0.235,0,[Fe/H],4.6,0.04,-0.041,0,<a refstr=STASSUN_ET_AL__2019 href=https://ui.adsabs.harvard.edu/abs/2019AJ....158..138S/abstract target=ref>TICv8</a>,19h51m48.72s,297.9529793,+40d48m24.44s,40.8067876,629.93,11.596,-11.192,15.381,0.195,-0.195,13.259,0.033,-0.033,15.4317,0.001653,-0.001653,06.05.16,2016-05,10.05.16,1,0.23,230,1.19,
Kepler-1313 b,Kepler-1313,1,1,1,Transit,,,2016,0.197,0.112,-0.091,0.309,Kepler,Published Confirmed,0,<a refstr=MORTON_ET_AL__2016 href=https://ui.adsabs.harvard.edu/abs/2016ApJ...822...86M/abstract target=ref>Morton et al. 2016</a>,3.833091178,0.000005345,-0.000005345,0,,,,,1.76,0.06,-0.08,3.409090909,#DIV/0!,0.15701668,0.00535284,-0.00713712,0,,,,#DIV/0!,,,,,,,,,,,,,,,,,,0,<a refstr=MORTON_ET_AL__2016 href=https://ui.adsabs.harvard.edu/abs/2016ApJ...822...86M/abstract target=ref>Morton et al. 2016</a>,,5453,82.15,-76.05,0,0.85,0.025,-0.025,0,0.92,0.031,-0.034,0,0,0.093,-0.1,0,[Fe/H],4.54,0.017,-0.022,0,<a refstr=STASSUN_ET_AL__2019 href=https://ui.adsabs.harvard.edu/abs/2019AJ....158..138S/abstract target=ref>TICv8</a>,19h29m33.26s,292.388582,+42d13m59.80s,42.2332767,174.234,0.717,-0.712,12.363,0.032,-0.032,10.088,0.016,-0.016,11.7892,0.000574,-0.000574,06.05.16,2016-05,10.05.16,1,0.197,197,1.76,
Kepler-1313 b,Kepler-1313,1,1,1,Transit,,,2016,0.197,0.112,-0.091,0.309,Kepler,Published Confirmed,0,<a refstr=MORTON_ET_AL__2016 href=https://ui.adsabs.harvard.edu/abs/2016ApJ...822...86M/abstract target=ref>Morton et al. 2016</a>,3.833091178,5.35E-06,-5.35E-06,0,,,,,1.76,0.06,-0.08,3.409090909,,0.15701668,0.00535284,-0.00713712,0,,,,,,,,,,,,,,,,,,,,,,0,<a refstr=MORTON_ET_AL__2016 href=https://ui.adsabs.harvard.edu/abs/2016ApJ...822...86M/abstract target=ref>Morton et al. 2016</a>,,5453,82.15,-76.05,0,0.85,0.025,-0.025,0,0.92,0.031,-0.034,0,0,0.093,-0.1,0,[Fe/H],4.54,0.017,-0.022,0,<a refstr=STASSUN_ET_AL__2019 href=https://ui.adsabs.harvard.edu/abs/2019AJ....158..138S/abstract target=ref>TICv8</a>,19h29m33.26s,292.388582,+42d13m59.80s,42.2332767,174.234,0.717,-0.712,12.363,0.032,-0.032,10.088,0.016,-0.016,11.7892,0.000574,-0.000574,06.05.16,2016-05,10.05.16,1,0.197,197,1.76,
Kepler-1521 b,Kepler-1521,1,1,1,Transit,,,2016,0.207,0.098,-0.068,0.305,Kepler,Published Confirmed,0,<a refstr=MORTON_ET_AL__2016 href=https://ui.adsabs.harvard.edu/abs/2016ApJ...822...86M/abstract target=ref>Morton et al. 2016</a>,47.14840805,7.92E-05,-7.92E-05,0,,,,,2.5,0.09,-0.1,3.6,,0.22303506,0.00802926,-0.0089214,0,,,,,,,,,,,,,,,,,,,,,,0,<a refstr=MORTON_ET_AL__2016 href=https://ui.adsabs.harvard.edu/abs/2016ApJ...822...86M/abstract target=ref>Morton et al. 2016</a>,,5042,73.64,-58.14,0,0.76,0.022,-0.025,0,0.81,0.033,-0.036,0,-0.05,0.108,-0.107,0,[Fe/H],4.59,0.018,-0.026,0,<a refstr=STASSUN_ET_AL__2019 href=https://ui.adsabs.harvard.edu/abs/2019AJ....158..138S/abstract target=ref>TICv8</a>,19h30m45.69s,292.6903779,+37d50m06.20s,37.8350549,206.983,1.125,-1.113,13.049,0.092,-0.092,10.84,0.029,-0.029,12.8476,0.000565,-0.000565,06.05.16,2016-05,10.05.16,1,0.207,207,2.5,
Kepler-957 b,Kepler-957,1,1,1,Transit,,,2016,0.096,0.196,-0.066,0.292,Kepler,Published Confirmed,0,<a refstr=MORTON_ET_AL__2016 href=https://ui.adsabs.harvard.edu/abs/2016ApJ...822...86M/abstract target=ref>Morton et al. 2016</a>,5.907413537,0.000005067,-0.000005067,0,,,,,5.5,0.29,-0.32,5.272727273,#DIV/0!,0.49067713,0.02587207,-0.02854849,0,,,,#DIV/0!,,,,,,,,,,,,,,,,,,1,<a refstr=MORTON_ET_AL__2016 href=https://ui.adsabs.harvard.edu/abs/2016ApJ...822...86M/abstract target=ref>Morton et al. 2016</a>,,4963,47.52,-58.85,0,0.75,0.034,-0.04,0,0.81,0.034,-0.042,0,-0.01,0.184,-0.177,0,[Fe/H],4.6,0.022,-0.043,0,<a refstr=STASSUN_ET_AL__2019 href=https://ui.adsabs.harvard.edu/abs/2019AJ....158..138S/abstract target=ref>TICv8</a>,19h20m37.53s,290.1563633,+48d49m08.30s,48.818971,824.688,20.222,-20.222,15.833,0.115,-0.115,13.453,0.04,-0.04,15.6906,0.001586,-0.001586,06.05.16,2016-05,10.05.16,1,0.096,96,5.5,
Kepler-1930 b,Kepler-1930,1,1,1,Transit,,,2021,0.174,0.106,-0.065,0.28,Kepler,Published Confirmed,0,<a refstr=VALIZADEGAN_ET_AL__2022 href=https://ui.adsabs.harvard.edu/abs/2022ApJ...926..120V/abstract target=ref>Valizadegan et al. 2022</a>,13.02680016,,,0,,,,,1.52955541,,,0,#DIV/0!,0.13645803,,,0,,,,#DIV/0!,,,,,,,,,,,,,,,,,,0,<a refstr=Q1_Q17_DR25_KOI_TABLE href=https://exoplanetarchive.ipac.caltech.edu/docs/Kepler_KOI_docs.html target=ref>Q1-Q17 DR25 KOI Table</a>,,5083,152,-152,0,0.844,0.083,-0.074,0,0.844,0.058,-0.065,0,0.22,0.2,-0.3,0,[Fe/H],4.512,0.063,-0.07,0,<a refstr=STASSUN_ET_AL__2019 href=https://ui.adsabs.harvard.edu/abs/2019AJ....158..138S/abstract target=ref>TICv8</a>,19h50m18.51s,297.577145,+40d01m39.64s,40.0276768,275.694,1.166,-1.156,13.447,0.114,-0.114,11.289,0.018,-0.018,13.3746,0.001073,-0.001073,05.12.21,2022-02,05.12.21,1,0.174,174,1.52955541,
Kepler-1938 b,Kepler-1938,1,1,1,Transit,,,2021,0.152,0.112,-0.042,0.264,Kepler,Published Confirmed,0,<a refstr=VALIZADEGAN_ET_AL__2022 href=https://ui.adsabs.harvard.edu/abs/2022ApJ...926..120V/abstract target=ref>Valizadegan et al. 2022</a>,13.06260014,,,0,,,,,1.82828927,,,0,#DIV/0!,0.16310932,,,0,,,,#DIV/0!,,,,,,,,,,,,,,,,,,0,<a refstr=Q1_Q17_DR25_KOI_TABLE href=https://exoplanetarchive.ipac.caltech.edu/docs/Kepler_KOI_docs.html target=ref>Q1-Q17 DR25 KOI Table</a>,,4522,136,-136,0,0.655,0.052,-0.058,0,0.646,0.071,-0.051,0,-0.22,0.3,-0.3,0,[Fe/H],4.615,0.049,-0.025,0,<a refstr=STASSUN_ET_AL__2019 href=https://ui.adsabs.harvard.edu/abs/2019AJ....158..138S/abstract target=ref>TICv8</a>,19h57m24.45s,299.351892,+41d11m44.62s,41.1957285,421.152,4.639,-4.54,15.246,0.263,-0.263,12.494,0.024,-0.024,14.8554,0.0011,-0.0011,05.12.21,2022-02,05.12.21,1,0.152,152,1.82828927,
Kepler-1529 b,Kepler-1529,1,1,1,Transit,,,2016,0.109,0.117,-0.071,0.226,Kepler,Published Confirmed,0,<a refstr=MORTON_ET_AL__2016 href=https://ui.adsabs.harvard.edu/abs/2016ApJ...822...86M/abstract target=ref>Morton et al. 2016</a>,5.33905686,0.00001277,-0.00001277,0,,,,,2.1,0.15,-0.11,7.142857143,#DIV/0!,0.18734945,0.0133821,-0.00981354,0,,,,#DIV/0!,,,,,,,,,,,,,,,,,,0,<a refstr=MORTON_ET_AL__2016 href=https://ui.adsabs.harvard.edu/abs/2016ApJ...822...86M/abstract target=ref>Morton et al. 2016</a>,,5048,65.08,-97.92,0,0.77,0.034,-0.039,0,0.81,0.036,-0.042,0,-0.03,0.136,-0.15,0,[Fe/H],4.58,0.024,-0.049,0,<a refstr=STASSUN_ET_AL__2019 href=https://ui.adsabs.harvard.edu/abs/2019AJ....158..138S/abstract target=ref>TICv8</a>,19h19m28.98s,289.8707469,+41d02m26.69s,41.0407482,661.014,11.187,-10.827,15.297,0.217,-0.217,13.257,0.033,-0.033,15.3885,0.001466,-0.001466,06.05.16,2016-05,10.05.16,1,0.109,109,2.1,